timestamp,scenario_name,random_seed,mode,person_count,robot_x,robot_y,robot_yaw,goal_x,goal_y,distance_to_goal,cmd_linear,cmd_angular,min_distance_to_person,collision_count,dangerous_close_count,yolo_detection_count,yolo_miss_count,detector_fps,detector_latency_ms,fused_obstacle_count,high_risk_count,stop_count,replan_count,path_length,average_speed,navigation_time,success,failure_reason
1779721955.635,crossing_person,0,fusion_with_risk_avoidance,1,0.0000,0.0000,0.0000,8.00,0.00,8.0000,0.0000,0.0000,5.1712,0,0,0,0,0.0,0.0,0,0,0,0,0.0000,0.0000,0.19,0,
1779721955.735,crossing_person,0,fusion_with_risk_avoidance,1,0.0000,0.0000,0.0000,8.00,0.00,8.0000,0.0000,0.0000,5.1419,0,0,0,0,0.0,0.0,0,0,0,0,0.0000,0.0000,0.29,0,
1779721955.835,crossing_person,0,fusion_with_risk_avoidance,1,0.0000,0.0000,0.0000,8.00,0.00,8.0000,0.0000,0.0000,5.1153,0,0,0,0,0.0,0.0,0,0,0,0,0.0000,0.0000,0.39,0,
1779721955.935,crossing_person,0,fusion_with_risk_avoidance,1,0.0000,0.0000,0.0000,8.00,0.00,8.0000,0.0000,0.0000,5.0911,0,0,0,0,0.0,0.0,0,0,0,0,0.0000,0.0000,0.49,0,
1779721956.035,crossing_person,0,fusion_with_risk_avoidance,1,0.0000,0.0000,0.0000,8.00,0.00,8.0000,0.0000,0.0000,5.0696,0,0,0,0,0.0,0.0,0,0,0,0,0.0000,0.0000,0.59,0,
1779721956.135,crossing_person,0,fusion_with_risk_avoidance,1,0.0000,0.0000,0.0000,8.00,0.00,8.0000,0.0000,0.0000,5.0515,0,0,0,0,0.0,0.0,0,0,0,0,0.0000,0.0000,0.69,0,
1779721956.235,crossing_person,0,fusion_with_risk_avoidance,1,0.0000,0.0000,0.0000,8.00,0.00,8.0000,0.0000,0.0000,5.0358,0,0,0,0,0.0,0.0,0,0,0,0,0.0000,0.0000,0.79,0,
1779721956.335,crossing_person,0,fusion_with_risk_avoidance,1,0.0000,0.0000,0.0000,8.00,0.00,8.0000,0.0000,0.0000,5.0230,0,0,0,0,0.0,0.0,0,0,0,0,0.0000,0.0000,0.89,0,
1779721956.435,crossing_person,0,fusion_with_risk_avoidance,1,0.0000,0.0000,0.0000,8.00,0.00,8.0000,0.0000,0.0000,5.0129,0,0,0,0,0.0,0.0,0,0,0,0,0.0000,0.0000,0.99,0,
1779721956.535,crossing_person,0,fusion_with_risk_avoidance,1,0.0000,0.0000,0.0000,8.00,0.00,8.0000,0.0000,0.0000,5.0057,0,0,0,0,0.0,0.0,0,0,0,0,0.0000,0.0000,1.09,0,
1779721956.635,crossing_person,0,fusion_with_risk_avoidance,1,0.0000,0.0000,0.0000,8.00,0.00,8.0000,0.0000,0.0000,5.0014,0,0,0,0,0.0,0.0,0,0,0,0,0.0000,0.0000,1.19,0,
1779721956.735,crossing_person,0,fusion_with_risk_avoidance,1,0.0000,0.0000,0.0000,8.00,0.00,8.0000,0.0000,0.0000,5.0000,0,0,0,0,0.0,0.0,0,0,0,0,0.0000,0.0000,1.29,0,
1779721956.836,crossing_person,0,fusion_with_risk_avoidance,1,0.0000,0.0000,0.0000,8.00,0.00,8.0000,0.0000,0.0000,5.0014,0,0,0,0,0.0,0.0,0,0,0,0,0.0000,0.0000,1.39,0,
1779721956.935,crossing_person,0,fusion_with_risk_avoidance,1,0.0000,0.0000,0.0000,8.00,0.00,8.0000,0.0000,0.0000,5.0058,0,0,0,0,0.0,0.0,0,0,0,0,0.0000,0.0000,1.49,0,
1779721957.035,crossing_person,0,fusion_with_risk_avoidance,1,0.0000,0.0000,0.0000,8.00,0.00,8.0000,0.0000,0.0000,5.0130,0,0,0,0,0.0,0.0,0,0,0,0,0.0000,0.0000,1.59,0,
1779721957.135,crossing_person,0,fusion_with_risk_avoidance,1,0.0000,0.0000,0.0000,8.00,0.00,8.0000,0.0000,0.0000,5.0230,0,0,0,0,0.0,0.0,0,0,0,0,0.0000,0.0000,1.69,0,
1779721957.235,crossing_person,0,fusion_with_risk_avoidance,1,0.0000,0.0000,0.0000,8.00,0.00,8.0000,0.0000,0.0000,5.0359,0,0,0,0,0.0,0.0,0,0,0,0,0.0000,0.0000,1.79,0,
1779721957.335,crossing_person,0,fusion_with_risk_avoidance,1,0.0000,0.0000,0.0000,8.00,0.00,8.0000,0.0000,0.0000,5.0516,0,0,0,0,0.0,0.0,0,0,0,0,0.0000,0.0000,1.89,0,
1779721957.435,crossing_person,0,fusion_with_risk_avoidance,1,0.0000,0.0000,0.0000,8.00,0.00,8.0000,0.0000,0.0000,5.0701,0,0,0,0,0.0,0.0,0,0,0,0,0.0000,0.0000,1.99,0,
1779721957.535,crossing_person,0,fusion_with_risk_avoidance,1,0.0000,0.0000,0.0000,8.00,0.00,8.0000,0.0000,0.0000,5.0914,0,0,0,0,0.0,0.0,0,0,0,0,0.0000,0.0000,2.09,0,
1779721957.635,crossing_person,0,fusion_with_risk_avoidance,1,0.0000,0.0000,0.0000,8.00,0.00,8.0000,0.0000,0.0000,5.1154,0,0,0,0,0.0,0.0,0,0,0,0,0.0000,0.0000,2.19,0,
1779721957.735,crossing_person,0,fusion_with_risk_avoidance,1,0.0000,0.0000,0.0000,8.00,0.00,8.0000,0.0000,0.0000,5.1421,0,0,0,0,0.0,0.0,0,0,0,0,0.0000,0.0000,2.29,0,
1779721957.835,crossing_person,0,fusion_with_risk_avoidance,1,0.0000,0.0000,0.0000,8.00,0.00,8.0000,0.0000,0.0000,5.1714,0,0,0,0,0.0,0.0,0,0,0,0,0.0000,0.0000,2.39,0,
1779721957.935,crossing_person,0,fusion_with_risk_avoidance,1,0.0000,0.0000,0.0000,8.00,0.00,8.0000,0.0000,0.0000,5.2033,0,0,0,0,0.0,0.0,0,0,0,0,0.0000,0.0000,2.49,0,
1779721958.035,crossing_person,0,fusion_with_risk_avoidance,1,0.0000,0.0000,0.0000,8.00,0.00,8.0000,0.0000,0.0000,5.2378,0,0,0,0,0.0,0.0,0,0,0,0,0.0000,0.0000,2.59,0,
1779721958.135,crossing_person,0,fusion_with_risk_avoidance,1,0.0000,0.0000,0.0000,8.00,0.00,8.0000,0.0000,0.0000,5.2748,0,0,0,0,0.0,0.0,0,0,0,0,0.0000,0.0000,2.69,0,
1779721958.235,crossing_person,0,fusion_with_risk_avoidance,1,0.0000,0.0000,0.0000,8.00,0.00,8.0000,0.0000,0.0000,5.3142,0,0,0,0,0.0,0.0,0,0,0,0,0.0000,0.0000,2.79,0,
1779721958.335,crossing_person,0,fusion_with_risk_avoidance,1,0.0000,0.0000,0.0000,8.00,0.00,8.0000,0.0000,0.0000,5.3561,0,0,0,0,0.0,0.0,0,0,0,0,0.0000,0.0000,2.89,0,
1779721958.437,crossing_person,0,fusion_with_risk_avoidance,1,0.0000,0.0000,0.0000,8.00,0.00,8.0000,0.0000,0.0000,5.3703,0,0,0,0,0.0,0.0,0,0,0,0,0.0000,0.0000,2.99,0,
1779721958.535,crossing_person,0,fusion_with_risk_avoidance,1,0.0000,0.0000,0.0000,8.00,0.00,8.0000,0.0000,0.0000,5.3277,0,0,0,0,0.0,0.0,0,0,0,0,0.0000,0.0000,3.09,0,
1779721958.635,crossing_person,0,fusion_with_risk_avoidance,1,0.0000,0.0000,0.0000,8.00,0.00,8.0000,0.0000,0.0000,5.2875,0,0,0,0,0.0,0.0,0,0,0,0,0.0000,0.0000,3.19,0,
1779721958.735,crossing_person,0,fusion_with_risk_avoidance,1,0.0000,0.0000,0.0000,8.00,0.00,8.0000,0.0000,0.0000,5.2496,0,0,0,0,0.0,0.0,0,0,0,0,0.0000,0.0000,3.29,0,
1779721958.835,crossing_person,0,fusion_with_risk_avoidance,1,0.0000,0.0000,0.0000,8.00,0.00,8.0000,0.0000,0.0000,5.2143,0,0,0,0,0.0,0.0,0,0,0,0,0.0000,0.0000,3.39,0,
1779721958.935,crossing_person,0,fusion_with_risk_avoidance,1,0.0000,0.0000,0.0000,8.00,0.00,8.0000,0.0000,0.0000,5.1815,0,0,0,0,0.0,0.0,0,0,0,0,0.0000,0.0000,3.49,0,
1779721959.035,crossing_person,0,fusion_with_risk_avoidance,1,0.0000,0.0000,0.0000,8.00,0.00,8.0000,0.0000,0.0000,5.1514,0,0,0,0,0.0,0.0,0,0,0,0,0.0000,0.0000,3.59,0,
1779721959.135,crossing_person,0,fusion_with_risk_avoidance,1,0.0000,0.0000,0.0000,8.00,0.00,8.0000,0.0000,0.0000,5.1238,0,0,0,0,0.0,0.0,0,0,0,0,0.0000,0.0000,3.69,0,
1779721959.235,crossing_person,0,fusion_with_risk_avoidance,1,0.0000,0.0000,0.0000,8.00,0.00,8.0000,0.0000,0.0000,5.0990,0,0,0,0,0.0,0.0,0,0,0,0,0.0000,0.0000,3.79,0,
1779721959.335,crossing_person,0,fusion_with_risk_avoidance,1,0.0000,0.0000,0.0000,8.00,0.00,8.0000,0.0000,0.0000,5.0768,0,0,0,0,0.0,0.0,0,0,0,0,0.0000,0.0000,3.89,0,
1779721959.435,crossing_person,0,fusion_with_risk_avoidance,1,0.0000,0.0000,0.0000,8.00,0.00,8.0000,0.0000,0.0000,5.0574,0,0,0,0,0.0,0.0,0,0,0,0,0.0000,0.0000,3.99,0,
1779721959.535,crossing_person,0,fusion_with_risk_avoidance,1,0.0000,0.0000,0.0000,8.00,0.00,8.0000,0.0000,0.0000,5.0408,0,0,0,0,0.0,0.0,0,0,0,0,0.0000,0.0000,4.09,0,
1779721959.635,crossing_person,0,fusion_with_risk_avoidance,1,0.0000,0.0000,0.0000,8.00,0.00,8.0000,0.0000,0.0000,5.0269,0,0,0,0,0.0,0.0,0,0,0,0,0.0000,0.0000,4.19,0,
1779721959.735,crossing_person,0,fusion_with_risk_avoidance,1,0.0000,0.0000,0.0000,8.00,0.00,8.0000,0.0000,0.0000,5.0160,0,0,0,0,0.0,0.0,0,0,0,0,0.0000,0.0000,4.29,0,
1779721959.835,crossing_person,0,fusion_with_risk_avoidance,1,0.0000,0.0000,0.0000,8.00,0.00,8.0000,0.0000,0.0000,5.0078,0,0,0,0,0.0,0.0,0,0,0,0,0.0000,0.0000,4.39,0,
1779721959.935,crossing_person,0,fusion_with_risk_avoidance,1,0.0000,0.0000,0.0000,8.00,0.00,8.0000,0.0000,0.0000,5.0025,0,0,0,0,0.0,0.0,0,0,0,0,0.0000,0.0000,4.49,0,
1779721960.035,crossing_person,0,fusion_with_risk_avoidance,1,0.0000,0.0000,0.0000,8.00,0.00,8.0000,0.0000,0.0000,5.0002,0,0,0,0,0.0,0.0,0,0,0,0,0.0000,0.0000,4.59,0,
1779721960.135,crossing_person,0,fusion_with_risk_avoidance,1,0.0000,0.0000,0.0000,8.00,0.00,8.0000,0.0000,0.0000,5.0006,0,0,0,0,0.0,0.0,0,0,0,0,0.0000,0.0000,4.69,0,
1779721960.236,crossing_person,0,fusion_with_risk_avoidance,1,0.0000,0.0000,0.0000,8.00,0.00,8.0000,0.0000,0.0000,5.0040,0,0,0,0,0.0,0.0,0,0,0,0,0.0000,0.0000,4.79,0,
1779721960.335,crossing_person,0,fusion_with_risk_avoidance,1,0.0000,0.0000,0.0000,8.00,0.00,8.0000,0.0000,0.0000,5.0103,0,0,0,0,0.0,0.0,0,0,0,0,0.0000,0.0000,4.89,0,
1779721960.435,crossing_person,0,fusion_with_risk_avoidance,1,0.0000,0.0000,0.0000,8.00,0.00,8.0000,0.0000,0.0000,5.0194,0,0,0,0,0.0,0.0,0,0,0,0,0.0000,0.0000,4.99,0,
1779721960.535,crossing_person,0,fusion_with_risk_avoidance,1,0.0000,0.0000,0.0000,8.00,0.00,8.0000,0.0000,0.0000,5.0313,0,0,0,0,0.0,0.0,0,0,0,0,0.0000,0.0000,5.09,0,
1779721960.635,crossing_person,0,fusion_with_risk_avoidance,1,0.0000,0.0000,0.0000,8.00,0.00,8.0000,0.0000,0.0000,5.0462,0,0,0,0,0.0,0.0,0,0,0,0,0.0000,0.0000,5.19,0,
1779721960.735,crossing_person,0,fusion_with_risk_avoidance,1,0.0000,0.0000,0.0000,8.00,0.00,8.0000,0.0000,0.0000,5.0636,0,0,0,0,0.0,0.0,0,0,0,0,0.0000,0.0000,5.29,0,
1779721960.835,crossing_person,0,fusion_with_risk_avoidance,1,0.0000,0.0000,0.0000,8.00,0.00,8.0000,0.0000,0.0000,5.0840,0,0,0,0,0.0,0.0,0,0,0,0,0.0000,0.0000,5.39,0,
1779721960.935,crossing_person,0,fusion_with_risk_avoidance,1,0.0000,0.0000,0.0000,8.00,0.00,8.0000,0.0000,0.0000,5.1072,0,0,0,0,0.0,0.0,0,0,0,0,0.0000,0.0000,5.49,0,
1779721961.035,crossing_person,0,fusion_with_risk_avoidance,1,0.0000,0.0000,0.0000,8.00,0.00,8.0000,0.0000,0.0000,5.1329,0,0,0,0,0.0,0.0,0,0,0,0,0.0000,0.0000,5.59,0,
1779721961.135,crossing_person,0,fusion_with_risk_avoidance,1,0.0000,0.0000,0.0000,8.00,0.00,8.0000,0.0000,0.0000,5.1613,0,0,0,0,0.0,0.0,0,0,0,0,0.0000,0.0000,5.69,0,
1779721961.235,crossing_person,0,fusion_with_risk_avoidance,1,0.0000,0.0000,0.0000,8.00,0.00,8.0000,0.0000,0.0000,5.1924,0,0,0,0,0.0,0.0,0,0,0,0,0.0000,0.0000,5.79,0,
1779721961.335,crossing_person,0,fusion_with_risk_avoidance,1,0.0000,0.0000,0.0000,8.00,0.00,8.0000,0.0000,0.0000,5.2260,0,0,0,0,0.0,0.0,0,0,0,0,0.0000,0.0000,5.89,0,
1779721961.435,crossing_person,0,fusion_with_risk_avoidance,1,0.0000,0.0000,0.0000,8.00,0.00,8.0000,0.0000,0.0000,5.2622,0,0,0,0,0.0,0.0,0,0,0,0,0.0000,0.0000,5.99,0,
1779721961.535,crossing_person,0,fusion_with_risk_avoidance,1,0.0000,0.0000,0.0000,8.00,0.00,8.0000,0.0000,0.0000,5.3008,0,0,0,0,0.0,0.0,0,0,0,0,0.0000,0.0000,6.09,0,
1779721961.635,crossing_person,0,fusion_with_risk_avoidance,1,0.0000,0.0000,0.0000,8.00,0.00,8.0000,0.0000,0.0000,5.3419,0,0,0,0,0.0,0.0,0,0,0,0,0.0000,0.0000,6.19,0,
1779721961.735,crossing_person,0,fusion_with_risk_avoidance,1,0.0000,0.0000,0.0000,8.00,0.00,8.0000,0.0000,0.0000,5.3851,0,0,0,0,0.0,0.0,0,0,0,0,0.0000,0.0000,6.29,0,
1779721961.835,crossing_person,0,fusion_with_risk_avoidance,1,0.0000,0.0000,0.0000,8.00,0.00,8.0000,0.0000,0.0000,5.3417,0,0,0,0,0.0,0.0,0,0,0,0,0.0000,0.0000,6.39,0,
1779721961.935,crossing_person,0,fusion_with_risk_avoidance,1,0.0000,0.0000,0.0000,8.00,0.00,8.0000,0.0000,0.0000,5.3006,0,0,0,0,0.0,0.0,0,0,0,0,0.0000,0.0000,6.49,0,
1779721962.035,crossing_person,0,fusion_with_risk_avoidance,1,0.0000,0.0000,0.0000,8.00,0.00,8.0000,0.0000,0.0000,5.2620,0,0,0,0,0.0,0.0,0,0,0,0,0.0000,0.0000,6.59,0,
1779721962.135,crossing_person,0,fusion_with_risk_avoidance,1,0.0000,0.0000,0.0000,8.00,0.00,8.0000,0.0000,0.0000,5.2259,0,0,0,0,0.0,0.0,0,0,0,0,0.0000,0.0000,6.69,0,
1779721962.235,crossing_person,0,fusion_with_risk_avoidance,1,0.0000,0.0000,0.0000,8.00,0.00,8.0000,0.0000,0.0000,5.1922,0,0,0,0,0.0,0.0,0,0,0,0,0.0000,0.0000,6.79,0,
1779721962.335,crossing_person,0,fusion_with_risk_avoidance,1,0.0000,0.0000,0.0000,8.00,0.00,8.0000,0.0000,0.0000,5.1612,0,0,0,0,0.0,0.0,0,0,0,0,0.0000,0.0000,6.89,0,
1779721962.435,crossing_person,0,fusion_with_risk_avoidance,1,0.0000,0.0000,0.0000,8.00,0.00,8.0000,0.0000,0.0000,5.1327,0,0,0,0,0.0,0.0,0,0,0,0,0.0000,0.0000,6.99,0,
1779721962.535,crossing_person,0,fusion_with_risk_avoidance,1,0.0000,0.0000,0.0000,8.00,0.00,8.0000,0.0000,0.0000,5.1070,0,0,0,0,0.0,0.0,0,0,0,0,0.0000,0.0000,7.09,0,
1779721962.635,crossing_person,0,fusion_with_risk_avoidance,1,0.0000,0.0000,0.0000,8.00,0.00,8.0000,0.0000,0.0000,5.0839,0,0,0,0,0.0,0.0,0,0,0,0,0.0000,0.0000,7.19,0,
1779721962.735,crossing_person,0,fusion_with_risk_avoidance,1,0.0000,0.0000,0.0000,8.00,0.00,8.0000,0.0000,0.0000,5.0635,0,0,0,0,0.0,0.0,0,0,0,0,0.0000,0.0000,7.29,0,
1779721962.835,crossing_person,0,fusion_with_risk_avoidance,1,0.0000,0.0000,0.0000,8.00,0.00,8.0000,0.0000,0.0000,5.0460,0,0,0,0,0.0,0.0,0,0,0,0,0.0000,0.0000,7.39,0,
1779721962.935,crossing_person,0,fusion_with_risk_avoidance,1,0.0000,0.0000,0.0000,8.00,0.00,8.0000,0.0000,0.0000,5.0311,0,0,0,0,0.0,0.0,0,0,0,0,0.0000,0.0000,7.49,0,
1779721963.035,crossing_person,0,fusion_with_risk_avoidance,1,0.0000,0.0000,0.0000,8.00,0.00,8.0000,0.0000,0.0000,5.0193,0,0,0,0,0.0,0.0,0,0,0,0,0.0000,0.0000,7.59,0,
1779721963.135,crossing_person,0,fusion_with_risk_avoidance,1,0.0000,0.0000,0.0000,8.00,0.00,8.0000,0.0000,0.0000,5.0102,0,0,0,0,0.0,0.0,0,0,0,0,0.0000,0.0000,7.69,0,
1779721963.235,crossing_person,0,fusion_with_risk_avoidance,1,0.0000,0.0000,0.0000,8.00,0.00,8.0000,0.0000,0.0000,5.0040,0,0,0,0,0.0,0.0,0,0,0,0,0.0000,0.0000,7.79,0,
1779721963.335,crossing_person,0,fusion_with_risk_avoidance,1,0.0000,0.0000,0.0000,8.00,0.00,8.0000,0.0000,0.0000,5.0006,0,0,0,0,0.0,0.0,0,0,0,0,0.0000,0.0000,7.89,0,
1779721963.435,crossing_person,0,fusion_with_risk_avoidance,1,0.0000,0.0000,0.0000,8.00,0.00,8.0000,0.0000,0.0000,5.0002,0,0,0,0,0.0,0.0,0,0,0,0,0.0000,0.0000,7.99,0,
1779721963.535,crossing_person,0,fusion_with_risk_avoidance,1,0.0000,0.0000,0.0000,8.00,0.00,8.0000,0.0000,0.0000,5.0026,0,0,0,0,0.0,0.0,0,0,0,0,0.0000,0.0000,8.09,0,
1779721963.635,crossing_person,0,fusion_with_risk_avoidance,1,0.0000,0.0000,0.0000,8.00,0.00,8.0000,0.0000,0.0000,5.0079,0,0,0,0,0.0,0.0,0,0,0,0,0.0000,0.0000,8.19,0,
1779721963.735,crossing_person,0,fusion_with_risk_avoidance,1,0.0000,0.0000,0.0000,8.00,0.00,8.0000,0.0000,0.0000,5.0160,0,0,0,0,0.0,0.0,0,0,0,0,0.0000,0.0000,8.29,0,
1779721963.835,crossing_person,0,fusion_with_risk_avoidance,1,0.0000,0.0000,0.0000,8.00,0.00,8.0000,0.0000,0.0000,5.0270,0,0,0,0,0.0,0.0,0,0,0,0,0.0000,0.0000,8.39,0,
1779721963.935,crossing_person,0,fusion_with_risk_avoidance,1,0.0000,0.0000,0.0000,8.00,0.00,8.0000,0.0000,0.0000,5.0408,0,0,0,0,0.0,0.0,0,0,0,0,0.0000,0.0000,8.49,0,
1779721964.035,crossing_person,0,fusion_with_risk_avoidance,1,0.0000,0.0000,0.0000,8.00,0.00,8.0000,0.0000,0.0000,5.0575,0,0,0,0,0.0,0.0,0,0,0,0,0.0000,0.0000,8.59,0,
1779721964.135,crossing_person,0,fusion_with_risk_avoidance,1,0.0000,0.0000,0.0000,8.00,0.00,8.0000,0.0000,0.0000,5.0769,0,0,0,0,0.0,0.0,0,0,0,0,0.0000,0.0000,8.69,0,
1779721964.235,crossing_person,0,fusion_with_risk_avoidance,1,0.0000,0.0000,0.0000,8.00,0.00,8.0000,0.0000,0.0000,5.0991,0,0,0,0,0.0,0.0,0,0,0,0,0.0000,0.0000,8.79,0,
1779721964.335,crossing_person,0,fusion_with_risk_avoidance,1,0.0000,0.0000,0.0000,8.00,0.00,8.0000,0.0000,0.0000,5.1240,0,0,0,0,0.0,0.0,0,0,0,0,0.0000,0.0000,8.89,0,
1779721964.435,crossing_person,0,fusion_with_risk_avoidance,1,0.0000,0.0000,0.0000,8.00,0.00,8.0000,0.0000,0.0000,5.1515,0,0,0,0,0.0,0.0,0,0,0,0,0.0000,0.0000,8.99,0,
1779721964.535,crossing_person,0,fusion_with_risk_avoidance,1,0.0000,0.0000,0.0000,8.00,0.00,8.0000,0.0000,0.0000,5.1818,0,0,0,0,0.0,0.0,0,0,0,0,0.0000,0.0000,9.09,0,
1779721964.635,crossing_person,0,fusion_with_risk_avoidance,1,0.0000,0.0000,0.0000,8.00,0.00,8.0000,0.0000,0.0000,5.2145,0,0,0,0,0.0,0.0,0,0,0,0,0.0000,0.0000,9.19,0,
1779721964.735,crossing_person,0,fusion_with_risk_avoidance,1,0.0000,0.0000,0.0000,8.00,0.00,8.0000,0.0000,0.0000,5.2499,0,0,0,0,0.0,0.0,0,0,0,0,0.0000,0.0000,9.29,0,
1779721964.835,crossing_person,0,fusion_with_risk_avoidance,1,0.0000,0.0000,0.0000,8.00,0.00,8.0000,0.0000,0.0000,5.2877,0,0,0,0,0.0,0.0,0,0,0,0,0.0000,0.0000,9.39,0,
1779721964.935,crossing_person,0,fusion_with_risk_avoidance,1,0.0000,0.0000,0.0000,8.00,0.00,8.0000,0.0000,0.0000,5.3280,0,0,0,0,0.0,0.0,0,0,0,0,0.0000,0.0000,9.49,0,
1779721965.035,crossing_person,0,fusion_with_risk_avoidance,1,0.0000,0.0000,0.0000,8.00,0.00,8.0000,0.0000,0.0000,5.3705,0,0,0,0,0.0,0.0,0,0,0,0,0.0000,0.0000,9.59,0,
1779721965.135,crossing_person,0,fusion_with_risk_avoidance,1,0.0000,0.0000,0.0000,8.00,0.00,8.0000,0.0000,0.0000,5.3558,0,0,0,0,0.0,0.0,0,0,0,0,0.0000,0.0000,9.69,0,
1779721965.235,crossing_person,0,fusion_with_risk_avoidance,1,0.0000,0.0000,0.0000,8.00,0.00,8.0000,0.0000,0.0000,5.3140,0,0,0,0,0.0,0.0,0,0,0,0,0.0000,0.0000,9.79,0,
1779721965.335,crossing_person,0,fusion_with_risk_avoidance,1,0.0000,0.0000,0.0000,8.00,0.00,8.0000,0.0000,0.0000,5.2746,0,0,0,0,0.0,0.0,0,0,0,0,0.0000,0.0000,9.89,0,
1779721965.435,crossing_person,0,fusion_with_risk_avoidance,1,0.0000,0.0000,0.0000,8.00,0.00,8.0000,0.0000,0.0000,5.2376,0,0,0,0,0.0,0.0,0,0,0,0,0.0000,0.0000,9.99,0,
1779721965.535,crossing_person,0,fusion_with_risk_avoidance,1,0.0000,0.0000,0.0000,8.00,0.00,8.0000,0.0000,0.0000,5.2031,0,0,0,0,0.0,0.0,0,0,0,0,0.0000,0.0000,10.09,0,
1779721965.635,crossing_person,0,fusion_with_risk_avoidance,1,0.0000,0.0000,0.0000,8.00,0.00,8.0000,0.0000,0.0000,5.1712,0,0,0,0,0.0,0.0,0,0,0,0,0.0000,0.0000,10.19,0,
1779721965.735,crossing_person,0,fusion_with_risk_avoidance,1,0.0000,0.0000,0.0000,8.00,0.00,8.0000,0.0000,0.0000,5.1419,0,0,0,0,0.0,0.0,0,0,0,0,0.0000,0.0000,10.29,0,
1779721965.835,crossing_person,0,fusion_with_risk_avoidance,1,0.0000,0.0000,0.0000,8.00,0.00,8.0000,0.0000,0.0000,5.1152,0,0,0,0,0.0,0.0,0,0,0,0,0.0000,0.0000,10.39,0,
1779721965.935,crossing_person,0,fusion_with_risk_avoidance,1,0.0000,0.0000,0.0000,8.00,0.00,8.0000,0.0000,0.0000,5.0913,0,0,0,0,0.0,0.0,0,0,0,0,0.0000,0.0000,10.49,0,
1779721966.035,crossing_person,0,fusion_with_risk_avoidance,1,0.0000,0.0000,0.0000,8.00,0.00,8.0000,0.0000,0.0000,5.0700,0,0,0,0,0.0,0.0,0,0,0,0,0.0000,0.0000,10.59,0,
1779721966.135,crossing_person,0,fusion_with_risk_avoidance,1,0.0000,0.0000,0.0000,8.00,0.00,8.0000,0.0000,0.0000,5.0515,0,0,0,0,0.0,0.0,0,0,0,0,0.0000,0.0000,10.69,0,
1779721966.235,crossing_person,0,fusion_with_risk_avoidance,1,0.0000,0.0000,0.0000,8.00,0.00,8.0000,0.0000,0.0000,5.0358,0,0,0,0,0.0,0.0,0,0,0,0,0.0000,0.0000,10.79,0,
1779721966.335,crossing_person,0,fusion_with_risk_avoidance,1,0.0000,0.0000,0.0000,8.00,0.00,8.0000,0.0000,0.0000,5.0229,0,0,0,0,0.0,0.0,0,0,0,0,0.0000,0.0000,10.89,0,
1779721966.436,crossing_person,0,fusion_with_risk_avoidance,1,0.0000,0.0000,0.0000,8.00,0.00,8.0000,0.0000,0.0000,5.0129,0,0,0,0,0.0,0.0,0,0,0,0,0.0000,0.0000,10.99,0,
1779721966.535,crossing_person,0,fusion_with_risk_avoidance,1,0.0000,0.0000,0.0000,8.00,0.00,8.0000,0.0000,0.0000,5.0057,0,0,0,0,0.0,0.0,0,0,0,0,0.0000,0.0000,11.09,0,
1779721966.635,crossing_person,0,fusion_with_risk_avoidance,1,0.0000,0.0000,0.0000,8.00,0.00,8.0000,0.0000,0.0000,5.0014,0,0,0,0,0.0,0.0,0,0,0,0,0.0000,0.0000,11.19,0,
1779721966.735,crossing_person,0,fusion_with_risk_avoidance,1,0.0000,0.0000,0.0000,8.00,0.00,8.0000,0.0000,0.0000,5.0000,0,0,0,0,0.0,0.0,0,0,0,0,0.0000,0.0000,11.29,0,
1779721966.835,crossing_person,0,fusion_with_risk_avoidance,1,0.0000,0.0000,0.0000,8.00,0.00,8.0000,0.0000,0.0000,5.0014,0,0,0,0,0.0,0.0,0,0,0,0,0.0000,0.0000,11.39,0,
1779721966.935,crossing_person,0,fusion_with_risk_avoidance,1,0.0000,0.0000,0.0000,8.00,0.00,8.0000,0.0000,0.0000,5.0058,0,0,0,0,0.0,0.0,0,0,0,0,0.0000,0.0000,11.49,0,
1779721967.035,crossing_person,0,fusion_with_risk_avoidance,1,0.0000,0.0000,0.0000,8.00,0.00,8.0000,0.0000,0.0000,5.0130,0,0,0,0,0.0,0.0,0,0,0,0,0.0000,0.0000,11.59,0,
1779721967.135,crossing_person,0,fusion_with_risk_avoidance,1,0.0000,0.0000,0.0000,8.00,0.00,8.0000,0.0000,0.0000,5.0230,0,0,0,0,0.0,0.0,0,0,0,0,0.0000,0.0000,11.69,0,
1779721967.236,crossing_person,0,fusion_with_risk_avoidance,1,0.0000,0.0000,0.0000,8.00,0.00,8.0000,0.0000,0.0000,5.0359,0,0,0,0,0.0,0.0,0,0,0,0,0.0000,0.0000,11.79,0,
1779721967.335,crossing_person,0,fusion_with_risk_avoidance,1,0.0000,0.0000,0.0000,8.00,0.00,8.0000,0.0000,0.0000,5.0517,0,0,0,0,0.0,0.0,0,0,0,0,0.0000,0.0000,11.89,0,
1779721967.435,crossing_person,0,fusion_with_risk_avoidance,1,0.0000,0.0000,0.0000,8.00,0.00,8.0000,0.0000,0.0000,5.0701,0,0,0,0,0.0,0.0,0,0,0,0,0.0000,0.0000,11.99,0,
1779721967.535,crossing_person,0,fusion_with_risk_avoidance,1,0.0000,0.0000,0.0000,8.00,0.00,8.0000,0.0000,0.0000,5.0914,0,0,0,0,0.0,0.0,0,0,0,0,0.0000,0.0000,12.09,0,
1779721967.635,crossing_person,0,fusion_with_risk_avoidance,1,0.0000,0.0000,0.0000,8.00,0.00,8.0000,0.0000,0.0000,5.1154,0,0,0,0,0.0,0.0,0,0,0,0,0.0000,0.0000,12.19,0,
1779721967.735,crossing_person,0,fusion_with_risk_avoidance,1,0.0000,0.0000,0.0000,8.00,0.00,8.0000,0.0000,0.0000,5.1421,0,0,0,0,0.0,0.0,0,0,0,0,0.0000,0.0000,12.29,0,
1779721967.835,crossing_person,0,fusion_with_risk_avoidance,1,0.0000,0.0000,0.0000,8.00,0.00,8.0000,0.0000,0.0000,5.1714,0,0,0,0,0.0,0.0,0,0,0,0,0.0000,0.0000,12.39,0,
1779721967.935,crossing_person,0,fusion_with_risk_avoidance,1,0.0000,0.0000,0.0000,8.00,0.00,8.0000,0.0000,0.0000,5.2033,0,0,0,0,0.0,0.0,0,0,0,0,0.0000,0.0000,12.49,0,
1779721968.035,crossing_person,0,fusion_with_risk_avoidance,1,0.0000,0.0000,0.0000,8.00,0.00,8.0000,0.0000,0.0000,5.2378,0,0,0,0,0.0,0.0,0,0,0,0,0.0000,0.0000,12.59,0,
1779721968.135,crossing_person,0,fusion_with_risk_avoidance,1,0.0000,0.0000,0.0000,8.00,0.00,8.0000,0.0000,0.0000,5.2748,0,0,0,0,0.0,0.0,0,0,0,0,0.0000,0.0000,12.69,0,
1779721968.235,crossing_person,0,fusion_with_risk_avoidance,1,0.0000,0.0000,0.0000,8.00,0.00,8.0000,0.0000,0.0000,5.3142,0,0,0,0,0.0,0.0,0,0,0,0,0.0000,0.0000,12.79,0,
1779721968.335,crossing_person,0,fusion_with_risk_avoidance,1,0.0000,0.0000,0.0000,8.00,0.00,8.0000,0.0000,0.0000,5.3561,0,0,0,0,0.0,0.0,0,0,0,0,0.0000,0.0000,12.89,0,
1779721968.436,crossing_person,0,fusion_with_risk_avoidance,1,0.0000,0.0000,0.0000,8.00,0.00,8.0000,0.0000,0.0000,5.3703,0,0,0,0,0.0,0.0,0,0,0,0,0.0000,0.0000,12.99,0,
1779721968.535,crossing_person,0,fusion_with_risk_avoidance,1,0.0000,0.0000,0.0000,8.00,0.00,8.0000,0.0000,0.0000,5.3277,0,0,0,0,0.0,0.0,0,0,0,0,0.0000,0.0000,13.09,0,
1779721968.635,crossing_person,0,fusion_with_risk_avoidance,1,0.0000,0.0000,0.0000,8.00,0.00,8.0000,0.0000,0.0000,5.2875,0,0,0,0,0.0,0.0,0,0,0,0,0.0000,0.0000,13.19,0,
1779721968.735,crossing_person,0,fusion_with_risk_avoidance,1,0.0000,0.0000,0.0000,8.00,0.00,8.0000,0.0000,0.0000,5.2497,0,0,0,0,0.0,0.0,0,0,0,0,0.0000,0.0000,13.29,0,
1779721968.835,crossing_person,0,fusion_with_risk_avoidance,1,0.0000,0.0000,0.0000,8.00,0.00,8.0000,0.0000,0.0000,5.2144,0,0,0,0,0.0,0.0,0,0,0,0,0.0000,0.0000,13.39,0,
1779721968.935,crossing_person,0,fusion_with_risk_avoidance,1,0.0000,0.0000,0.0000,8.00,0.00,8.0000,0.0000,0.0000,5.1816,0,0,0,0,0.0,0.0,0,0,0,0,0.0000,0.0000,13.49,0,
1779721969.035,crossing_person,0,fusion_with_risk_avoidance,1,0.0000,0.0000,0.0000,8.00,0.00,8.0000,0.0000,0.0000,5.1514,0,0,0,0,0.0,0.0,0,0,0,0,0.0000,0.0000,13.59,0,
1779721969.135,crossing_person,0,fusion_with_risk_avoidance,1,0.0000,0.0000,0.0000,8.00,0.00,8.0000,0.0000,0.0000,5.1238,0,0,0,0,0.0,0.0,0,0,0,0,0.0000,0.0000,13.69,0,
1779721969.235,crossing_person,0,fusion_with_risk_avoidance,1,0.0000,0.0000,0.0000,8.00,0.00,8.0000,0.0000,0.0000,5.0990,0,0,0,0,0.0,0.0,0,0,0,0,0.0000,0.0000,13.79,0,
1779721969.335,crossing_person,0,fusion_with_risk_avoidance,1,0.0000,0.0000,0.0000,8.00,0.00,8.0000,0.0000,0.0000,5.0768,0,0,0,0,0.0,0.0,0,0,0,0,0.0000,0.0000,13.89,0,
1779721969.435,crossing_person,0,fusion_with_risk_avoidance,1,0.0000,0.0000,0.0000,8.00,0.00,8.0000,0.0000,0.0000,5.0574,0,0,0,0,0.0,0.0,0,0,0,0,0.0000,0.0000,13.99,0,
1779721969.535,crossing_person,0,fusion_with_risk_avoidance,1,0.0000,0.0000,0.0000,8.00,0.00,8.0000,0.0000,0.0000,5.0408,0,0,0,0,0.0,0.0,0,0,0,0,0.0000,0.0000,14.09,0,
1779721969.635,crossing_person,0,fusion_with_risk_avoidance,1,0.0000,0.0000,0.0000,8.00,0.00,8.0000,0.0000,0.0000,5.0269,0,0,0,0,0.0,0.0,0,0,0,0,0.0000,0.0000,14.19,0,
1779721969.735,crossing_person,0,fusion_with_risk_avoidance,1,0.0000,0.0000,0.0000,8.00,0.00,8.0000,0.0000,0.0000,5.0159,0,0,0,0,0.0,0.0,0,0,0,0,0.0000,0.0000,14.29,0,
1779721969.835,crossing_person,0,fusion_with_risk_avoidance,1,0.0000,0.0000,0.0000,8.00,0.00,8.0000,0.0000,0.0000,5.0078,0,0,0,0,0.0,0.0,0,0,0,0,0.0000,0.0000,14.39,0,
1779721969.935,crossing_person,0,fusion_with_risk_avoidance,1,0.0000,0.0000,0.0000,8.00,0.00,8.0000,0.0000,0.0000,5.0025,0,0,0,0,0.0,0.0,0,0,0,0,0.0000,0.0000,14.49,0,
1779721970.035,crossing_person,0,fusion_with_risk_avoidance,1,0.0000,0.0000,0.0000,8.00,0.00,8.0000,0.0000,0.0000,5.0002,0,0,0,0,0.0,0.0,0,0,0,0,0.0000,0.0000,14.59,0,
1779721970.135,crossing_person,0,fusion_with_risk_avoidance,1,0.0000,0.0000,0.0000,8.00,0.00,8.0000,0.0000,0.0000,5.0006,0,0,0,0,0.0,0.0,0,0,0,0,0.0000,0.0000,14.69,0,
1779721970.235,crossing_person,0,fusion_with_risk_avoidance,1,0.0000,0.0000,0.0000,8.00,0.00,8.0000,0.0000,0.0000,5.0040,0,0,0,0,0.0,0.0,0,0,0,0,0.0000,0.0000,14.79,0,
1779721970.335,crossing_person,0,fusion_with_risk_avoidance,1,0.0000,0.0000,0.0000,8.00,0.00,8.0000,0.0000,0.0000,5.0103,0,0,0,0,0.0,0.0,0,0,0,0,0.0000,0.0000,14.89,0,
1779721970.436,crossing_person,0,fusion_with_risk_avoidance,1,0.0000,0.0000,0.0000,8.00,0.00,8.0000,0.0000,0.0000,5.0194,0,0,0,0,0.0,0.0,0,0,0,0,0.0000,0.0000,14.99,0,
1779721970.535,crossing_person,0,fusion_with_risk_avoidance,1,0.0000,0.0000,0.0000,8.00,0.00,8.0000,0.0000,0.0000,5.0313,0,0,0,0,0.0,0.0,0,0,0,0,0.0000,0.0000,15.09,0,
1779721970.635,crossing_person,0,fusion_with_risk_avoidance,1,0.0000,0.0000,0.0000,8.00,0.00,8.0000,0.0000,0.0000,5.0461,0,0,0,0,0.0,0.0,0,0,0,0,0.0000,0.0000,15.19,0,stuck
1779721970.736,crossing_person,0,fusion_with_risk_avoidance,1,0.0000,0.0000,0.0000,8.00,0.00,8.0000,0.0000,0.0000,5.0636,0,0,0,0,0.0,0.0,0,0,0,0,0.0000,0.0000,15.29,0,stuck
1779721970.835,crossing_person,0,fusion_with_risk_avoidance,1,0.0000,0.0000,0.0000,8.00,0.00,8.0000,0.0000,0.0000,5.0840,0,0,0,0,0.0,0.0,0,0,0,0,0.0000,0.0000,15.39,0,stuck
1779721970.935,crossing_person,0,fusion_with_risk_avoidance,1,0.0000,0.0000,0.0000,8.00,0.00,8.0000,0.0000,0.0000,5.1071,0,0,0,0,0.0,0.0,0,0,0,0,0.0000,0.0000,15.49,0,stuck
1779721971.035,crossing_person,0,fusion_with_risk_avoidance,1,0.0000,0.0000,0.0000,8.00,0.00,8.0000,0.0000,0.0000,5.1329,0,0,0,0,0.0,0.0,0,0,0,0,0.0000,0.0000,15.59,0,stuck
1779721971.135,crossing_person,0,fusion_with_risk_avoidance,1,0.0000,0.0000,0.0000,8.00,0.00,8.0000,0.0000,0.0000,5.1613,0,0,0,0,0.0,0.0,0,0,0,0,0.0000,0.0000,15.69,0,stuck
1779721971.235,crossing_person,0,fusion_with_risk_avoidance,1,0.0000,0.0000,0.0000,8.00,0.00,8.0000,0.0000,0.0000,5.1924,0,0,0,0,0.0,0.0,0,0,0,0,0.0000,0.0000,15.79,0,stuck
1779721971.335,crossing_person,0,fusion_with_risk_avoidance,1,0.0000,0.0000,0.0000,8.00,0.00,8.0000,0.0000,0.0000,5.2260,0,0,0,0,0.0,0.0,0,0,0,0,0.0000,0.0000,15.89,0,stuck
1779721971.435,crossing_person,0,fusion_with_risk_avoidance,1,0.0000,0.0000,0.0000,8.00,0.00,8.0000,0.0000,0.0000,5.2622,0,0,0,0,0.0,0.0,0,0,0,0,0.0000,0.0000,15.99,0,stuck
1779721971.535,crossing_person,0,fusion_with_risk_avoidance,1,0.0000,0.0000,0.0000,8.00,0.00,8.0000,0.0000,0.0000,5.3008,0,0,0,0,0.0,0.0,0,0,0,0,0.0000,0.0000,16.09,0,stuck
1779721971.635,crossing_person,0,fusion_with_risk_avoidance,1,0.0000,0.0000,0.0000,8.00,0.00,8.0000,0.0000,0.0000,5.3419,0,0,0,0,0.0,0.0,0,0,0,0,0.0000,0.0000,16.19,0,stuck
1779721971.735,crossing_person,0,fusion_with_risk_avoidance,1,0.0000,0.0000,0.0000,8.00,0.00,8.0000,0.0000,0.0000,5.3849,0,0,0,0,0.0,0.0,0,0,0,0,0.0000,0.0000,16.29,0,stuck
1779721971.835,crossing_person,0,fusion_with_risk_avoidance,1,0.0000,0.0000,0.0000,8.00,0.00,8.0000,0.0000,0.0000,5.3417,0,0,0,0,0.0,0.0,0,0,0,0,0.0000,0.0000,16.39,0,stuck
1779721971.935,crossing_person,0,fusion_with_risk_avoidance,1,0.0000,0.0000,0.0000,8.00,0.00,8.0000,0.0000,0.0000,5.3006,0,0,0,0,0.0,0.0,0,0,0,0,0.0000,0.0000,16.49,0,stuck
1779721972.035,crossing_person,0,fusion_with_risk_avoidance,1,0.0000,0.0000,0.0000,8.00,0.00,8.0000,0.0000,0.0000,5.2620,0,0,0,0,0.0,0.0,0,0,0,0,0.0000,0.0000,16.59,0,stuck
1779721972.135,crossing_person,0,fusion_with_risk_avoidance,1,0.0000,0.0000,0.0000,8.00,0.00,8.0000,0.0000,0.0000,5.2258,0,0,0,0,0.0,0.0,0,0,0,0,0.0000,0.0000,16.69,0,stuck
1779721972.235,crossing_person,0,fusion_with_risk_avoidance,1,0.0000,0.0000,0.0000,8.00,0.00,8.0000,0.0000,0.0000,5.1922,0,0,0,0,0.0,0.0,0,0,0,0,0.0000,0.0000,16.79,0,stuck
1779721972.335,crossing_person,0,fusion_with_risk_avoidance,1,0.0000,0.0000,0.0000,8.00,0.00,8.0000,0.0000,0.0000,5.1612,0,0,0,0,0.0,0.0,0,0,0,0,0.0000,0.0000,16.89,0,stuck
1779721972.435,crossing_person,0,fusion_with_risk_avoidance,1,0.0000,0.0000,0.0000,8.00,0.00,8.0000,0.0000,0.0000,5.1327,0,0,0,0,0.0,0.0,0,0,0,0,0.0000,0.0000,16.99,0,stuck
1779721972.535,crossing_person,0,fusion_with_risk_avoidance,1,0.0000,0.0000,0.0000,8.00,0.00,8.0000,0.0000,0.0000,5.1070,0,0,0,0,0.0,0.0,0,0,0,0,0.0000,0.0000,17.09,0,stuck
1779721972.635,crossing_person,0,fusion_with_risk_avoidance,1,0.0000,0.0000,0.0000,8.00,0.00,8.0000,0.0000,0.0000,5.0839,0,0,0,0,0.0,0.0,0,0,0,0,0.0000,0.0000,17.19,0,stuck
1779721972.735,crossing_person,0,fusion_with_risk_avoidance,1,0.0000,0.0000,0.0000,8.00,0.00,8.0000,0.0000,0.0000,5.0635,0,0,0,0,0.0,0.0,0,0,0,0,0.0000,0.0000,17.29,0,stuck
1779721972.836,crossing_person,0,fusion_with_risk_avoidance,1,0.0000,0.0000,0.0000,8.00,0.00,8.0000,0.0000,0.0000,5.0460,0,0,0,0,0.0,0.0,0,0,0,0,0.0000,0.0000,17.39,0,stuck
1779721972.935,crossing_person,0,fusion_with_risk_avoidance,1,0.0000,0.0000,0.0000,8.00,0.00,8.0000,0.0000,0.0000,5.0312,0,0,0,0,0.0,0.0,0,0,0,0,0.0000,0.0000,17.49,0,stuck
1779721973.035,crossing_person,0,fusion_with_risk_avoidance,1,0.0000,0.0000,0.0000,8.00,0.00,8.0000,0.0000,0.0000,5.0193,0,0,0,0,0.0,0.0,0,0,0,0,0.0000,0.0000,17.59,0,stuck
1779721973.135,crossing_person,0,fusion_with_risk_avoidance,1,0.0000,0.0000,0.0000,8.00,0.00,8.0000,0.0000,0.0000,5.0102,0,0,0,0,0.0,0.0,0,0,0,0,0.0000,0.0000,17.69,0,stuck
1779721973.235,crossing_person,0,fusion_with_risk_avoidance,1,0.0000,0.0000,0.0000,8.00,0.00,8.0000,0.0000,0.0000,5.0040,0,0,0,0,0.0,0.0,0,0,0,0,0.0000,0.0000,17.79,0,stuck
1779721973.335,crossing_person,0,fusion_with_risk_avoidance,1,0.0000,0.0000,0.0000,8.00,0.00,8.0000,0.0000,0.0000,5.0006,0,0,0,0,0.0,0.0,0,0,0,0,0.0000,0.0000,17.89,0,stuck
1779721973.435,crossing_person,0,fusion_with_risk_avoidance,1,0.0000,0.0000,0.0000,8.00,0.00,8.0000,0.0000,0.0000,5.0002,0,0,0,0,0.0,0.0,0,0,0,0,0.0000,0.0000,17.99,0,stuck
1779721973.535,crossing_person,0,fusion_with_risk_avoidance,1,0.0000,0.0000,0.0000,8.00,0.00,8.0000,0.0000,0.0000,5.0026,0,0,0,0,0.0,0.0,0,0,0,0,0.0000,0.0000,18.09,0,stuck
1779721973.635,crossing_person,0,fusion_with_risk_avoidance,1,0.0000,0.0000,0.0000,8.00,0.00,8.0000,0.0000,0.0000,5.0079,0,0,0,0,0.0,0.0,0,0,0,0,0.0000,0.0000,18.19,0,stuck
1779721973.735,crossing_person,0,fusion_with_risk_avoidance,1,0.0000,0.0000,0.0000,8.00,0.00,8.0000,0.0000,0.0000,5.0160,0,0,0,0,0.0,0.0,0,0,0,0,0.0000,0.0000,18.29,0,stuck
1779721973.835,crossing_person,0,fusion_with_risk_avoidance,1,0.0000,0.0000,0.0000,8.00,0.00,8.0000,0.0000,0.0000,5.0270,0,0,0,0,0.0,0.0,0,0,0,0,0.0000,0.0000,18.39,0,stuck
1779721973.935,crossing_person,0,fusion_with_risk_avoidance,1,0.0000,0.0000,0.0000,8.00,0.00,8.0000,0.0000,0.0000,5.0408,0,0,0,0,0.0,0.0,0,0,0,0,0.0000,0.0000,18.49,0,stuck
1779721974.035,crossing_person,0,fusion_with_risk_avoidance,1,0.0000,0.0000,0.0000,8.00,0.00,8.0000,0.0000,0.0000,5.0575,0,0,0,0,0.0,0.0,0,0,0,0,0.0000,0.0000,18.59,0,stuck
1779721974.135,crossing_person,0,fusion_with_risk_avoidance,1,0.0000,0.0000,0.0000,8.00,0.00,8.0000,0.0000,0.0000,5.0769,0,0,0,0,0.0,0.0,0,0,0,0,0.0000,0.0000,18.69,0,stuck
1779721974.235,crossing_person,0,fusion_with_risk_avoidance,1,0.0000,0.0000,0.0000,8.00,0.00,8.0000,0.0000,0.0000,5.0991,0,0,0,0,0.0,0.0,0,0,0,0,0.0000,0.0000,18.79,0,stuck
1779721974.335,crossing_person,0,fusion_with_risk_avoidance,1,0.0000,0.0000,0.0000,8.00,0.00,8.0000,0.0000,0.0000,5.1240,0,0,0,0,0.0,0.0,0,0,0,0,0.0000,0.0000,18.89,0,stuck
1779721974.435,crossing_person,0,fusion_with_risk_avoidance,1,0.0000,0.0000,0.0000,8.00,0.00,8.0000,0.0000,0.0000,5.1515,0,0,0,0,0.0,0.0,0,0,0,0,0.0000,0.0000,18.99,0,stuck
1779721974.535,crossing_person,0,fusion_with_risk_avoidance,1,0.0000,0.0000,0.0000,8.00,0.00,8.0000,0.0000,0.0000,5.1817,0,0,0,0,0.0,0.0,0,0,0,0,0.0000,0.0000,19.09,0,stuck
1779721974.635,crossing_person,0,fusion_with_risk_avoidance,1,0.0000,0.0000,0.0000,8.00,0.00,8.0000,0.0000,0.0000,5.2145,0,0,0,0,0.0,0.0,0,0,0,0,0.0000,0.0000,19.19,0,stuck
1779721974.735,crossing_person,0,fusion_with_risk_avoidance,1,0.0000,0.0000,0.0000,8.00,0.00,8.0000,0.0000,0.0000,5.2499,0,0,0,0,0.0,0.0,0,0,0,0,0.0000,0.0000,19.29,0,stuck
1779721974.835,crossing_person,0,fusion_with_risk_avoidance,1,0.0000,0.0000,0.0000,8.00,0.00,8.0000,0.0000,0.0000,5.2881,0,0,0,0,0.0,0.0,0,0,0,0,0.0000,0.0000,19.39,0,stuck
1779721974.935,crossing_person,0,fusion_with_risk_avoidance,1,0.0000,0.0000,0.0000,8.00,0.00,8.0000,0.0000,0.0000,5.3279,0,0,0,0,0.0,0.0,0,0,0,0,0.0000,0.0000,19.49,0,stuck
1779721975.035,crossing_person,0,fusion_with_risk_avoidance,1,0.0000,0.0000,0.0000,8.00,0.00,8.0000,0.0000,0.0000,5.3706,0,0,0,0,0.0,0.0,0,0,0,0,0.0000,0.0000,19.59,0,stuck
1779721975.135,crossing_person,0,fusion_with_risk_avoidance,1,0.0000,0.0000,0.0000,8.00,0.00,8.0000,0.0000,0.0000,5.3559,0,0,0,0,0.0,0.0,0,0,0,0,0.0000,0.0000,19.69,0,stuck
1779721975.235,crossing_person,0,fusion_with_risk_avoidance,1,0.0000,0.0000,0.0000,8.00,0.00,8.0000,0.0000,0.0000,5.3140,0,0,0,0,0.0,0.0,0,0,0,0,0.0000,0.0000,19.79,0,stuck
1779721975.335,crossing_person,0,fusion_with_risk_avoidance,1,0.0000,0.0000,0.0000,8.00,0.00,8.0000,0.0000,0.0000,5.2746,0,0,0,0,0.0,0.0,0,0,0,0,0.0000,0.0000,19.89,0,stuck
1779721975.435,crossing_person,0,fusion_with_risk_avoidance,1,0.0000,0.0000,0.0000,8.00,0.00,8.0000,0.0000,0.0000,5.2376,0,0,0,0,0.0,0.0,0,0,0,0,0.0000,0.0000,19.99,0,stuck
1779721975.535,crossing_person,0,fusion_with_risk_avoidance,1,0.0000,0.0000,0.0000,8.00,0.00,8.0000,0.0000,0.0000,5.2031,0,0,0,0,0.0,0.0,0,0,0,0,0.0000,0.0000,20.09,0,stuck
1779721975.635,crossing_person,0,fusion_with_risk_avoidance,1,0.0000,0.0000,0.0000,8.00,0.00,8.0000,0.0000,0.0000,5.1712,0,0,0,0,0.0,0.0,0,0,0,0,0.0000,0.0000,20.19,0,stuck
1779721975.735,crossing_person,0,fusion_with_risk_avoidance,1,0.0000,0.0000,0.0000,8.00,0.00,8.0000,0.0000,0.0000,5.1419,0,0,0,0,0.0,0.0,0,0,0,0,0.0000,0.0000,20.29,0,stuck
1779721975.835,crossing_person,0,fusion_with_risk_avoidance,1,0.0000,0.0000,0.0000,8.00,0.00,8.0000,0.0000,0.0000,5.1152,0,0,0,0,0.0,0.0,0,0,0,0,0.0000,0.0000,20.39,0,stuck
1779721975.935,crossing_person,0,fusion_with_risk_avoidance,1,0.0000,0.0000,0.0000,8.00,0.00,8.0000,0.0000,0.0000,5.0913,0,0,0,0,0.0,0.0,0,0,0,0,0.0000,0.0000,20.49,0,stuck
1779721976.035,crossing_person,0,fusion_with_risk_avoidance,1,0.0000,0.0000,0.0000,8.00,0.00,8.0000,0.0000,0.0000,5.0700,0,0,0,0,0.0,0.0,0,0,0,0,0.0000,0.0000,20.59,0,stuck
1779721976.135,crossing_person,0,fusion_with_risk_avoidance,1,0.0000,0.0000,0.0000,8.00,0.00,8.0000,0.0000,0.0000,5.0515,0,0,0,0,0.0,0.0,0,0,0,0,0.0000,0.0000,20.69,0,stuck
1779721976.235,crossing_person,0,fusion_with_risk_avoidance,1,0.0000,0.0000,0.0000,8.00,0.00,8.0000,0.0000,0.0000,5.0358,0,0,0,0,0.0,0.0,0,0,0,0,0.0000,0.0000,20.79,0,stuck
1779721976.335,crossing_person,0,fusion_with_risk_avoidance,1,0.0000,0.0000,0.0000,8.00,0.00,8.0000,0.0000,0.0000,5.0230,0,0,0,0,0.0,0.0,0,0,0,0,0.0000,0.0000,20.89,0,stuck
1779721976.435,crossing_person,0,fusion_with_risk_avoidance,1,0.0000,0.0000,0.0000,8.00,0.00,8.0000,0.0000,0.0000,5.0129,0,0,0,0,0.0,0.0,0,0,0,0,0.0000,0.0000,20.99,0,stuck
1779721976.535,crossing_person,0,fusion_with_risk_avoidance,1,0.0000,0.0000,0.0000,8.00,0.00,8.0000,0.0000,0.0000,5.0057,0,0,0,0,0.0,0.0,0,0,0,0,0.0000,0.0000,21.09,0,stuck
1779721976.635,crossing_person,0,fusion_with_risk_avoidance,1,0.0000,0.0000,0.0000,8.00,0.00,8.0000,0.0000,0.0000,5.0014,0,0,0,0,0.0,0.0,0,0,0,0,0.0000,0.0000,21.19,0,stuck
1779721976.735,crossing_person,0,fusion_with_risk_avoidance,1,0.0000,0.0000,0.0000,8.00,0.00,8.0000,0.0000,0.0000,5.0000,0,0,0,0,0.0,0.0,0,0,0,0,0.0000,0.0000,21.29,0,stuck
1779721976.835,crossing_person,0,fusion_with_risk_avoidance,1,0.0000,0.0000,0.0000,8.00,0.00,8.0000,0.0000,0.0000,5.0014,0,0,0,0,0.0,0.0,0,0,0,0,0.0000,0.0000,21.39,0,stuck
1779721976.935,crossing_person,0,fusion_with_risk_avoidance,1,0.0000,0.0000,0.0000,8.00,0.00,8.0000,0.0000,0.0000,5.0058,0,0,0,0,0.0,0.0,0,0,0,0,0.0000,0.0000,21.49,0,stuck
1779721977.035,crossing_person,0,fusion_with_risk_avoidance,1,0.0000,0.0000,0.0000,8.00,0.00,8.0000,0.0000,0.0000,5.0130,0,0,0,0,0.0,0.0,0,0,0,0,0.0000,0.0000,21.59,0,stuck
1779721977.135,crossing_person,0,fusion_with_risk_avoidance,1,0.0000,0.0000,0.0000,8.00,0.00,8.0000,0.0000,0.0000,5.0230,0,0,0,0,0.0,0.0,0,0,0,0,0.0000,0.0000,21.69,0,stuck
1779721977.235,crossing_person,0,fusion_with_risk_avoidance,1,0.0000,0.0000,0.0000,8.00,0.00,8.0000,0.0000,0.0000,5.0360,0,0,0,0,0.0,0.0,0,0,0,0,0.0000,0.0000,21.79,0,stuck
1779721977.335,crossing_person,0,fusion_with_risk_avoidance,1,0.0000,0.0000,0.0000,8.00,0.00,8.0000,0.0000,0.0000,5.0516,0,0,0,0,0.0,0.0,0,0,0,0,0.0000,0.0000,21.89,0,stuck
1779721977.435,crossing_person,0,fusion_with_risk_avoidance,1,0.0000,0.0000,0.0000,8.00,0.00,8.0000,0.0000,0.0000,5.0701,0,0,0,0,0.0,0.0,0,0,0,0,0.0000,0.0000,21.99,0,stuck
1779721977.535,crossing_person,0,fusion_with_risk_avoidance,1,0.0000,0.0000,0.0000,8.00,0.00,8.0000,0.0000,0.0000,5.0914,0,0,0,0,0.0,0.0,0,0,0,0,0.0000,0.0000,22.09,0,stuck
1779721977.635,crossing_person,0,fusion_with_risk_avoidance,1,0.0000,0.0000,0.0000,8.00,0.00,8.0000,0.0000,0.0000,5.1154,0,0,0,0,0.0,0.0,0,0,0,0,0.0000,0.0000,22.19,0,stuck
1779721977.735,crossing_person,0,fusion_with_risk_avoidance,1,0.0000,0.0000,0.0000,8.00,0.00,8.0000,0.0000,0.0000,5.1420,0,0,0,0,0.0,0.0,0,0,0,0,0.0000,0.0000,22.29,0,stuck
1779721977.835,crossing_person,0,fusion_with_risk_avoidance,1,0.0000,0.0000,0.0000,8.00,0.00,8.0000,0.0000,0.0000,5.1714,0,0,0,0,0.0,0.0,0,0,0,0,0.0000,0.0000,22.39,0,stuck
1779721977.935,crossing_person,0,fusion_with_risk_avoidance,1,0.0000,0.0000,0.0000,8.00,0.00,8.0000,0.0000,0.0000,5.2033,0,0,0,0,0.0,0.0,0,0,0,0,0.0000,0.0000,22.49,0,stuck
1779721978.035,crossing_person,0,fusion_with_risk_avoidance,1,0.0000,0.0000,0.0000,8.00,0.00,8.0000,0.0000,0.0000,5.2378,0,0,0,0,0.0,0.0,0,0,0,0,0.0000,0.0000,22.59,0,stuck
1779721978.135,crossing_person,0,fusion_with_risk_avoidance,1,0.0000,0.0000,0.0000,8.00,0.00,8.0000,0.0000,0.0000,5.2748,0,0,0,0,0.0,0.0,0,0,0,0,0.0000,0.0000,22.69,0,stuck
1779721978.235,crossing_person,0,fusion_with_risk_avoidance,1,0.0000,0.0000,0.0000,8.00,0.00,8.0000,0.0000,0.0000,5.3142,0,0,0,0,0.0,0.0,0,0,0,0,0.0000,0.0000,22.79,0,stuck
1779721978.335,crossing_person,0,fusion_with_risk_avoidance,1,0.0000,0.0000,0.0000,8.00,0.00,8.0000,0.0000,0.0000,5.3561,0,0,0,0,0.0,0.0,0,0,0,0,0.0000,0.0000,22.89,0,stuck
1779721978.435,crossing_person,0,fusion_with_risk_avoidance,1,0.0000,0.0000,0.0000,8.00,0.00,8.0000,0.0000,0.0000,5.3703,0,0,0,0,0.0,0.0,0,0,0,0,0.0000,0.0000,22.99,0,stuck
1779721978.535,crossing_person,0,fusion_with_risk_avoidance,1,0.0000,0.0000,0.0000,8.00,0.00,8.0000,0.0000,0.0000,5.3277,0,0,0,0,0.0,0.0,0,0,0,0,0.0000,0.0000,23.09,0,stuck
1779721978.635,crossing_person,0,fusion_with_risk_avoidance,1,0.0000,0.0000,0.0000,8.00,0.00,8.0000,0.0000,0.0000,5.2875,0,0,0,0,0.0,0.0,0,0,0,0,0.0000,0.0000,23.19,0,stuck
1779721978.735,crossing_person,0,fusion_with_risk_avoidance,1,0.0000,0.0000,0.0000,8.00,0.00,8.0000,0.0000,0.0000,5.2496,0,0,0,0,0.0,0.0,0,0,0,0,0.0000,0.0000,23.29,0,stuck
1779721978.836,crossing_person,0,fusion_with_risk_avoidance,1,0.0000,0.0000,0.0000,8.00,0.00,8.0000,0.0000,0.0000,5.2144,0,0,0,0,0.0,0.0,0,0,0,0,0.0000,0.0000,23.39,0,stuck
1779721978.935,crossing_person,0,fusion_with_risk_avoidance,1,0.0000,0.0000,0.0000,8.00,0.00,8.0000,0.0000,0.0000,5.1816,0,0,0,0,0.0,0.0,0,0,0,0,0.0000,0.0000,23.49,0,stuck
1779721979.035,crossing_person,0,fusion_with_risk_avoidance,1,0.0000,0.0000,0.0000,8.00,0.00,8.0000,0.0000,0.0000,5.1514,0,0,0,0,0.0,0.0,0,0,0,0,0.0000,0.0000,23.59,0,stuck
1779721979.135,crossing_person,0,fusion_with_risk_avoidance,1,0.0000,0.0000,0.0000,8.00,0.00,8.0000,0.0000,0.0000,5.1238,0,0,0,0,0.0,0.0,0,0,0,0,0.0000,0.0000,23.69,0,stuck
1779721979.235,crossing_person,0,fusion_with_risk_avoidance,1,0.0000,0.0000,0.0000,8.00,0.00,8.0000,0.0000,0.0000,5.0990,0,0,0,0,0.0,0.0,0,0,0,0,0.0000,0.0000,23.79,0,stuck
1779721979.335,crossing_person,0,fusion_with_risk_avoidance,1,0.0000,0.0000,0.0000,8.00,0.00,8.0000,0.0000,0.0000,5.0768,0,0,0,0,0.0,0.0,0,0,0,0,0.0000,0.0000,23.89,0,stuck
1779721979.435,crossing_person,0,fusion_with_risk_avoidance,1,0.0000,0.0000,0.0000,8.00,0.00,8.0000,0.0000,0.0000,5.0574,0,0,0,0,0.0,0.0,0,0,0,0,0.0000,0.0000,23.99,0,stuck
1779721979.535,crossing_person,0,fusion_with_risk_avoidance,1,0.0000,0.0000,0.0000,8.00,0.00,8.0000,0.0000,0.0000,5.0407,0,0,0,0,0.0,0.0,0,0,0,0,0.0000,0.0000,24.09,0,stuck
1779721979.635,crossing_person,0,fusion_with_risk_avoidance,1,0.0000,0.0000,0.0000,8.00,0.00,8.0000,0.0000,0.0000,5.0269,0,0,0,0,0.0,0.0,0,0,0,0,0.0000,0.0000,24.19,0,stuck
1779721979.735,crossing_person,0,fusion_with_risk_avoidance,1,0.0000,0.0000,0.0000,8.00,0.00,8.0000,0.0000,0.0000,5.0160,0,0,0,0,0.0,0.0,0,0,0,0,0.0000,0.0000,24.29,0,stuck
1779721979.835,crossing_person,0,fusion_with_risk_avoidance,1,0.0000,0.0000,0.0000,8.00,0.00,8.0000,0.0000,0.0000,5.0078,0,0,0,0,0.0,0.0,0,0,0,0,0.0000,0.0000,24.39,0,stuck
1779721979.935,crossing_person,0,fusion_with_risk_avoidance,1,0.0000,0.0000,0.0000,8.00,0.00,8.0000,0.0000,0.0000,5.0026,0,0,0,0,0.0,0.0,0,0,0,0,0.0000,0.0000,24.49,0,stuck
1779721980.035,crossing_person,0,fusion_with_risk_avoidance,1,0.0000,0.0000,0.0000,8.00,0.00,8.0000,0.0000,0.0000,5.0002,0,0,0,0,0.0,0.0,0,0,0,0,0.0000,0.0000,24.59,0,stuck
1779721980.135,crossing_person,0,fusion_with_risk_avoidance,1,0.0000,0.0000,0.0000,8.00,0.00,8.0000,0.0000,0.0000,5.0006,0,0,0,0,0.0,0.0,0,0,0,0,0.0000,0.0000,24.69,0,stuck
1779721980.235,crossing_person,0,fusion_with_risk_avoidance,1,0.0000,0.0000,0.0000,8.00,0.00,8.0000,0.0000,0.0000,5.0040,0,0,0,0,0.0,0.0,0,0,0,0,0.0000,0.0000,24.79,0,stuck
1779721980.335,crossing_person,0,fusion_with_risk_avoidance,1,0.0000,0.0000,0.0000,8.00,0.00,8.0000,0.0000,0.0000,5.0102,0,0,0,0,0.0,0.0,0,0,0,0,0.0000,0.0000,24.89,0,stuck
1779721980.435,crossing_person,0,fusion_with_risk_avoidance,1,0.0000,0.0000,0.0000,8.00,0.00,8.0000,0.0000,0.0000,5.0194,0,0,0,0,0.0,0.0,0,0,0,0,0.0000,0.0000,24.99,0,stuck
1779721980.535,crossing_person,0,fusion_with_risk_avoidance,1,0.0000,0.0000,0.0000,8.00,0.00,8.0000,0.0000,0.0000,5.0313,0,0,0,0,0.0,0.0,0,0,0,0,0.0000,0.0000,25.09,0,stuck
1779721980.635,crossing_person,0,fusion_with_risk_avoidance,1,0.0000,0.0000,0.0000,8.00,0.00,8.0000,0.0000,0.0000,5.0461,0,0,0,0,0.0,0.0,0,0,0,0,0.0000,0.0000,25.19,0,stuck
1779721980.735,crossing_person,0,fusion_with_risk_avoidance,1,0.0000,0.0000,0.0000,8.00,0.00,8.0000,0.0000,0.0000,5.0636,0,0,0,0,0.0,0.0,0,0,0,0,0.0000,0.0000,25.29,0,stuck
1779721980.835,crossing_person,0,fusion_with_risk_avoidance,1,0.0000,0.0000,0.0000,8.00,0.00,8.0000,0.0000,0.0000,5.0840,0,0,0,0,0.0,0.0,0,0,0,0,0.0000,0.0000,25.39,0,stuck
1779721980.935,crossing_person,0,fusion_with_risk_avoidance,1,0.0000,0.0000,0.0000,8.00,0.00,8.0000,0.0000,0.0000,5.1071,0,0,0,0,0.0,0.0,0,0,0,0,0.0000,0.0000,25.49,0,stuck
1779721981.035,crossing_person,0,fusion_with_risk_avoidance,1,0.0000,0.0000,0.0000,8.00,0.00,8.0000,0.0000,0.0000,5.1329,0,0,0,0,0.0,0.0,0,0,0,0,0.0000,0.0000,25.59,0,stuck
1779721981.135,crossing_person,0,fusion_with_risk_avoidance,1,0.0000,0.0000,0.0000,8.00,0.00,8.0000,0.0000,0.0000,5.1613,0,0,0,0,0.0,0.0,0,0,0,0,0.0000,0.0000,25.69,0,stuck
1779721981.235,crossing_person,0,fusion_with_risk_avoidance,1,0.0000,0.0000,0.0000,8.00,0.00,8.0000,0.0000,0.0000,5.1924,0,0,0,0,0.0,0.0,0,0,0,0,0.0000,0.0000,25.79,0,stuck
1779721981.335,crossing_person,0,fusion_with_risk_avoidance,1,0.0000,0.0000,0.0000,8.00,0.00,8.0000,0.0000,0.0000,5.2260,0,0,0,0,0.0,0.0,0,0,0,0,0.0000,0.0000,25.89,0,stuck
1779721981.435,crossing_person,0,fusion_with_risk_avoidance,1,0.0000,0.0000,0.0000,8.00,0.00,8.0000,0.0000,0.0000,5.2622,0,0,0,0,0.0,0.0,0,0,0,0,0.0000,0.0000,25.99,0,stuck
1779721981.536,crossing_person,0,fusion_with_risk_avoidance,1,0.0000,0.0000,0.0000,8.00,0.00,8.0000,0.0000,0.0000,5.3008,0,0,0,0,0.0,0.0,0,0,0,0,0.0000,0.0000,26.09,0,stuck
1779721981.635,crossing_person,0,fusion_with_risk_avoidance,1,0.0000,0.0000,0.0000,8.00,0.00,8.0000,0.0000,0.0000,5.3419,0,0,0,0,0.0,0.0,0,0,0,0,0.0000,0.0000,26.19,0,stuck
1779721981.735,crossing_person,0,fusion_with_risk_avoidance,1,0.0000,0.0000,0.0000,8.00,0.00,8.0000,0.0000,0.0000,5.3851,0,0,0,0,0.0,0.0,0,0,0,0,0.0000,0.0000,26.29,0,stuck
1779721981.835,crossing_person,0,fusion_with_risk_avoidance,1,0.0000,0.0000,0.0000,8.00,0.00,8.0000,0.0000,0.0000,5.3417,0,0,0,0,0.0,0.0,0,0,0,0,0.0000,0.0000,26.39,0,stuck
1779721981.935,crossing_person,0,fusion_with_risk_avoidance,1,0.0000,0.0000,0.0000,8.00,0.00,8.0000,0.0000,0.0000,5.3006,0,0,0,0,0.0,0.0,0,0,0,0,0.0000,0.0000,26.49,0,stuck
1779721982.035,crossing_person,0,fusion_with_risk_avoidance,1,0.0000,0.0000,0.0000,8.00,0.00,8.0000,0.0000,0.0000,5.2620,0,0,0,0,0.0,0.0,0,0,0,0,0.0000,0.0000,26.59,0,stuck
1779721982.135,crossing_person,0,fusion_with_risk_avoidance,1,0.0000,0.0000,0.0000,8.00,0.00,8.0000,0.0000,0.0000,5.2258,0,0,0,0,0.0,0.0,0,0,0,0,0.0000,0.0000,26.69,0,stuck
1779721982.235,crossing_person,0,fusion_with_risk_avoidance,1,0.0000,0.0000,0.0000,8.00,0.00,8.0000,0.0000,0.0000,5.1922,0,0,0,0,0.0,0.0,0,0,0,0,0.0000,0.0000,26.79,0,stuck
1779721982.335,crossing_person,0,fusion_with_risk_avoidance,1,0.0000,0.0000,0.0000,8.00,0.00,8.0000,0.0000,0.0000,5.1611,0,0,0,0,0.0,0.0,0,0,0,0,0.0000,0.0000,26.89,0,stuck
1779721982.435,crossing_person,0,fusion_with_risk_avoidance,1,0.0000,0.0000,0.0000,8.00,0.00,8.0000,0.0000,0.0000,5.1327,0,0,0,0,0.0,0.0,0,0,0,0,0.0000,0.0000,26.99,0,stuck
1779721982.535,crossing_person,0,fusion_with_risk_avoidance,1,0.0000,0.0000,0.0000,8.00,0.00,8.0000,0.0000,0.0000,5.1070,0,0,0,0,0.0,0.0,0,0,0,0,0.0000,0.0000,27.09,0,stuck
1779721982.635,crossing_person,0,fusion_with_risk_avoidance,1,0.0000,0.0000,0.0000,8.00,0.00,8.0000,0.0000,0.0000,5.0839,0,0,0,0,0.0,0.0,0,0,0,0,0.0000,0.0000,27.19,0,stuck
1779721982.735,crossing_person,0,fusion_with_risk_avoidance,1,0.0000,0.0000,0.0000,8.00,0.00,8.0000,0.0000,0.0000,5.0636,0,0,0,0,0.0,0.0,0,0,0,0,0.0000,0.0000,27.29,0,stuck
1779721982.835,crossing_person,0,fusion_with_risk_avoidance,1,0.0000,0.0000,0.0000,8.00,0.00,8.0000,0.0000,0.0000,5.0460,0,0,0,0,0.0,0.0,0,0,0,0,0.0000,0.0000,27.39,0,stuck
1779721982.935,crossing_person,0,fusion_with_risk_avoidance,1,0.0000,0.0000,0.0000,8.00,0.00,8.0000,0.0000,0.0000,5.0312,0,0,0,0,0.0,0.0,0,0,0,0,0.0000,0.0000,27.49,0,stuck
1779721983.036,crossing_person,0,fusion_with_risk_avoidance,1,0.0000,0.0000,0.0000,8.00,0.00,8.0000,0.0000,0.0000,5.0193,0,0,0,0,0.0,0.0,0,0,0,0,0.0000,0.0000,27.59,0,stuck
1779721983.135,crossing_person,0,fusion_with_risk_avoidance,1,0.0000,0.0000,0.0000,8.00,0.00,8.0000,0.0000,0.0000,5.0102,0,0,0,0,0.0,0.0,0,0,0,0,0.0000,0.0000,27.69,0,stuck
1779721983.235,crossing_person,0,fusion_with_risk_avoidance,1,0.0000,0.0000,0.0000,8.00,0.00,8.0000,0.0000,0.0000,5.0040,0,0,0,0,0.0,0.0,0,0,0,0,0.0000,0.0000,27.79,0,stuck
1779721983.335,crossing_person,0,fusion_with_risk_avoidance,1,0.0000,0.0000,0.0000,8.00,0.00,8.0000,0.0000,0.0000,5.0006,0,0,0,0,0.0,0.0,0,0,0,0,0.0000,0.0000,27.89,0,stuck
1779721983.435,crossing_person,0,fusion_with_risk_avoidance,1,0.0000,0.0000,0.0000,8.00,0.00,8.0000,0.0000,0.0000,5.0002,0,0,0,0,0.0,0.0,0,0,0,0,0.0000,0.0000,27.99,0,stuck
1779721983.535,crossing_person,0,fusion_with_risk_avoidance,1,0.0000,0.0000,0.0000,8.00,0.00,8.0000,0.0000,0.0000,5.0026,0,0,0,0,0.0,0.0,0,0,0,0,0.0000,0.0000,28.09,0,stuck
1779721983.635,crossing_person,0,fusion_with_risk_avoidance,1,0.0000,0.0000,0.0000,8.00,0.00,8.0000,0.0000,0.0000,5.0079,0,0,0,0,0.0,0.0,0,0,0,0,0.0000,0.0000,28.19,0,stuck
1779721983.735,crossing_person,0,fusion_with_risk_avoidance,1,0.0000,0.0000,0.0000,8.00,0.00,8.0000,0.0000,0.0000,5.0160,0,0,0,0,0.0,0.0,0,0,0,0,0.0000,0.0000,28.29,0,stuck
1779721983.835,crossing_person,0,fusion_with_risk_avoidance,1,0.0000,0.0000,0.0000,8.00,0.00,8.0000,0.0000,0.0000,5.0270,0,0,0,0,0.0,0.0,0,0,0,0,0.0000,0.0000,28.39,0,stuck
1779721983.935,crossing_person,0,fusion_with_risk_avoidance,1,0.0000,0.0000,0.0000,8.00,0.00,8.0000,0.0000,0.0000,5.0408,0,0,0,0,0.0,0.0,0,0,0,0,0.0000,0.0000,28.49,0,stuck
1779721984.035,crossing_person,0,fusion_with_risk_avoidance,1,0.0000,0.0000,0.0000,8.00,0.00,8.0000,0.0000,0.0000,5.0575,0,0,0,0,0.0,0.0,0,0,0,0,0.0000,0.0000,28.59,0,stuck
1779721984.135,crossing_person,0,fusion_with_risk_avoidance,1,0.0000,0.0000,0.0000,8.00,0.00,8.0000,0.0000,0.0000,5.0769,0,0,0,0,0.0,0.0,0,0,0,0,0.0000,0.0000,28.69,0,stuck
1779721984.235,crossing_person,0,fusion_with_risk_avoidance,1,0.0000,0.0000,0.0000,8.00,0.00,8.0000,0.0000,0.0000,5.0991,0,0,0,0,0.0,0.0,0,0,0,0,0.0000,0.0000,28.79,0,stuck
1779721984.335,crossing_person,0,fusion_with_risk_avoidance,1,0.0000,0.0000,0.0000,8.00,0.00,8.0000,0.0000,0.0000,5.1240,0,0,0,0,0.0,0.0,0,0,0,0,0.0000,0.0000,28.89,0,stuck
1779721984.435,crossing_person,0,fusion_with_risk_avoidance,1,0.0000,0.0000,0.0000,8.00,0.00,8.0000,0.0000,0.0000,5.1515,0,0,0,0,0.0,0.0,0,0,0,0,0.0000,0.0000,28.99,0,stuck
1779721984.535,crossing_person,0,fusion_with_risk_avoidance,1,0.0000,0.0000,0.0000,8.00,0.00,8.0000,0.0000,0.0000,5.1818,0,0,0,0,0.0,0.0,0,0,0,0,0.0000,0.0000,29.09,0,stuck
1779721984.635,crossing_person,0,fusion_with_risk_avoidance,1,0.0000,0.0000,0.0000,8.00,0.00,8.0000,0.0000,0.0000,5.2145,0,0,0,0,0.0,0.0,0,0,0,0,0.0000,0.0000,29.19,0,stuck
1779721984.735,crossing_person,0,fusion_with_risk_avoidance,1,0.0000,0.0000,0.0000,8.00,0.00,8.0000,0.0000,0.0000,5.2499,0,0,0,0,0.0,0.0,0,0,0,0,0.0000,0.0000,29.29,0,stuck
1779721984.835,crossing_person,0,fusion_with_risk_avoidance,1,0.0000,0.0000,0.0000,8.00,0.00,8.0000,0.0000,0.0000,5.2877,0,0,0,0,0.0,0.0,0,0,0,0,0.0000,0.0000,29.39,0,stuck
1779721984.935,crossing_person,0,fusion_with_risk_avoidance,1,0.0000,0.0000,0.0000,8.00,0.00,8.0000,0.0000,0.0000,5.3282,0,0,0,0,0.0,0.0,0,0,0,0,0.0000,0.0000,29.49,0,stuck
1779721985.035,crossing_person,0,fusion_with_risk_avoidance,1,0.0000,0.0000,0.0000,8.00,0.00,8.0000,0.0000,0.0000,5.3706,0,0,0,0,0.0,0.0,0,0,0,0,0.0000,0.0000,29.59,0,stuck
1779721985.135,crossing_person,0,fusion_with_risk_avoidance,1,0.0000,0.0000,0.0000,8.00,0.00,8.0000,0.0000,0.0000,5.3559,0,0,0,0,0.0,0.0,0,0,0,0,0.0000,0.0000,29.69,0,stuck
1779721985.235,crossing_person,0,fusion_with_risk_avoidance,1,0.0000,0.0000,0.0000,8.00,0.00,8.0000,0.0000,0.0000,5.3140,0,0,0,0,0.0,0.0,0,0,0,0,0.0000,0.0000,29.79,0,stuck
1779721985.335,crossing_person,0,fusion_with_risk_avoidance,1,0.0000,0.0000,0.0000,8.00,0.00,8.0000,0.0000,0.0000,5.2746,0,0,0,0,0.0,0.0,0,0,0,0,0.0000,0.0000,29.89,0,stuck
1779721985.437,crossing_person,0,fusion_with_risk_avoidance,1,0.0000,0.0000,0.0000,8.00,0.00,8.0000,0.0000,0.0000,5.2376,0,0,0,0,0.0,0.0,0,0,0,0,0.0000,0.0000,29.99,0,stuck
1779721985.535,crossing_person,0,fusion_with_risk_avoidance,1,0.0000,0.0000,0.0000,8.00,0.00,8.0000,0.0000,0.0000,5.2031,0,0,0,0,0.0,0.0,0,0,0,0,0.0000,0.0000,30.09,0,stuck
1779721985.635,crossing_person,0,fusion_with_risk_avoidance,1,0.0000,0.0000,0.0000,8.00,0.00,8.0000,0.0000,0.0000,5.1712,0,0,0,0,0.0,0.0,0,0,0,0,0.0000,0.0000,30.19,0,stuck
1779721985.735,crossing_person,0,fusion_with_risk_avoidance,1,0.0000,0.0000,0.0000,8.00,0.00,8.0000,0.0000,0.0000,5.1419,0,0,0,0,0.0,0.0,0,0,0,0,0.0000,0.0000,30.29,0,stuck
1779721985.835,crossing_person,0,fusion_with_risk_avoidance,1,0.0000,0.0000,0.0000,8.00,0.00,8.0000,0.0000,0.0000,5.1152,0,0,0,0,0.0,0.0,0,0,0,0,0.0000,0.0000,30.39,0,stuck
1779721985.935,crossing_person,0,fusion_with_risk_avoidance,1,0.0000,0.0000,0.0000,8.00,0.00,8.0000,0.0000,0.0000,5.0912,0,0,0,0,0.0,0.0,0,0,0,0,0.0000,0.0000,30.49,0,stuck
1779721986.035,crossing_person,0,fusion_with_risk_avoidance,1,0.0000,0.0000,0.0000,8.00,0.00,8.0000,0.0000,0.0000,5.0700,0,0,0,0,0.0,0.0,0,0,0,0,0.0000,0.0000,30.59,0,stuck
1779721986.135,crossing_person,0,fusion_with_risk_avoidance,1,0.0000,0.0000,0.0000,8.00,0.00,8.0000,0.0000,0.0000,5.0515,0,0,0,0,0.0,0.0,0,0,0,0,0.0000,0.0000,30.69,0,stuck
1779721986.235,crossing_person,0,fusion_with_risk_avoidance,1,0.0000,0.0000,0.0000,8.00,0.00,8.0000,0.0000,0.0000,5.0358,0,0,0,0,0.0,0.0,0,0,0,0,0.0000,0.0000,30.79,0,stuck
1779721986.335,crossing_person,0,fusion_with_risk_avoidance,1,0.0000,0.0000,0.0000,8.00,0.00,8.0000,0.0000,0.0000,5.0230,0,0,0,0,0.0,0.0,0,0,0,0,0.0000,0.0000,30.89,0,stuck
1779721986.435,crossing_person,0,fusion_with_risk_avoidance,1,0.0000,0.0000,0.0000,8.00,0.00,8.0000,0.0000,0.0000,5.0129,0,0,0,0,0.0,0.0,0,0,0,0,0.0000,0.0000,30.99,0,stuck
1779721986.535,crossing_person,0,fusion_with_risk_avoidance,1,0.0000,0.0000,0.0000,8.00,0.00,8.0000,0.0000,0.0000,5.0057,0,0,0,0,0.0,0.0,0,0,0,0,0.0000,0.0000,31.09,0,stuck
1779721986.635,crossing_person,0,fusion_with_risk_avoidance,1,0.0000,0.0000,0.0000,8.00,0.00,8.0000,0.0000,0.0000,5.0014,0,0,0,0,0.0,0.0,0,0,0,0,0.0000,0.0000,31.19,0,stuck
1779721986.735,crossing_person,0,fusion_with_risk_avoidance,1,0.0000,0.0000,0.0000,8.00,0.00,8.0000,0.0000,0.0000,5.0000,0,0,0,0,0.0,0.0,0,0,0,0,0.0000,0.0000,31.29,0,stuck
1779721986.835,crossing_person,0,fusion_with_risk_avoidance,1,0.0000,0.0000,0.0000,8.00,0.00,8.0000,0.0000,0.0000,5.0014,0,0,0,0,0.0,0.0,0,0,0,0,0.0000,0.0000,31.39,0,stuck
1779721986.935,crossing_person,0,fusion_with_risk_avoidance,1,0.0000,0.0000,0.0000,8.00,0.00,8.0000,0.0000,0.0000,5.0058,0,0,0,0,0.0,0.0,0,0,0,0,0.0000,0.0000,31.49,0,stuck
1779721987.035,crossing_person,0,fusion_with_risk_avoidance,1,0.0000,0.0000,0.0000,8.00,0.00,8.0000,0.0000,0.0000,5.0130,0,0,0,0,0.0,0.0,0,0,0,0,0.0000,0.0000,31.59,0,stuck
1779721987.135,crossing_person,0,fusion_with_risk_avoidance,1,0.0000,0.0000,0.0000,8.00,0.00,8.0000,0.0000,0.0000,5.0230,0,0,0,0,0.0,0.0,0,0,0,0,0.0000,0.0000,31.69,0,stuck
1779721987.235,crossing_person,0,fusion_with_risk_avoidance,1,0.0000,0.0000,0.0000,8.00,0.00,8.0000,0.0000,0.0000,5.0359,0,0,0,0,0.0,0.0,0,0,0,0,0.0000,0.0000,31.79,0,stuck
1779721987.335,crossing_person,0,fusion_with_risk_avoidance,1,0.0000,0.0000,0.0000,8.00,0.00,8.0000,0.0000,0.0000,5.0516,0,0,0,0,0.0,0.0,0,0,0,0,0.0000,0.0000,31.89,0,stuck
1779721987.435,crossing_person,0,fusion_with_risk_avoidance,1,0.0000,0.0000,0.0000,8.00,0.00,8.0000,0.0000,0.0000,5.0701,0,0,0,0,0.0,0.0,0,0,0,0,0.0000,0.0000,31.99,0,stuck
1779721987.535,crossing_person,0,fusion_with_risk_avoidance,1,0.0000,0.0000,0.0000,8.00,0.00,8.0000,0.0000,0.0000,5.0914,0,0,0,0,0.0,0.0,0,0,0,0,0.0000,0.0000,32.09,0,stuck
1779721987.635,crossing_person,0,fusion_with_risk_avoidance,1,0.0000,0.0000,0.0000,8.00,0.00,8.0000,0.0000,0.0000,5.1154,0,0,0,0,0.0,0.0,0,0,0,0,0.0000,0.0000,32.19,0,stuck
1779721987.735,crossing_person,0,fusion_with_risk_avoidance,1,0.0000,0.0000,0.0000,8.00,0.00,8.0000,0.0000,0.0000,5.1421,0,0,0,0,0.0,0.0,0,0,0,0,0.0000,0.0000,32.29,0,stuck
1779721987.835,crossing_person,0,fusion_with_risk_avoidance,1,0.0000,0.0000,0.0000,8.00,0.00,8.0000,0.0000,0.0000,5.1714,0,0,0,0,0.0,0.0,0,0,0,0,0.0000,0.0000,32.39,0,stuck
1779721987.935,crossing_person,0,fusion_with_risk_avoidance,1,0.0000,0.0000,0.0000,8.00,0.00,8.0000,0.0000,0.0000,5.2033,0,0,0,0,0.0,0.0,0,0,0,0,0.0000,0.0000,32.49,0,stuck
1779721988.035,crossing_person,0,fusion_with_risk_avoidance,1,0.0000,0.0000,0.0000,8.00,0.00,8.0000,0.0000,0.0000,5.2378,0,0,0,0,0.0,0.0,0,0,0,0,0.0000,0.0000,32.59,0,stuck
1779721988.135,crossing_person,0,fusion_with_risk_avoidance,1,0.0000,0.0000,0.0000,8.00,0.00,8.0000,0.0000,0.0000,5.2748,0,0,0,0,0.0,0.0,0,0,0,0,0.0000,0.0000,32.69,0,stuck
1779721988.235,crossing_person,0,fusion_with_risk_avoidance,1,0.0000,0.0000,0.0000,8.00,0.00,8.0000,0.0000,0.0000,5.3142,0,0,0,0,0.0,0.0,0,0,0,0,0.0000,0.0000,32.79,0,stuck
1779721988.335,crossing_person,0,fusion_with_risk_avoidance,1,0.0000,0.0000,0.0000,8.00,0.00,8.0000,0.0000,0.0000,5.3561,0,0,0,0,0.0,0.0,0,0,0,0,0.0000,0.0000,32.89,0,stuck
1779721988.435,crossing_person,0,fusion_with_risk_avoidance,1,0.0000,0.0000,0.0000,8.00,0.00,8.0000,0.0000,0.0000,5.3703,0,0,0,0,0.0,0.0,0,0,0,0,0.0000,0.0000,32.99,0,stuck
1779721988.535,crossing_person,0,fusion_with_risk_avoidance,1,0.0000,0.0000,0.0000,8.00,0.00,8.0000,0.0000,0.0000,5.3277,0,0,0,0,0.0,0.0,0,0,0,0,0.0000,0.0000,33.09,0,stuck
1779721988.635,crossing_person,0,fusion_with_risk_avoidance,1,0.0000,0.0000,0.0000,8.00,0.00,8.0000,0.0000,0.0000,5.2875,0,0,0,0,0.0,0.0,0,0,0,0,0.0000,0.0000,33.19,0,stuck
1779721988.735,crossing_person,0,fusion_with_risk_avoidance,1,0.0000,0.0000,0.0000,8.00,0.00,8.0000,0.0000,0.0000,5.2497,0,0,0,0,0.0,0.0,0,0,0,0,0.0000,0.0000,33.29,0,stuck
1779721988.835,crossing_person,0,fusion_with_risk_avoidance,1,0.0000,0.0000,0.0000,8.00,0.00,8.0000,0.0000,0.0000,5.2144,0,0,0,0,0.0,0.0,0,0,0,0,0.0000,0.0000,33.39,0,stuck
1779721988.935,crossing_person,0,fusion_with_risk_avoidance,1,0.0000,0.0000,0.0000,8.00,0.00,8.0000,0.0000,0.0000,5.1816,0,0,0,0,0.0,0.0,0,0,0,0,0.0000,0.0000,33.49,0,stuck
1779721989.035,crossing_person,0,fusion_with_risk_avoidance,1,0.0000,0.0000,0.0000,8.00,0.00,8.0000,0.0000,0.0000,5.1514,0,0,0,0,0.0,0.0,0,0,0,0,0.0000,0.0000,33.59,0,stuck
1779721989.135,crossing_person,0,fusion_with_risk_avoidance,1,0.0000,0.0000,0.0000,8.00,0.00,8.0000,0.0000,0.0000,5.1238,0,0,0,0,0.0,0.0,0,0,0,0,0.0000,0.0000,33.69,0,stuck
1779721989.235,crossing_person,0,fusion_with_risk_avoidance,1,0.0000,0.0000,0.0000,8.00,0.00,8.0000,0.0000,0.0000,5.0990,0,0,0,0,0.0,0.0,0,0,0,0,0.0000,0.0000,33.79,0,stuck
1779721989.335,crossing_person,0,fusion_with_risk_avoidance,1,0.0000,0.0000,0.0000,8.00,0.00,8.0000,0.0000,0.0000,5.0768,0,0,0,0,0.0,0.0,0,0,0,0,0.0000,0.0000,33.89,0,stuck
1779721989.435,crossing_person,0,fusion_with_risk_avoidance,1,0.0000,0.0000,0.0000,8.00,0.00,8.0000,0.0000,0.0000,5.0574,0,0,0,0,0.0,0.0,0,0,0,0,0.0000,0.0000,33.99,0,stuck
1779721989.535,crossing_person,0,fusion_with_risk_avoidance,1,0.0000,0.0000,0.0000,8.00,0.00,8.0000,0.0000,0.0000,5.0408,0,0,0,0,0.0,0.0,0,0,0,0,0.0000,0.0000,34.09,0,stuck
1779721989.635,crossing_person,0,fusion_with_risk_avoidance,1,0.0000,0.0000,0.0000,8.00,0.00,8.0000,0.0000,0.0000,5.0269,0,0,0,0,0.0,0.0,0,0,0,0,0.0000,0.0000,34.19,0,stuck
1779721989.735,crossing_person,0,fusion_with_risk_avoidance,1,0.0000,0.0000,0.0000,8.00,0.00,8.0000,0.0000,0.0000,5.0159,0,0,0,0,0.0,0.0,0,0,0,0,0.0000,0.0000,34.29,0,stuck
1779721989.835,crossing_person,0,fusion_with_risk_avoidance,1,0.0000,0.0000,0.0000,8.00,0.00,8.0000,0.0000,0.0000,5.0078,0,0,0,0,0.0,0.0,0,0,0,0,0.0000,0.0000,34.39,0,stuck
1779721989.935,crossing_person,0,fusion_with_risk_avoidance,1,0.0000,0.0000,0.0000,8.00,0.00,8.0000,0.0000,0.0000,5.0025,0,0,0,0,0.0,0.0,0,0,0,0,0.0000,0.0000,34.49,0,stuck
1779721990.035,crossing_person,0,fusion_with_risk_avoidance,1,0.0000,0.0000,0.0000,8.00,0.00,8.0000,0.0000,0.0000,5.0002,0,0,0,0,0.0,0.0,0,0,0,0,0.0000,0.0000,34.59,0,stuck
1779721990.135,crossing_person,0,fusion_with_risk_avoidance,1,0.0000,0.0000,0.0000,8.00,0.00,8.0000,0.0000,0.0000,5.0006,0,0,0,0,0.0,0.0,0,0,0,0,0.0000,0.0000,34.69,0,stuck
1779721990.235,crossing_person,0,fusion_with_risk_avoidance,1,0.0000,0.0000,0.0000,8.00,0.00,8.0000,0.0000,0.0000,5.0040,0,0,0,0,0.0,0.0,0,0,0,0,0.0000,0.0000,34.79,0,stuck
1779721990.335,crossing_person,0,fusion_with_risk_avoidance,1,0.0000,0.0000,0.0000,8.00,0.00,8.0000,0.0000,0.0000,5.0103,0,0,0,0,0.0,0.0,0,0,0,0,0.0000,0.0000,34.89,0,stuck
1779721990.435,crossing_person,0,fusion_with_risk_avoidance,1,0.0000,0.0000,0.0000,8.00,0.00,8.0000,0.0000,0.0000,5.0193,0,0,0,0,0.0,0.0,0,0,0,0,0.0000,0.0000,34.99,0,stuck
1779721990.535,crossing_person,0,fusion_with_risk_avoidance,1,0.0000,0.0000,0.0000,8.00,0.00,8.0000,0.0000,0.0000,5.0313,0,0,0,0,0.0,0.0,0,0,0,0,0.0000,0.0000,35.09,0,stuck
1779721990.635,crossing_person,0,fusion_with_risk_avoidance,1,0.0000,0.0000,0.0000,8.00,0.00,8.0000,0.0000,0.0000,5.0461,0,0,0,0,0.0,0.0,0,0,0,0,0.0000,0.0000,35.19,0,stuck
1779721990.735,crossing_person,0,fusion_with_risk_avoidance,1,0.0000,0.0000,0.0000,8.00,0.00,8.0000,0.0000,0.0000,5.0636,0,0,0,0,0.0,0.0,0,0,0,0,0.0000,0.0000,35.29,0,stuck
1779721990.835,crossing_person,0,fusion_with_risk_avoidance,1,0.0000,0.0000,0.0000,8.00,0.00,8.0000,0.0000,0.0000,5.0840,0,0,0,0,0.0,0.0,0,0,0,0,0.0000,0.0000,35.39,0,stuck
1779721990.935,crossing_person,0,fusion_with_risk_avoidance,1,0.0000,0.0000,0.0000,8.00,0.00,8.0000,0.0000,0.0000,5.1071,0,0,0,0,0.0,0.0,0,0,0,0,0.0000,0.0000,35.49,0,stuck
1779721991.035,crossing_person,0,fusion_with_risk_avoidance,1,0.0000,0.0000,0.0000,8.00,0.00,8.0000,0.0000,0.0000,5.1329,0,0,0,0,0.0,0.0,0,0,0,0,0.0000,0.0000,35.59,0,stuck
1779721991.135,crossing_person,0,fusion_with_risk_avoidance,1,0.0000,0.0000,0.0000,8.00,0.00,8.0000,0.0000,0.0000,5.1613,0,0,0,0,0.0,0.0,0,0,0,0,0.0000,0.0000,35.69,0,stuck
1779721991.235,crossing_person,0,fusion_with_risk_avoidance,1,0.0000,0.0000,0.0000,8.00,0.00,8.0000,0.0000,0.0000,5.1924,0,0,0,0,0.0,0.0,0,0,0,0,0.0000,0.0000,35.79,0,stuck
1779721991.335,crossing_person,0,fusion_with_risk_avoidance,1,0.0000,0.0000,0.0000,8.00,0.00,8.0000,0.0000,0.0000,5.2260,0,0,0,0,0.0,0.0,0,0,0,0,0.0000,0.0000,35.89,0,stuck
1779721991.435,crossing_person,0,fusion_with_risk_avoidance,1,0.0000,0.0000,0.0000,8.00,0.00,8.0000,0.0000,0.0000,5.2622,0,0,0,0,0.0,0.0,0,0,0,0,0.0000,0.0000,35.99,0,stuck
1779721991.535,crossing_person,0,fusion_with_risk_avoidance,1,0.0000,0.0000,0.0000,8.00,0.00,8.0000,0.0000,0.0000,5.3009,0,0,0,0,0.0,0.0,0,0,0,0,0.0000,0.0000,36.09,0,stuck
1779721991.635,crossing_person,0,fusion_with_risk_avoidance,1,0.0000,0.0000,0.0000,8.00,0.00,8.0000,0.0000,0.0000,5.3419,0,0,0,0,0.0,0.0,0,0,0,0,0.0000,0.0000,36.19,0,stuck
1779721991.735,crossing_person,0,fusion_with_risk_avoidance,1,0.0000,0.0000,0.0000,8.00,0.00,8.0000,0.0000,0.0000,5.3851,0,0,0,0,0.0,0.0,0,0,0,0,0.0000,0.0000,36.29,0,stuck
1779721991.835,crossing_person,0,fusion_with_risk_avoidance,1,0.0000,0.0000,0.0000,8.00,0.00,8.0000,0.0000,0.0000,5.3417,0,0,0,0,0.0,0.0,0,0,0,0,0.0000,0.0000,36.39,0,stuck
1779721991.935,crossing_person,0,fusion_with_risk_avoidance,1,0.0000,0.0000,0.0000,8.00,0.00,8.0000,0.0000,0.0000,5.3006,0,0,0,0,0.0,0.0,0,0,0,0,0.0000,0.0000,36.49,0,stuck
1779721992.035,crossing_person,0,fusion_with_risk_avoidance,1,0.0000,0.0000,0.0000,8.00,0.00,8.0000,0.0000,0.0000,5.2620,0,0,0,0,0.0,0.0,0,0,0,0,0.0000,0.0000,36.59,0,stuck
1779721992.135,crossing_person,0,fusion_with_risk_avoidance,1,0.0000,0.0000,0.0000,8.00,0.00,8.0000,0.0000,0.0000,5.2259,0,0,0,0,0.0,0.0,0,0,0,0,0.0000,0.0000,36.69,0,stuck
1779721992.235,crossing_person,0,fusion_with_risk_avoidance,1,0.0000,0.0000,0.0000,8.00,0.00,8.0000,0.0000,0.0000,5.1922,0,0,0,0,0.0,0.0,0,0,0,0,0.0000,0.0000,36.79,0,stuck
1779721992.335,crossing_person,0,fusion_with_risk_avoidance,1,0.0000,0.0000,0.0000,8.00,0.00,8.0000,0.0000,0.0000,5.1612,0,0,0,0,0.0,0.0,0,0,0,0,0.0000,0.0000,36.89,0,stuck
1779721992.435,crossing_person,0,fusion_with_risk_avoidance,1,0.0000,0.0000,0.0000,8.00,0.00,8.0000,0.0000,0.0000,5.1327,0,0,0,0,0.0,0.0,0,0,0,0,0.0000,0.0000,36.99,0,stuck
1779721992.535,crossing_person,0,fusion_with_risk_avoidance,1,0.0000,0.0000,0.0000,8.00,0.00,8.0000,0.0000,0.0000,5.1069,0,0,0,0,0.0,0.0,0,0,0,0,0.0000,0.0000,37.09,0,stuck
1779721992.635,crossing_person,0,fusion_with_risk_avoidance,1,0.0000,0.0000,0.0000,8.00,0.00,8.0000,0.0000,0.0000,5.0839,0,0,0,0,0.0,0.0,0,0,0,0,0.0000,0.0000,37.19,0,stuck
1779721992.735,crossing_person,0,fusion_with_risk_avoidance,1,0.0000,0.0000,0.0000,8.00,0.00,8.0000,0.0000,0.0000,5.0635,0,0,0,0,0.0,0.0,0,0,0,0,0.0000,0.0000,37.29,0,stuck
1779721992.836,crossing_person,0,fusion_with_risk_avoidance,1,0.0000,0.0000,0.0000,8.00,0.00,8.0000,0.0000,0.0000,5.0460,0,0,0,0,0.0,0.0,0,0,0,0,0.0000,0.0000,37.39,0,stuck
1779721992.935,crossing_person,0,fusion_with_risk_avoidance,1,0.0000,0.0000,0.0000,8.00,0.00,8.0000,0.0000,0.0000,5.0312,0,0,0,0,0.0,0.0,0,0,0,0,0.0000,0.0000,37.49,0,stuck
1779721993.035,crossing_person,0,fusion_with_risk_avoidance,1,0.0000,0.0000,0.0000,8.00,0.00,8.0000,0.0000,0.0000,5.0193,0,0,0,0,0.0,0.0,0,0,0,0,0.0000,0.0000,37.59,0,stuck
1779721993.135,crossing_person,0,fusion_with_risk_avoidance,1,0.0000,0.0000,0.0000,8.00,0.00,8.0000,0.0000,0.0000,5.0102,0,0,0,0,0.0,0.0,0,0,0,0,0.0000,0.0000,37.69,0,stuck
1779721993.235,crossing_person,0,fusion_with_risk_avoidance,1,0.0000,0.0000,0.0000,8.00,0.00,8.0000,0.0000,0.0000,5.0040,0,0,0,0,0.0,0.0,0,0,0,0,0.0000,0.0000,37.79,0,stuck
1779721993.335,crossing_person,0,fusion_with_risk_avoidance,1,0.0000,0.0000,0.0000,8.00,0.00,8.0000,0.0000,0.0000,5.0006,0,0,0,0,0.0,0.0,0,0,0,0,0.0000,0.0000,37.89,0,stuck
1779721993.435,crossing_person,0,fusion_with_risk_avoidance,1,0.0000,0.0000,0.0000,8.00,0.00,8.0000,0.0000,0.0000,5.0002,0,0,0,0,0.0,0.0,0,0,0,0,0.0000,0.0000,37.99,0,stuck
1779721993.535,crossing_person,0,fusion_with_risk_avoidance,1,0.0000,0.0000,0.0000,8.00,0.00,8.0000,0.0000,0.0000,5.0026,0,0,0,0,0.0,0.0,0,0,0,0,0.0000,0.0000,38.09,0,stuck
1779721993.635,crossing_person,0,fusion_with_risk_avoidance,1,0.0000,0.0000,0.0000,8.00,0.00,8.0000,0.0000,0.0000,5.0079,0,0,0,0,0.0,0.0,0,0,0,0,0.0000,0.0000,38.19,0,stuck
1779721993.735,crossing_person,0,fusion_with_risk_avoidance,1,0.0000,0.0000,0.0000,8.00,0.00,8.0000,0.0000,0.0000,5.0160,0,0,0,0,0.0,0.0,0,0,0,0,0.0000,0.0000,38.29,0,stuck
1779721993.835,crossing_person,0,fusion_with_risk_avoidance,1,0.0000,0.0000,0.0000,8.00,0.00,8.0000,0.0000,0.0000,5.0270,0,0,0,0,0.0,0.0,0,0,0,0,0.0000,0.0000,38.39,0,stuck
1779721993.935,crossing_person,0,fusion_with_risk_avoidance,1,0.0000,0.0000,0.0000,8.00,0.00,8.0000,0.0000,0.0000,5.0409,0,0,0,0,0.0,0.0,0,0,0,0,0.0000,0.0000,38.49,0,stuck
1779721994.035,crossing_person,0,fusion_with_risk_avoidance,1,0.0000,0.0000,0.0000,8.00,0.00,8.0000,0.0000,0.0000,5.0575,0,0,0,0,0.0,0.0,0,0,0,0,0.0000,0.0000,38.59,0,stuck
1779721994.135,crossing_person,0,fusion_with_risk_avoidance,1,0.0000,0.0000,0.0000,8.00,0.00,8.0000,0.0000,0.0000,5.0769,0,0,0,0,0.0,0.0,0,0,0,0,0.0000,0.0000,38.69,0,stuck
1779721994.235,crossing_person,0,fusion_with_risk_avoidance,1,0.0000,0.0000,0.0000,8.00,0.00,8.0000,0.0000,0.0000,5.0991,0,0,0,0,0.0,0.0,0,0,0,0,0.0000,0.0000,38.79,0,stuck
1779721994.335,crossing_person,0,fusion_with_risk_avoidance,1,0.0000,0.0000,0.0000,8.00,0.00,8.0000,0.0000,0.0000,5.1240,0,0,0,0,0.0,0.0,0,0,0,0,0.0000,0.0000,38.89,0,stuck
1779721994.435,crossing_person,0,fusion_with_risk_avoidance,1,0.0000,0.0000,0.0000,8.00,0.00,8.0000,0.0000,0.0000,5.1515,0,0,0,0,0.0,0.0,0,0,0,0,0.0000,0.0000,38.99,0,stuck
1779721994.535,crossing_person,0,fusion_with_risk_avoidance,1,0.0000,0.0000,0.0000,8.00,0.00,8.0000,0.0000,0.0000,5.1818,0,0,0,0,0.0,0.0,0,0,0,0,0.0000,0.0000,39.09,0,stuck
1779721994.635,crossing_person,0,fusion_with_risk_avoidance,1,0.0000,0.0000,0.0000,8.00,0.00,8.0000,0.0000,0.0000,5.2145,0,0,0,0,0.0,0.0,0,0,0,0,0.0000,0.0000,39.19,0,stuck
1779721994.735,crossing_person,0,fusion_with_risk_avoidance,1,0.0000,0.0000,0.0000,8.00,0.00,8.0000,0.0000,0.0000,5.2499,0,0,0,0,0.0,0.0,0,0,0,0,0.0000,0.0000,39.29,0,stuck
1779721994.835,crossing_person,0,fusion_with_risk_avoidance,1,0.0000,0.0000,0.0000,8.00,0.00,8.0000,0.0000,0.0000,5.2877,0,0,0,0,0.0,0.0,0,0,0,0,0.0000,0.0000,39.39,0,stuck
1779721994.935,crossing_person,0,fusion_with_risk_avoidance,1,0.0000,0.0000,0.0000,8.00,0.00,8.0000,0.0000,0.0000,5.3279,0,0,0,0,0.0,0.0,0,0,0,0,0.0000,0.0000,39.49,0,stuck
1779721995.035,crossing_person,0,fusion_with_risk_avoidance,1,0.0000,0.0000,0.0000,8.00,0.00,8.0000,0.0000,0.0000,5.3705,0,0,0,0,0.0,0.0,0,0,0,0,0.0000,0.0000,39.59,0,stuck
1779721995.135,crossing_person,0,fusion_with_risk_avoidance,1,0.0000,0.0000,0.0000,8.00,0.00,8.0000,0.0000,0.0000,5.3558,0,0,0,0,0.0,0.0,0,0,0,0,0.0000,0.0000,39.69,0,stuck
1779721995.235,crossing_person,0,fusion_with_risk_avoidance,1,0.0000,0.0000,0.0000,8.00,0.00,8.0000,0.0000,0.0000,5.3140,0,0,0,0,0.0,0.0,0,0,0,0,0.0000,0.0000,39.79,0,stuck
1779721995.335,crossing_person,0,fusion_with_risk_avoidance,1,0.0000,0.0000,0.0000,8.00,0.00,8.0000,0.0000,0.0000,5.2746,0,0,0,0,0.0,0.0,0,0,0,0,0.0000,0.0000,39.89,0,stuck
1779721995.435,crossing_person,0,fusion_with_risk_avoidance,1,0.0000,0.0000,0.0000,8.00,0.00,8.0000,0.0000,0.0000,5.2376,0,0,0,0,0.0,0.0,0,0,0,0,0.0000,0.0000,39.99,0,stuck
1779721995.535,crossing_person,0,fusion_with_risk_avoidance,1,0.0000,0.0000,0.0000,8.00,0.00,8.0000,0.0000,0.0000,5.2031,0,0,0,0,0.0,0.0,0,0,0,0,0.0000,0.0000,40.09,0,stuck
1779721995.635,crossing_person,0,fusion_with_risk_avoidance,1,0.0000,0.0000,0.0000,8.00,0.00,8.0000,0.0000,0.0000,5.1712,0,0,0,0,0.0,0.0,0,0,0,0,0.0000,0.0000,40.19,0,stuck
1779721995.735,crossing_person,0,fusion_with_risk_avoidance,1,0.0000,0.0000,0.0000,8.00,0.00,8.0000,0.0000,0.0000,5.1419,0,0,0,0,0.0,0.0,0,0,0,0,0.0000,0.0000,40.29,0,stuck
1779721995.835,crossing_person,0,fusion_with_risk_avoidance,1,0.0000,0.0000,0.0000,8.00,0.00,8.0000,0.0000,0.0000,5.1152,0,0,0,0,0.0,0.0,0,0,0,0,0.0000,0.0000,40.39,0,stuck
1779721995.936,crossing_person,0,fusion_with_risk_avoidance,1,0.0000,0.0000,0.0000,8.00,0.00,8.0000,0.0000,0.0000,5.0913,0,0,0,0,0.0,0.0,0,0,0,0,0.0000,0.0000,40.49,0,stuck
1779721996.035,crossing_person,0,fusion_with_risk_avoidance,1,0.0000,0.0000,0.0000,8.00,0.00,8.0000,0.0000,0.0000,5.0700,0,0,0,0,0.0,0.0,0,0,0,0,0.0000,0.0000,40.59,0,stuck
1779721996.135,crossing_person,0,fusion_with_risk_avoidance,1,0.0000,0.0000,0.0000,8.00,0.00,8.0000,0.0000,0.0000,5.0515,0,0,0,0,0.0,0.0,0,0,0,0,0.0000,0.0000,40.69,0,stuck
1779721996.235,crossing_person,0,fusion_with_risk_avoidance,1,0.0000,0.0000,0.0000,8.00,0.00,8.0000,0.0000,0.0000,5.0358,0,0,0,0,0.0,0.0,0,0,0,0,0.0000,0.0000,40.79,0,stuck
1779721996.335,crossing_person,0,fusion_with_risk_avoidance,1,0.0000,0.0000,0.0000,8.00,0.00,8.0000,0.0000,0.0000,5.0230,0,0,0,0,0.0,0.0,0,0,0,0,0.0000,0.0000,40.89,0,stuck
1779721996.435,crossing_person,0,fusion_with_risk_avoidance,1,0.0000,0.0000,0.0000,8.00,0.00,8.0000,0.0000,0.0000,5.0129,0,0,0,0,0.0,0.0,0,0,0,0,0.0000,0.0000,40.99,0,stuck
1779721996.535,crossing_person,0,fusion_with_risk_avoidance,1,0.0000,0.0000,0.0000,8.00,0.00,8.0000,0.0000,0.0000,5.0057,0,0,0,0,0.0,0.0,0,0,0,0,0.0000,0.0000,41.09,0,stuck
1779721996.635,crossing_person,0,fusion_with_risk_avoidance,1,0.0000,0.0000,0.0000,8.00,0.00,8.0000,0.0000,0.0000,5.0014,0,0,0,0,0.0,0.0,0,0,0,0,0.0000,0.0000,41.19,0,stuck
1779721996.735,crossing_person,0,fusion_with_risk_avoidance,1,0.0000,0.0000,0.0000,8.00,0.00,8.0000,0.0000,0.0000,5.0000,0,0,0,0,0.0,0.0,0,0,0,0,0.0000,0.0000,41.29,0,stuck
1779721996.835,crossing_person,0,fusion_with_risk_avoidance,1,0.0000,0.0000,0.0000,8.00,0.00,8.0000,0.0000,0.0000,5.0014,0,0,0,0,0.0,0.0,0,0,0,0,0.0000,0.0000,41.39,0,stuck
1779721996.935,crossing_person,0,fusion_with_risk_avoidance,1,0.0000,0.0000,0.0000,8.00,0.00,8.0000,0.0000,0.0000,5.0059,0,0,0,0,0.0,0.0,0,0,0,0,0.0000,0.0000,41.49,0,stuck
1779721997.035,crossing_person,0,fusion_with_risk_avoidance,1,0.0000,0.0000,0.0000,8.00,0.00,8.0000,0.0000,0.0000,5.0130,0,0,0,0,0.0,0.0,0,0,0,0,0.0000,0.0000,41.59,0,stuck
1779721997.135,crossing_person,0,fusion_with_risk_avoidance,1,0.0000,0.0000,0.0000,8.00,0.00,8.0000,0.0000,0.0000,5.0230,0,0,0,0,0.0,0.0,0,0,0,0,0.0000,0.0000,41.69,0,stuck
1779721997.235,crossing_person,0,fusion_with_risk_avoidance,1,0.0000,0.0000,0.0000,8.00,0.00,8.0000,0.0000,0.0000,5.0359,0,0,0,0,0.0,0.0,0,0,0,0,0.0000,0.0000,41.79,0,stuck
1779721997.335,crossing_person,0,fusion_with_risk_avoidance,1,0.0000,0.0000,0.0000,8.00,0.00,8.0000,0.0000,0.0000,5.0516,0,0,0,0,0.0,0.0,0,0,0,0,0.0000,0.0000,41.89,0,stuck
1779721997.435,crossing_person,0,fusion_with_risk_avoidance,1,0.0000,0.0000,0.0000,8.00,0.00,8.0000,0.0000,0.0000,5.0701,0,0,0,0,0.0,0.0,0,0,0,0,0.0000,0.0000,41.99,0,stuck
1779721997.535,crossing_person,0,fusion_with_risk_avoidance,1,0.0000,0.0000,0.0000,8.00,0.00,8.0000,0.0000,0.0000,5.0914,0,0,0,0,0.0,0.0,0,0,0,0,0.0000,0.0000,42.09,0,stuck
1779721997.635,crossing_person,0,fusion_with_risk_avoidance,1,0.0000,0.0000,0.0000,8.00,0.00,8.0000,0.0000,0.0000,5.1154,0,0,0,0,0.0,0.0,0,0,0,0,0.0000,0.0000,42.19,0,stuck
1779721997.735,crossing_person,0,fusion_with_risk_avoidance,1,0.0000,0.0000,0.0000,8.00,0.00,8.0000,0.0000,0.0000,5.1420,0,0,0,0,0.0,0.0,0,0,0,0,0.0000,0.0000,42.29,0,stuck
1779721997.835,crossing_person,0,fusion_with_risk_avoidance,1,0.0000,0.0000,0.0000,8.00,0.00,8.0000,0.0000,0.0000,5.1714,0,0,0,0,0.0,0.0,0,0,0,0,0.0000,0.0000,42.39,0,stuck
1779721997.935,crossing_person,0,fusion_with_risk_avoidance,1,0.0000,0.0000,0.0000,8.00,0.00,8.0000,0.0000,0.0000,5.2033,0,0,0,0,0.0,0.0,0,0,0,0,0.0000,0.0000,42.49,0,stuck
1779721998.035,crossing_person,0,fusion_with_risk_avoidance,1,0.0000,0.0000,0.0000,8.00,0.00,8.0000,0.0000,0.0000,5.2378,0,0,0,0,0.0,0.0,0,0,0,0,0.0000,0.0000,42.59,0,stuck
1779721998.135,crossing_person,0,fusion_with_risk_avoidance,1,0.0000,0.0000,0.0000,8.00,0.00,8.0000,0.0000,0.0000,5.2748,0,0,0,0,0.0,0.0,0,0,0,0,0.0000,0.0000,42.69,0,stuck
1779721998.235,crossing_person,0,fusion_with_risk_avoidance,1,0.0000,0.0000,0.0000,8.00,0.00,8.0000,0.0000,0.0000,5.3143,0,0,0,0,0.0,0.0,0,0,0,0,0.0000,0.0000,42.79,0,stuck
1779721998.335,crossing_person,0,fusion_with_risk_avoidance,1,0.0000,0.0000,0.0000,8.00,0.00,8.0000,0.0000,0.0000,5.3561,0,0,0,0,0.0,0.0,0,0,0,0,0.0000,0.0000,42.89,0,stuck
1779721998.435,crossing_person,0,fusion_with_risk_avoidance,1,0.0000,0.0000,0.0000,8.00,0.00,8.0000,0.0000,0.0000,5.3703,0,0,0,0,0.0,0.0,0,0,0,0,0.0000,0.0000,42.99,0,stuck
1779721998.536,crossing_person,0,fusion_with_risk_avoidance,1,0.0000,0.0000,0.0000,8.00,0.00,8.0000,0.0000,0.0000,5.3277,0,0,0,0,0.0,0.0,0,0,0,0,0.0000,0.0000,43.09,0,stuck
1779721998.635,crossing_person,0,fusion_with_risk_avoidance,1,0.0000,0.0000,0.0000,8.00,0.00,8.0000,0.0000,0.0000,5.2875,0,0,0,0,0.0,0.0,0,0,0,0,0.0000,0.0000,43.19,0,stuck
1779721998.735,crossing_person,0,fusion_with_risk_avoidance,1,0.0000,0.0000,0.0000,8.00,0.00,8.0000,0.0000,0.0000,5.2497,0,0,0,0,0.0,0.0,0,0,0,0,0.0000,0.0000,43.29,0,stuck
1779721998.835,crossing_person,0,fusion_with_risk_avoidance,1,0.0000,0.0000,0.0000,8.00,0.00,8.0000,0.0000,0.0000,5.2143,0,0,0,0,0.0,0.0,0,0,0,0,0.0000,0.0000,43.39,0,stuck
1779721998.935,crossing_person,0,fusion_with_risk_avoidance,1,0.0000,0.0000,0.0000,8.00,0.00,8.0000,0.0000,0.0000,5.1816,0,0,0,0,0.0,0.0,0,0,0,0,0.0000,0.0000,43.49,0,stuck
1779721999.035,crossing_person,0,fusion_with_risk_avoidance,1,0.0000,0.0000,0.0000,8.00,0.00,8.0000,0.0000,0.0000,5.1514,0,0,0,0,0.0,0.0,0,0,0,0,0.0000,0.0000,43.59,0,stuck
1779721999.135,crossing_person,0,fusion_with_risk_avoidance,1,0.0000,0.0000,0.0000,8.00,0.00,8.0000,0.0000,0.0000,5.1238,0,0,0,0,0.0,0.0,0,0,0,0,0.0000,0.0000,43.69,0,stuck
1779721999.235,crossing_person,0,fusion_with_risk_avoidance,1,0.0000,0.0000,0.0000,8.00,0.00,8.0000,0.0000,0.0000,5.0990,0,0,0,0,0.0,0.0,0,0,0,0,0.0000,0.0000,43.79,0,stuck
1779721999.335,crossing_person,0,fusion_with_risk_avoidance,1,0.0000,0.0000,0.0000,8.00,0.00,8.0000,0.0000,0.0000,5.0768,0,0,0,0,0.0,0.0,0,0,0,0,0.0000,0.0000,43.89,0,stuck
1779721999.435,crossing_person,0,fusion_with_risk_avoidance,1,0.0000,0.0000,0.0000,8.00,0.00,8.0000,0.0000,0.0000,5.0574,0,0,0,0,0.0,0.0,0,0,0,0,0.0000,0.0000,43.99,0,stuck
1779721999.535,crossing_person,0,fusion_with_risk_avoidance,1,0.0000,0.0000,0.0000,8.00,0.00,8.0000,0.0000,0.0000,5.0408,0,0,0,0,0.0,0.0,0,0,0,0,0.0000,0.0000,44.09,0,stuck
1779721999.635,crossing_person,0,fusion_with_risk_avoidance,1,0.0000,0.0000,0.0000,8.00,0.00,8.0000,0.0000,0.0000,5.0269,0,0,0,0,0.0,0.0,0,0,0,0,0.0000,0.0000,44.19,0,stuck
1779721999.735,crossing_person,0,fusion_with_risk_avoidance,1,0.0000,0.0000,0.0000,8.00,0.00,8.0000,0.0000,0.0000,5.0160,0,0,0,0,0.0,0.0,0,0,0,0,0.0000,0.0000,44.29,0,stuck
1779721999.835,crossing_person,0,fusion_with_risk_avoidance,1,0.0000,0.0000,0.0000,8.00,0.00,8.0000,0.0000,0.0000,5.0078,0,0,0,0,0.0,0.0,0,0,0,0,0.0000,0.0000,44.39,0,stuck
1779721999.935,crossing_person,0,fusion_with_risk_avoidance,1,0.0000,0.0000,0.0000,8.00,0.00,8.0000,0.0000,0.0000,5.0025,0,0,0,0,0.0,0.0,0,0,0,0,0.0000,0.0000,44.49,0,stuck
1779722000.035,crossing_person,0,fusion_with_risk_avoidance,1,0.0000,0.0000,0.0000,8.00,0.00,8.0000,0.0000,0.0000,5.0002,0,0,0,0,0.0,0.0,0,0,0,0,0.0000,0.0000,44.59,0,stuck
1779722000.135,crossing_person,0,fusion_with_risk_avoidance,1,0.0000,0.0000,0.0000,8.00,0.00,8.0000,0.0000,0.0000,5.0006,0,0,0,0,0.0,0.0,0,0,0,0,0.0000,0.0000,44.69,0,stuck
1779722000.235,crossing_person,0,fusion_with_risk_avoidance,1,0.0000,0.0000,0.0000,8.00,0.00,8.0000,0.0000,0.0000,5.0040,0,0,0,0,0.0,0.0,0,0,0,0,0.0000,0.0000,44.79,0,stuck
1779722000.335,crossing_person,0,fusion_with_risk_avoidance,1,0.0000,0.0000,0.0000,8.00,0.00,8.0000,0.0000,0.0000,5.0102,0,0,0,0,0.0,0.0,0,0,0,0,0.0000,0.0000,44.89,0,stuck
1779722000.435,crossing_person,0,fusion_with_risk_avoidance,1,0.0000,0.0000,0.0000,8.00,0.00,8.0000,0.0000,0.0000,5.0193,0,0,0,0,0.0,0.0,0,0,0,0,0.0000,0.0000,44.99,0,stuck
1779722000.535,crossing_person,0,fusion_with_risk_avoidance,1,0.0000,0.0000,0.0000,8.00,0.00,8.0000,0.0000,0.0000,5.0313,0,0,0,0,0.0,0.0,0,0,0,0,0.0000,0.0000,45.09,0,stuck
1779722000.635,crossing_person,0,fusion_with_risk_avoidance,1,0.0000,0.0000,0.0000,8.00,0.00,8.0000,0.0000,0.0000,5.0461,0,0,0,0,0.0,0.0,0,0,0,0,0.0000,0.0000,45.19,0,stuck
1779722000.735,crossing_person,0,fusion_with_risk_avoidance,1,0.0000,0.0000,0.0000,8.00,0.00,8.0000,0.0000,0.0000,5.0636,0,0,0,0,0.0,0.0,0,0,0,0,0.0000,0.0000,45.29,0,stuck
1779722000.835,crossing_person,0,fusion_with_risk_avoidance,1,0.0000,0.0000,0.0000,8.00,0.00,8.0000,0.0000,0.0000,5.0840,0,0,0,0,0.0,0.0,0,0,0,0,0.0000,0.0000,45.39,0,stuck
1779722000.935,crossing_person,0,fusion_with_risk_avoidance,1,0.0000,0.0000,0.0000,8.00,0.00,8.0000,0.0000,0.0000,5.1071,0,0,0,0,0.0,0.0,0,0,0,0,0.0000,0.0000,45.49,0,stuck
1779722001.035,crossing_person,0,fusion_with_risk_avoidance,1,0.0000,0.0000,0.0000,8.00,0.00,8.0000,0.0000,0.0000,5.1329,0,0,0,0,0.0,0.0,0,0,0,0,0.0000,0.0000,45.59,0,stuck
1779722001.135,crossing_person,0,fusion_with_risk_avoidance,1,0.0000,0.0000,0.0000,8.00,0.00,8.0000,0.0000,0.0000,5.1613,0,0,0,0,0.0,0.0,0,0,0,0,0.0000,0.0000,45.69,0,stuck
1779722001.235,crossing_person,0,fusion_with_risk_avoidance,1,0.0000,0.0000,0.0000,8.00,0.00,8.0000,0.0000,0.0000,5.1924,0,0,0,0,0.0,0.0,0,0,0,0,0.0000,0.0000,45.79,0,stuck
1779722001.335,crossing_person,0,fusion_with_risk_avoidance,1,0.0000,0.0000,0.0000,8.00,0.00,8.0000,0.0000,0.0000,5.2260,0,0,0,0,0.0,0.0,0,0,0,0,0.0000,0.0000,45.89,0,stuck
1779722001.435,crossing_person,0,fusion_with_risk_avoidance,1,0.0000,0.0000,0.0000,8.00,0.00,8.0000,0.0000,0.0000,5.2622,0,0,0,0,0.0,0.0,0,0,0,0,0.0000,0.0000,45.99,0,stuck
1779722001.535,crossing_person,0,fusion_with_risk_avoidance,1,0.0000,0.0000,0.0000,8.00,0.00,8.0000,0.0000,0.0000,5.3008,0,0,0,0,0.0,0.0,0,0,0,0,0.0000,0.0000,46.09,0,stuck
1779722001.635,crossing_person,0,fusion_with_risk_avoidance,1,0.0000,0.0000,0.0000,8.00,0.00,8.0000,0.0000,0.0000,5.3421,0,0,0,0,0.0,0.0,0,0,0,0,0.0000,0.0000,46.19,0,stuck
1779722001.735,crossing_person,0,fusion_with_risk_avoidance,1,0.0000,0.0000,0.0000,8.00,0.00,8.0000,0.0000,0.0000,5.3848,0,0,0,0,0.0,0.0,0,0,0,0,0.0000,0.0000,46.29,0,stuck
1779722001.835,crossing_person,0,fusion_with_risk_avoidance,1,0.0000,0.0000,0.0000,8.00,0.00,8.0000,0.0000,0.0000,5.3417,0,0,0,0,0.0,0.0,0,0,0,0,0.0000,0.0000,46.39,0,stuck
1779722001.935,crossing_person,0,fusion_with_risk_avoidance,1,0.0000,0.0000,0.0000,8.00,0.00,8.0000,0.0000,0.0000,5.3006,0,0,0,0,0.0,0.0,0,0,0,0,0.0000,0.0000,46.49,0,stuck
1779722002.035,crossing_person,0,fusion_with_risk_avoidance,1,0.0000,0.0000,0.0000,8.00,0.00,8.0000,0.0000,0.0000,5.2620,0,0,0,0,0.0,0.0,0,0,0,0,0.0000,0.0000,46.59,0,stuck
1779722002.135,crossing_person,0,fusion_with_risk_avoidance,1,0.0000,0.0000,0.0000,8.00,0.00,8.0000,0.0000,0.0000,5.2258,0,0,0,0,0.0,0.0,0,0,0,0,0.0000,0.0000,46.69,0,stuck
1779722002.236,crossing_person,0,fusion_with_risk_avoidance,1,0.0000,0.0000,0.0000,8.00,0.00,8.0000,0.0000,0.0000,5.1922,0,0,0,0,0.0,0.0,0,0,0,0,0.0000,0.0000,46.79,0,stuck
1779722002.335,crossing_person,0,fusion_with_risk_avoidance,1,0.0000,0.0000,0.0000,8.00,0.00,8.0000,0.0000,0.0000,5.1612,0,0,0,0,0.0,0.0,0,0,0,0,0.0000,0.0000,46.89,0,stuck
1779722002.435,crossing_person,0,fusion_with_risk_avoidance,1,0.0000,0.0000,0.0000,8.00,0.00,8.0000,0.0000,0.0000,5.1327,0,0,0,0,0.0,0.0,0,0,0,0,0.0000,0.0000,46.99,0,stuck
1779722002.535,crossing_person,0,fusion_with_risk_avoidance,1,0.0000,0.0000,0.0000,8.00,0.00,8.0000,0.0000,0.0000,5.1069,0,0,0,0,0.0,0.0,0,0,0,0,0.0000,0.0000,47.09,0,stuck
1779722002.635,crossing_person,0,fusion_with_risk_avoidance,1,0.0000,0.0000,0.0000,8.00,0.00,8.0000,0.0000,0.0000,5.0839,0,0,0,0,0.0,0.0,0,0,0,0,0.0000,0.0000,47.19,0,stuck
1779722002.735,crossing_person,0,fusion_with_risk_avoidance,1,0.0000,0.0000,0.0000,8.00,0.00,8.0000,0.0000,0.0000,5.0634,0,0,0,0,0.0,0.0,0,0,0,0,0.0000,0.0000,47.29,0,stuck
1779722002.835,crossing_person,0,fusion_with_risk_avoidance,1,0.0000,0.0000,0.0000,8.00,0.00,8.0000,0.0000,0.0000,5.0460,0,0,0,0,0.0,0.0,0,0,0,0,0.0000,0.0000,47.39,0,stuck
1779722002.935,crossing_person,0,fusion_with_risk_avoidance,1,0.0000,0.0000,0.0000,8.00,0.00,8.0000,0.0000,0.0000,5.0312,0,0,0,0,0.0,0.0,0,0,0,0,0.0000,0.0000,47.49,0,stuck
1779722003.035,crossing_person,0,fusion_with_risk_avoidance,1,0.0000,0.0000,0.0000,8.00,0.00,8.0000,0.0000,0.0000,5.0193,0,0,0,0,0.0,0.0,0,0,0,0,0.0000,0.0000,47.59,0,stuck
1779722003.135,crossing_person,0,fusion_with_risk_avoidance,1,0.0000,0.0000,0.0000,8.00,0.00,8.0000,0.0000,0.0000,5.0102,0,0,0,0,0.0,0.0,0,0,0,0,0.0000,0.0000,47.69,0,stuck
1779722003.235,crossing_person,0,fusion_with_risk_avoidance,1,0.0000,0.0000,0.0000,8.00,0.00,8.0000,0.0000,0.0000,5.0040,0,0,0,0,0.0,0.0,0,0,0,0,0.0000,0.0000,47.79,0,stuck
1779722003.336,crossing_person,0,fusion_with_risk_avoidance,1,0.0000,0.0000,0.0000,8.00,0.00,8.0000,0.0000,0.0000,5.0006,0,0,0,0,0.0,0.0,0,0,0,0,0.0000,0.0000,47.89,0,stuck
1779722003.435,crossing_person,0,fusion_with_risk_avoidance,1,0.0000,0.0000,0.0000,8.00,0.00,8.0000,0.0000,0.0000,5.0002,0,0,0,0,0.0,0.0,0,0,0,0,0.0000,0.0000,47.99,0,stuck
1779722003.535,crossing_person,0,fusion_with_risk_avoidance,1,0.0000,0.0000,0.0000,8.00,0.00,8.0000,0.0000,0.0000,5.0026,0,0,0,0,0.0,0.0,0,0,0,0,0.0000,0.0000,48.09,0,stuck
1779722003.635,crossing_person,0,fusion_with_risk_avoidance,1,0.0000,0.0000,0.0000,8.00,0.00,8.0000,0.0000,0.0000,5.0079,0,0,0,0,0.0,0.0,0,0,0,0,0.0000,0.0000,48.19,0,stuck
1779722003.735,crossing_person,0,fusion_with_risk_avoidance,1,0.0000,0.0000,0.0000,8.00,0.00,8.0000,0.0000,0.0000,5.0160,0,0,0,0,0.0,0.0,0,0,0,0,0.0000,0.0000,48.29,0,stuck
1779722003.835,crossing_person,0,fusion_with_risk_avoidance,1,0.0000,0.0000,0.0000,8.00,0.00,8.0000,0.0000,0.0000,5.0270,0,0,0,0,0.0,0.0,0,0,0,0,0.0000,0.0000,48.39,0,stuck
1779722003.935,crossing_person,0,fusion_with_risk_avoidance,1,0.0000,0.0000,0.0000,8.00,0.00,8.0000,0.0000,0.0000,5.0408,0,0,0,0,0.0,0.0,0,0,0,0,0.0000,0.0000,48.49,0,stuck
1779722004.035,crossing_person,0,fusion_with_risk_avoidance,1,0.0000,0.0000,0.0000,8.00,0.00,8.0000,0.0000,0.0000,5.0575,0,0,0,0,0.0,0.0,0,0,0,0,0.0000,0.0000,48.59,0,stuck
1779722004.135,crossing_person,0,fusion_with_risk_avoidance,1,0.0000,0.0000,0.0000,8.00,0.00,8.0000,0.0000,0.0000,5.0769,0,0,0,0,0.0,0.0,0,0,0,0,0.0000,0.0000,48.69,0,stuck
1779722004.235,crossing_person,0,fusion_with_risk_avoidance,1,0.0000,0.0000,0.0000,8.00,0.00,8.0000,0.0000,0.0000,5.0992,0,0,0,0,0.0,0.0,0,0,0,0,0.0000,0.0000,48.79,0,stuck
1779722004.335,crossing_person,0,fusion_with_risk_avoidance,1,0.0000,0.0000,0.0000,8.00,0.00,8.0000,0.0000,0.0000,5.1240,0,0,0,0,0.0,0.0,0,0,0,0,0.0000,0.0000,48.89,0,stuck
1779722004.435,crossing_person,0,fusion_with_risk_avoidance,1,0.0000,0.0000,0.0000,8.00,0.00,8.0000,0.0000,0.0000,5.1515,0,0,0,0,0.0,0.0,0,0,0,0,0.0000,0.0000,48.99,0,stuck
1779722004.535,crossing_person,0,fusion_with_risk_avoidance,1,0.0000,0.0000,0.0000,8.00,0.00,8.0000,0.0000,0.0000,5.1817,0,0,0,0,0.0,0.0,0,0,0,0,0.0000,0.0000,49.09,0,stuck
1779722004.635,crossing_person,0,fusion_with_risk_avoidance,1,0.0000,0.0000,0.0000,8.00,0.00,8.0000,0.0000,0.0000,5.2145,0,0,0,0,0.0,0.0,0,0,0,0,0.0000,0.0000,49.19,0,stuck
1779722004.735,crossing_person,0,fusion_with_risk_avoidance,1,0.0000,0.0000,0.0000,8.00,0.00,8.0000,0.0000,0.0000,5.2499,0,0,0,0,0.0,0.0,0,0,0,0,0.0000,0.0000,49.29,0,stuck
1779722004.835,crossing_person,0,fusion_with_risk_avoidance,1,0.0000,0.0000,0.0000,8.00,0.00,8.0000,0.0000,0.0000,5.2877,0,0,0,0,0.0,0.0,0,0,0,0,0.0000,0.0000,49.39,0,stuck
1779722004.935,crossing_person,0,fusion_with_risk_avoidance,1,0.0000,0.0000,0.0000,8.00,0.00,8.0000,0.0000,0.0000,5.3279,0,0,0,0,0.0,0.0,0,0,0,0,0.0000,0.0000,49.49,0,stuck
1779722005.035,crossing_person,0,fusion_with_risk_avoidance,1,0.0000,0.0000,0.0000,8.00,0.00,8.0000,0.0000,0.0000,5.3705,0,0,0,0,0.0,0.0,0,0,0,0,0.0000,0.0000,49.59,0,stuck
1779722005.135,crossing_person,0,fusion_with_risk_avoidance,1,0.0000,0.0000,0.0000,8.00,0.00,8.0000,0.0000,0.0000,5.3559,0,0,0,0,0.0,0.0,0,0,0,0,0.0000,0.0000,49.69,0,stuck
1779722005.235,crossing_person,0,fusion_with_risk_avoidance,1,0.0000,0.0000,0.0000,8.00,0.00,8.0000,0.0000,0.0000,5.3140,0,0,0,0,0.0,0.0,0,0,0,0,0.0000,0.0000,49.79,0,stuck
1779722005.335,crossing_person,0,fusion_with_risk_avoidance,1,0.0000,0.0000,0.0000,8.00,0.00,8.0000,0.0000,0.0000,5.2746,0,0,0,0,0.0,0.0,0,0,0,0,0.0000,0.0000,49.89,0,stuck
1779722005.435,crossing_person,0,fusion_with_risk_avoidance,1,0.0000,0.0000,0.0000,8.00,0.00,8.0000,0.0000,0.0000,5.2376,0,0,0,0,0.0,0.0,0,0,0,0,0.0000,0.0000,49.99,0,stuck
1779722005.535,crossing_person,0,fusion_with_risk_avoidance,1,0.0000,0.0000,0.0000,8.00,0.00,8.0000,0.0000,0.0000,5.2031,0,0,0,0,0.0,0.0,0,0,0,0,0.0000,0.0000,50.09,0,stuck
1779722005.635,crossing_person,0,fusion_with_risk_avoidance,1,0.0000,0.0000,0.0000,8.00,0.00,8.0000,0.0000,0.0000,5.1712,0,0,0,0,0.0,0.0,0,0,0,0,0.0000,0.0000,50.19,0,stuck
1779722005.735,crossing_person,0,fusion_with_risk_avoidance,1,0.0000,0.0000,0.0000,8.00,0.00,8.0000,0.0000,0.0000,5.1419,0,0,0,0,0.0,0.0,0,0,0,0,0.0000,0.0000,50.29,0,stuck
1779722005.835,crossing_person,0,fusion_with_risk_avoidance,1,0.0000,0.0000,0.0000,8.00,0.00,8.0000,0.0000,0.0000,5.1153,0,0,0,0,0.0,0.0,0,0,0,0,0.0000,0.0000,50.39,0,stuck
1779722005.935,crossing_person,0,fusion_with_risk_avoidance,1,0.0000,0.0000,0.0000,8.00,0.00,8.0000,0.0000,0.0000,5.0913,0,0,0,0,0.0,0.0,0,0,0,0,0.0000,0.0000,50.49,0,stuck
1779722006.035,crossing_person,0,fusion_with_risk_avoidance,1,0.0000,0.0000,0.0000,8.00,0.00,8.0000,0.0000,0.0000,5.0700,0,0,0,0,0.0,0.0,0,0,0,0,0.0000,0.0000,50.59,0,stuck
1779722006.135,crossing_person,0,fusion_with_risk_avoidance,1,0.0000,0.0000,0.0000,8.00,0.00,8.0000,0.0000,0.0000,5.0515,0,0,0,0,0.0,0.0,0,0,0,0,0.0000,0.0000,50.69,0,stuck
1779722006.235,crossing_person,0,fusion_with_risk_avoidance,1,0.0000,0.0000,0.0000,8.00,0.00,8.0000,0.0000,0.0000,5.0358,0,0,0,0,0.0,0.0,0,0,0,0,0.0000,0.0000,50.79,0,stuck
1779722006.335,crossing_person,0,fusion_with_risk_avoidance,1,0.0000,0.0000,0.0000,8.00,0.00,8.0000,0.0000,0.0000,5.0229,0,0,0,0,0.0,0.0,0,0,0,0,0.0000,0.0000,50.89,0,stuck
1779722006.435,crossing_person,0,fusion_with_risk_avoidance,1,0.0000,0.0000,0.0000,8.00,0.00,8.0000,0.0000,0.0000,5.0129,0,0,0,0,0.0,0.0,0,0,0,0,0.0000,0.0000,50.99,0,stuck
1779722006.535,crossing_person,0,fusion_with_risk_avoidance,1,0.0000,0.0000,0.0000,8.00,0.00,8.0000,0.0000,0.0000,5.0057,0,0,0,0,0.0,0.0,0,0,0,0,0.0000,0.0000,51.09,0,stuck
1779722006.635,crossing_person,0,fusion_with_risk_avoidance,1,0.0000,0.0000,0.0000,8.00,0.00,8.0000,0.0000,0.0000,5.0014,0,0,0,0,0.0,0.0,0,0,0,0,0.0000,0.0000,51.19,0,stuck
1779722006.735,crossing_person,0,fusion_with_risk_avoidance,1,0.0000,0.0000,0.0000,8.00,0.00,8.0000,0.0000,0.0000,5.0000,0,0,0,0,0.0,0.0,0,0,0,0,0.0000,0.0000,51.29,0,stuck
1779722006.835,crossing_person,0,fusion_with_risk_avoidance,1,0.0000,0.0000,0.0000,8.00,0.00,8.0000,0.0000,0.0000,5.0014,0,0,0,0,0.0,0.0,0,0,0,0,0.0000,0.0000,51.39,0,stuck
1779722006.935,crossing_person,0,fusion_with_risk_avoidance,1,0.0000,0.0000,0.0000,8.00,0.00,8.0000,0.0000,0.0000,5.0058,0,0,0,0,0.0,0.0,0,0,0,0,0.0000,0.0000,51.49,0,stuck
1779722007.035,crossing_person,0,fusion_with_risk_avoidance,1,0.0000,0.0000,0.0000,8.00,0.00,8.0000,0.0000,0.0000,5.0130,0,0,0,0,0.0,0.0,0,0,0,0,0.0000,0.0000,51.59,0,stuck
1779722007.135,crossing_person,0,fusion_with_risk_avoidance,1,0.0000,0.0000,0.0000,8.00,0.00,8.0000,0.0000,0.0000,5.0230,0,0,0,0,0.0,0.0,0,0,0,0,0.0000,0.0000,51.69,0,stuck
1779722007.235,crossing_person,0,fusion_with_risk_avoidance,1,0.0000,0.0000,0.0000,8.00,0.00,8.0000,0.0000,0.0000,5.0359,0,0,0,0,0.0,0.0,0,0,0,0,0.0000,0.0000,51.79,0,stuck
1779722007.335,crossing_person,0,fusion_with_risk_avoidance,1,0.0000,0.0000,0.0000,8.00,0.00,8.0000,0.0000,0.0000,5.0516,0,0,0,0,0.0,0.0,0,0,0,0,0.0000,0.0000,51.89,0,stuck
1779722007.435,crossing_person,0,fusion_with_risk_avoidance,1,0.0000,0.0000,0.0000,8.00,0.00,8.0000,0.0000,0.0000,5.0701,0,0,0,0,0.0,0.0,0,0,0,0,0.0000,0.0000,51.99,0,stuck
1779722007.535,crossing_person,0,fusion_with_risk_avoidance,1,0.0000,0.0000,0.0000,8.00,0.00,8.0000,0.0000,0.0000,5.0914,0,0,0,0,0.0,0.0,0,0,0,0,0.0000,0.0000,52.09,0,stuck
1779722007.635,crossing_person,0,fusion_with_risk_avoidance,1,0.0000,0.0000,0.0000,8.00,0.00,8.0000,0.0000,0.0000,5.1154,0,0,0,0,0.0,0.0,0,0,0,0,0.0000,0.0000,52.19,0,stuck
1779722007.735,crossing_person,0,fusion_with_risk_avoidance,1,0.0000,0.0000,0.0000,8.00,0.00,8.0000,0.0000,0.0000,5.1421,0,0,0,0,0.0,0.0,0,0,0,0,0.0000,0.0000,52.29,0,stuck
1779722007.835,crossing_person,0,fusion_with_risk_avoidance,1,0.0000,0.0000,0.0000,8.00,0.00,8.0000,0.0000,0.0000,5.1714,0,0,0,0,0.0,0.0,0,0,0,0,0.0000,0.0000,52.39,0,stuck
1779722007.935,crossing_person,0,fusion_with_risk_avoidance,1,0.0000,0.0000,0.0000,8.00,0.00,8.0000,0.0000,0.0000,5.2034,0,0,0,0,0.0,0.0,0,0,0,0,0.0000,0.0000,52.49,0,stuck
1779722008.035,crossing_person,0,fusion_with_risk_avoidance,1,0.0000,0.0000,0.0000,8.00,0.00,8.0000,0.0000,0.0000,5.2378,0,0,0,0,0.0,0.0,0,0,0,0,0.0000,0.0000,52.59,0,stuck
1779722008.135,crossing_person,0,fusion_with_risk_avoidance,1,0.0000,0.0000,0.0000,8.00,0.00,8.0000,0.0000,0.0000,5.2748,0,0,0,0,0.0,0.0,0,0,0,0,0.0000,0.0000,52.69,0,stuck
1779722008.235,crossing_person,0,fusion_with_risk_avoidance,1,0.0000,0.0000,0.0000,8.00,0.00,8.0000,0.0000,0.0000,5.3142,0,0,0,0,0.0,0.0,0,0,0,0,0.0000,0.0000,52.79,0,stuck
1779722008.335,crossing_person,0,fusion_with_risk_avoidance,1,0.0000,0.0000,0.0000,8.00,0.00,8.0000,0.0000,0.0000,5.3561,0,0,0,0,0.0,0.0,0,0,0,0,0.0000,0.0000,52.89,0,stuck
1779722008.435,crossing_person,0,fusion_with_risk_avoidance,1,0.0000,0.0000,0.0000,8.00,0.00,8.0000,0.0000,0.0000,5.3703,0,0,0,0,0.0,0.0,0,0,0,0,0.0000,0.0000,52.99,0,stuck
1779722008.535,crossing_person,0,fusion_with_risk_avoidance,1,0.0000,0.0000,0.0000,8.00,0.00,8.0000,0.0000,0.0000,5.3277,0,0,0,0,0.0,0.0,0,0,0,0,0.0000,0.0000,53.09,0,stuck
1779722008.635,crossing_person,0,fusion_with_risk_avoidance,1,0.0000,0.0000,0.0000,8.00,0.00,8.0000,0.0000,0.0000,5.2875,0,0,0,0,0.0,0.0,0,0,0,0,0.0000,0.0000,53.19,0,stuck
1779722008.735,crossing_person,0,fusion_with_risk_avoidance,1,0.0000,0.0000,0.0000,8.00,0.00,8.0000,0.0000,0.0000,5.2497,0,0,0,0,0.0,0.0,0,0,0,0,0.0000,0.0000,53.29,0,stuck
1779722008.835,crossing_person,0,fusion_with_risk_avoidance,1,0.0000,0.0000,0.0000,8.00,0.00,8.0000,0.0000,0.0000,5.2144,0,0,0,0,0.0,0.0,0,0,0,0,0.0000,0.0000,53.39,0,stuck
1779722008.935,crossing_person,0,fusion_with_risk_avoidance,1,0.0000,0.0000,0.0000,8.00,0.00,8.0000,0.0000,0.0000,5.1816,0,0,0,0,0.0,0.0,0,0,0,0,0.0000,0.0000,53.49,0,stuck
1779722009.035,crossing_person,0,fusion_with_risk_avoidance,1,0.0000,0.0000,0.0000,8.00,0.00,8.0000,0.0000,0.0000,5.1514,0,0,0,0,0.0,0.0,0,0,0,0,0.0000,0.0000,53.59,0,stuck
1779722009.135,crossing_person,0,fusion_with_risk_avoidance,1,0.0000,0.0000,0.0000,8.00,0.00,8.0000,0.0000,0.0000,5.1238,0,0,0,0,0.0,0.0,0,0,0,0,0.0000,0.0000,53.69,0,stuck
1779722009.235,crossing_person,0,fusion_with_risk_avoidance,1,0.0000,0.0000,0.0000,8.00,0.00,8.0000,0.0000,0.0000,5.0990,0,0,0,0,0.0,0.0,0,0,0,0,0.0000,0.0000,53.79,0,stuck
1779722009.335,crossing_person,0,fusion_with_risk_avoidance,1,0.0000,0.0000,0.0000,8.00,0.00,8.0000,0.0000,0.0000,5.0768,0,0,0,0,0.0,0.0,0,0,0,0,0.0000,0.0000,53.89,0,stuck
1779722009.435,crossing_person,0,fusion_with_risk_avoidance,1,0.0000,0.0000,0.0000,8.00,0.00,8.0000,0.0000,0.0000,5.0574,0,0,0,0,0.0,0.0,0,0,0,0,0.0000,0.0000,53.99,0,stuck
1779722009.535,crossing_person,0,fusion_with_risk_avoidance,1,0.0000,0.0000,0.0000,8.00,0.00,8.0000,0.0000,0.0000,5.0407,0,0,0,0,0.0,0.0,0,0,0,0,0.0000,0.0000,54.09,0,stuck
1779722009.635,crossing_person,0,fusion_with_risk_avoidance,1,0.0000,0.0000,0.0000,8.00,0.00,8.0000,0.0000,0.0000,5.0269,0,0,0,0,0.0,0.0,0,0,0,0,0.0000,0.0000,54.19,0,stuck
1779722009.735,crossing_person,0,fusion_with_risk_avoidance,1,0.0000,0.0000,0.0000,8.00,0.00,8.0000,0.0000,0.0000,5.0160,0,0,0,0,0.0,0.0,0,0,0,0,0.0000,0.0000,54.29,0,stuck
1779722009.835,crossing_person,0,fusion_with_risk_avoidance,1,0.0000,0.0000,0.0000,8.00,0.00,8.0000,0.0000,0.0000,5.0078,0,0,0,0,0.0,0.0,0,0,0,0,0.0000,0.0000,54.39,0,stuck
1779722009.935,crossing_person,0,fusion_with_risk_avoidance,1,0.0000,0.0000,0.0000,8.00,0.00,8.0000,0.0000,0.0000,5.0025,0,0,0,0,0.0,0.0,0,0,0,0,0.0000,0.0000,54.49,0,stuck
1779722010.035,crossing_person,0,fusion_with_risk_avoidance,1,0.0000,0.0000,0.0000,8.00,0.00,8.0000,0.0000,0.0000,5.0002,0,0,0,0,0.0,0.0,0,0,0,0,0.0000,0.0000,54.59,0,stuck
1779722010.135,crossing_person,0,fusion_with_risk_avoidance,1,0.0000,0.0000,0.0000,8.00,0.00,8.0000,0.0000,0.0000,5.0006,0,0,0,0,0.0,0.0,0,0,0,0,0.0000,0.0000,54.69,0,stuck
1779722010.235,crossing_person,0,fusion_with_risk_avoidance,1,0.0000,0.0000,0.0000,8.00,0.00,8.0000,0.0000,0.0000,5.0040,0,0,0,0,0.0,0.0,0,0,0,0,0.0000,0.0000,54.79,0,stuck
1779722010.335,crossing_person,0,fusion_with_risk_avoidance,1,0.0000,0.0000,0.0000,8.00,0.00,8.0000,0.0000,0.0000,5.0102,0,0,0,0,0.0,0.0,0,0,0,0,0.0000,0.0000,54.89,0,stuck
1779722010.435,crossing_person,0,fusion_with_risk_avoidance,1,0.0000,0.0000,0.0000,8.00,0.00,8.0000,0.0000,0.0000,5.0193,0,0,0,0,0.0,0.0,0,0,0,0,0.0000,0.0000,54.99,0,stuck
1779722010.535,crossing_person,0,fusion_with_risk_avoidance,1,0.0000,0.0000,0.0000,8.00,0.00,8.0000,0.0000,0.0000,5.0313,0,0,0,0,0.0,0.0,0,0,0,0,0.0000,0.0000,55.09,0,stuck
1779722010.635,crossing_person,0,fusion_with_risk_avoidance,1,0.0000,0.0000,0.0000,8.00,0.00,8.0000,0.0000,0.0000,5.0461,0,0,0,0,0.0,0.0,0,0,0,0,0.0000,0.0000,55.19,0,stuck
1779722010.735,crossing_person,0,fusion_with_risk_avoidance,1,0.0000,0.0000,0.0000,8.00,0.00,8.0000,0.0000,0.0000,5.0636,0,0,0,0,0.0,0.0,0,0,0,0,0.0000,0.0000,55.29,0,stuck
1779722010.835,crossing_person,0,fusion_with_risk_avoidance,1,0.0000,0.0000,0.0000,8.00,0.00,8.0000,0.0000,0.0000,5.0840,0,0,0,0,0.0,0.0,0,0,0,0,0.0000,0.0000,55.39,0,stuck
1779722010.935,crossing_person,0,fusion_with_risk_avoidance,1,0.0000,0.0000,0.0000,8.00,0.00,8.0000,0.0000,0.0000,5.1071,0,0,0,0,0.0,0.0,0,0,0,0,0.0000,0.0000,55.49,0,stuck
1779722011.035,crossing_person,0,fusion_with_risk_avoidance,1,0.0000,0.0000,0.0000,8.00,0.00,8.0000,0.0000,0.0000,5.1329,0,0,0,0,0.0,0.0,0,0,0,0,0.0000,0.0000,55.59,0,stuck
1779722011.135,crossing_person,0,fusion_with_risk_avoidance,1,0.0000,0.0000,0.0000,8.00,0.00,8.0000,0.0000,0.0000,5.1613,0,0,0,0,0.0,0.0,0,0,0,0,0.0000,0.0000,55.69,0,stuck
1779722011.235,crossing_person,0,fusion_with_risk_avoidance,1,0.0000,0.0000,0.0000,8.00,0.00,8.0000,0.0000,0.0000,5.1924,0,0,0,0,0.0,0.0,0,0,0,0,0.0000,0.0000,55.79,0,stuck
1779722011.335,crossing_person,0,fusion_with_risk_avoidance,1,0.0000,0.0000,0.0000,8.00,0.00,8.0000,0.0000,0.0000,5.2260,0,0,0,0,0.0,0.0,0,0,0,0,0.0000,0.0000,55.89,0,stuck
1779722011.435,crossing_person,0,fusion_with_risk_avoidance,1,0.0000,0.0000,0.0000,8.00,0.00,8.0000,0.0000,0.0000,5.2622,0,0,0,0,0.0,0.0,0,0,0,0,0.0000,0.0000,55.99,0,stuck
1779722011.535,crossing_person,0,fusion_with_risk_avoidance,1,0.0000,0.0000,0.0000,8.00,0.00,8.0000,0.0000,0.0000,5.3008,0,0,0,0,0.0,0.0,0,0,0,0,0.0000,0.0000,56.09,0,stuck
1779722011.635,crossing_person,0,fusion_with_risk_avoidance,1,0.0000,0.0000,0.0000,8.00,0.00,8.0000,0.0000,0.0000,5.3419,0,0,0,0,0.0,0.0,0,0,0,0,0.0000,0.0000,56.19,0,stuck
1779722011.735,crossing_person,0,fusion_with_risk_avoidance,1,0.0000,0.0000,0.0000,8.00,0.00,8.0000,0.0000,0.0000,5.3850,0,0,0,0,0.0,0.0,0,0,0,0,0.0000,0.0000,56.29,0,stuck
1779722011.835,crossing_person,0,fusion_with_risk_avoidance,1,0.0000,0.0000,0.0000,8.00,0.00,8.0000,0.0000,0.0000,5.3416,0,0,0,0,0.0,0.0,0,0,0,0,0.0000,0.0000,56.39,0,stuck
1779722011.935,crossing_person,0,fusion_with_risk_avoidance,1,0.0000,0.0000,0.0000,8.00,0.00,8.0000,0.0000,0.0000,5.3006,0,0,0,0,0.0,0.0,0,0,0,0,0.0000,0.0000,56.49,0,stuck
1779722012.035,crossing_person,0,fusion_with_risk_avoidance,1,0.0000,0.0000,0.0000,8.00,0.00,8.0000,0.0000,0.0000,5.2620,0,0,0,0,0.0,0.0,0,0,0,0,0.0000,0.0000,56.59,0,stuck
1779722012.135,crossing_person,0,fusion_with_risk_avoidance,1,0.0000,0.0000,0.0000,8.00,0.00,8.0000,0.0000,0.0000,5.2258,0,0,0,0,0.0,0.0,0,0,0,0,0.0000,0.0000,56.69,0,stuck
1779722012.235,crossing_person,0,fusion_with_risk_avoidance,1,0.0000,0.0000,0.0000,8.00,0.00,8.0000,0.0000,0.0000,5.1922,0,0,0,0,0.0,0.0,0,0,0,0,0.0000,0.0000,56.79,0,stuck
1779722012.335,crossing_person,0,fusion_with_risk_avoidance,1,0.0000,0.0000,0.0000,8.00,0.00,8.0000,0.0000,0.0000,5.1612,0,0,0,0,0.0,0.0,0,0,0,0,0.0000,0.0000,56.89,0,stuck
1779722012.435,crossing_person,0,fusion_with_risk_avoidance,1,0.0000,0.0000,0.0000,8.00,0.00,8.0000,0.0000,0.0000,5.1327,0,0,0,0,0.0,0.0,0,0,0,0,0.0000,0.0000,56.99,0,stuck
1779722012.535,crossing_person,0,fusion_with_risk_avoidance,1,0.0000,0.0000,0.0000,8.00,0.00,8.0000,0.0000,0.0000,5.1069,0,0,0,0,0.0,0.0,0,0,0,0,0.0000,0.0000,57.09,0,stuck
1779722012.635,crossing_person,0,fusion_with_risk_avoidance,1,0.0000,0.0000,0.0000,8.00,0.00,8.0000,0.0000,0.0000,5.0839,0,0,0,0,0.0,0.0,0,0,0,0,0.0000,0.0000,57.19,0,stuck
1779722012.735,crossing_person,0,fusion_with_risk_avoidance,1,0.0000,0.0000,0.0000,8.00,0.00,8.0000,0.0000,0.0000,5.0635,0,0,0,0,0.0,0.0,0,0,0,0,0.0000,0.0000,57.29,0,stuck
1779722012.835,crossing_person,0,fusion_with_risk_avoidance,1,0.0000,0.0000,0.0000,8.00,0.00,8.0000,0.0000,0.0000,5.0460,0,0,0,0,0.0,0.0,0,0,0,0,0.0000,0.0000,57.39,0,stuck
1779722012.935,crossing_person,0,fusion_with_risk_avoidance,1,0.0000,0.0000,0.0000,8.00,0.00,8.0000,0.0000,0.0000,5.0312,0,0,0,0,0.0,0.0,0,0,0,0,0.0000,0.0000,57.49,0,stuck
1779722013.035,crossing_person,0,fusion_with_risk_avoidance,1,0.0000,0.0000,0.0000,8.00,0.00,8.0000,0.0000,0.0000,5.0193,0,0,0,0,0.0,0.0,0,0,0,0,0.0000,0.0000,57.59,0,stuck
1779722013.135,crossing_person,0,fusion_with_risk_avoidance,1,0.0000,0.0000,0.0000,8.00,0.00,8.0000,0.0000,0.0000,5.0102,0,0,0,0,0.0,0.0,0,0,0,0,0.0000,0.0000,57.69,0,stuck
1779722013.235,crossing_person,0,fusion_with_risk_avoidance,1,0.0000,0.0000,0.0000,8.00,0.00,8.0000,0.0000,0.0000,5.0040,0,0,0,0,0.0,0.0,0,0,0,0,0.0000,0.0000,57.79,0,stuck
1779722013.335,crossing_person,0,fusion_with_risk_avoidance,1,0.0000,0.0000,0.0000,8.00,0.00,8.0000,0.0000,0.0000,5.0006,0,0,0,0,0.0,0.0,0,0,0,0,0.0000,0.0000,57.89,0,stuck
1779722013.435,crossing_person,0,fusion_with_risk_avoidance,1,0.0000,0.0000,0.0000,8.00,0.00,8.0000,0.0000,0.0000,5.0002,0,0,0,0,0.0,0.0,0,0,0,0,0.0000,0.0000,57.99,0,stuck
1779722013.535,crossing_person,0,fusion_with_risk_avoidance,1,0.0000,0.0000,0.0000,8.00,0.00,8.0000,0.0000,0.0000,5.0026,0,0,0,0,0.0,0.0,0,0,0,0,0.0000,0.0000,58.09,0,stuck
1779722013.635,crossing_person,0,fusion_with_risk_avoidance,1,0.0000,0.0000,0.0000,8.00,0.00,8.0000,0.0000,0.0000,5.0079,0,0,0,0,0.0,0.0,0,0,0,0,0.0000,0.0000,58.19,0,stuck
1779722013.735,crossing_person,0,fusion_with_risk_avoidance,1,0.0000,0.0000,0.0000,8.00,0.00,8.0000,0.0000,0.0000,5.0160,0,0,0,0,0.0,0.0,0,0,0,0,0.0000,0.0000,58.29,0,stuck
1779722013.835,crossing_person,0,fusion_with_risk_avoidance,1,0.0000,0.0000,0.0000,8.00,0.00,8.0000,0.0000,0.0000,5.0270,0,0,0,0,0.0,0.0,0,0,0,0,0.0000,0.0000,58.39,0,stuck
1779722013.935,crossing_person,0,fusion_with_risk_avoidance,1,0.0000,0.0000,0.0000,8.00,0.00,8.0000,0.0000,0.0000,5.0408,0,0,0,0,0.0,0.0,0,0,0,0,0.0000,0.0000,58.49,0,stuck
1779722014.035,crossing_person,0,fusion_with_risk_avoidance,1,0.0000,0.0000,0.0000,8.00,0.00,8.0000,0.0000,0.0000,5.0575,0,0,0,0,0.0,0.0,0,0,0,0,0.0000,0.0000,58.59,0,stuck
1779722014.135,crossing_person,0,fusion_with_risk_avoidance,1,0.0000,0.0000,0.0000,8.00,0.00,8.0000,0.0000,0.0000,5.0769,0,0,0,0,0.0,0.0,0,0,0,0,0.0000,0.0000,58.69,0,stuck
1779722014.235,crossing_person,0,fusion_with_risk_avoidance,1,0.0000,0.0000,0.0000,8.00,0.00,8.0000,0.0000,0.0000,5.0991,0,0,0,0,0.0,0.0,0,0,0,0,0.0000,0.0000,58.79,0,stuck
1779722014.335,crossing_person,0,fusion_with_risk_avoidance,1,0.0000,0.0000,0.0000,8.00,0.00,8.0000,0.0000,0.0000,5.1240,0,0,0,0,0.0,0.0,0,0,0,0,0.0000,0.0000,58.89,0,stuck
1779722014.435,crossing_person,0,fusion_with_risk_avoidance,1,0.0000,0.0000,0.0000,8.00,0.00,8.0000,0.0000,0.0000,5.1515,0,0,0,0,0.0,0.0,0,0,0,0,0.0000,0.0000,58.99,0,stuck
1779722014.535,crossing_person,0,fusion_with_risk_avoidance,1,0.0000,0.0000,0.0000,8.00,0.00,8.0000,0.0000,0.0000,5.1817,0,0,0,0,0.0,0.0,0,0,0,0,0.0000,0.0000,59.09,0,stuck
1779722014.635,crossing_person,0,fusion_with_risk_avoidance,1,0.0000,0.0000,0.0000,8.00,0.00,8.0000,0.0000,0.0000,5.2147,0,0,0,0,0.0,0.0,0,0,0,0,0.0000,0.0000,59.19,0,stuck
1779722014.735,crossing_person,0,fusion_with_risk_avoidance,1,0.0000,0.0000,0.0000,8.00,0.00,8.0000,0.0000,0.0000,5.2499,0,0,0,0,0.0,0.0,0,0,0,0,0.0000,0.0000,59.29,0,stuck
1779722014.835,crossing_person,0,fusion_with_risk_avoidance,1,0.0000,0.0000,0.0000,8.00,0.00,8.0000,0.0000,0.0000,5.2877,0,0,0,0,0.0,0.0,0,0,0,0,0.0000,0.0000,59.39,0,stuck
1779722014.935,crossing_person,0,fusion_with_risk_avoidance,1,0.0000,0.0000,0.0000,8.00,0.00,8.0000,0.0000,0.0000,5.3279,0,0,0,0,0.0,0.0,0,0,0,0,0.0000,0.0000,59.49,0,stuck
1779722015.035,crossing_person,0,fusion_with_risk_avoidance,1,0.0000,0.0000,0.0000,8.00,0.00,8.0000,0.0000,0.0000,5.3708,0,0,0,0,0.0,0.0,0,0,0,0,0.0000,0.0000,59.59,0,stuck
1779722015.135,crossing_person,0,fusion_with_risk_avoidance,1,0.0000,0.0000,0.0000,8.00,0.00,8.0000,0.0000,0.0000,5.3559,0,0,0,0,0.0,0.0,0,0,0,0,0.0000,0.0000,59.69,0,stuck
1779722015.235,crossing_person,0,fusion_with_risk_avoidance,1,0.0000,0.0000,0.0000,8.00,0.00,8.0000,0.0000,0.0000,5.3136,0,0,0,0,0.0,0.0,0,0,0,0,0.0000,0.0000,59.79,0,stuck
1779722015.335,crossing_person,0,fusion_with_risk_avoidance,1,0.0000,0.0000,0.0000,8.00,0.00,8.0000,0.0000,0.0000,5.2746,0,0,0,0,0.0,0.0,0,0,0,0,0.0000,0.0000,59.89,0,stuck
1779722015.435,crossing_person,0,fusion_with_risk_avoidance,1,0.0000,0.0000,0.0000,8.00,0.00,8.0000,0.0000,0.0000,5.2376,0,0,0,0,0.0,0.0,0,0,0,0,0.0000,0.0000,59.99,0,stuck
1779722015.535,crossing_person,0,fusion_with_risk_avoidance,1,0.0000,0.0000,0.0000,8.00,0.00,8.0000,0.0000,0.0000,5.2031,0,0,0,0,0.0,0.0,0,0,0,0,0.0000,0.0000,60.09,0,stuck
1779722015.635,crossing_person,0,fusion_with_risk_avoidance,1,0.0000,0.0000,0.0000,8.00,0.00,8.0000,0.0000,0.0000,5.1712,0,0,0,0,0.0,0.0,0,0,0,0,0.0000,0.0000,60.19,0,stuck
1779722015.735,crossing_person,0,fusion_with_risk_avoidance,1,0.0000,0.0000,0.0000,8.00,0.00,8.0000,0.0000,0.0000,5.1419,0,0,0,0,0.0,0.0,0,0,0,0,0.0000,0.0000,60.29,0,stuck
1779722015.835,crossing_person,0,fusion_with_risk_avoidance,1,0.0000,0.0000,0.0000,8.00,0.00,8.0000,0.0000,0.0000,5.1152,0,0,0,0,0.0,0.0,0,0,0,0,0.0000,0.0000,60.39,0,stuck
1779722015.935,crossing_person,0,fusion_with_risk_avoidance,1,0.0000,0.0000,0.0000,8.00,0.00,8.0000,0.0000,0.0000,5.0913,0,0,0,0,0.0,0.0,0,0,0,0,0.0000,0.0000,60.49,0,stuck
1779722016.035,crossing_person,0,fusion_with_risk_avoidance,1,0.0000,0.0000,0.0000,8.00,0.00,8.0000,0.0000,0.0000,5.0700,0,0,0,0,0.0,0.0,0,0,0,0,0.0000,0.0000,60.59,0,stuck
1779722016.135,crossing_person,0,fusion_with_risk_avoidance,1,0.0000,0.0000,0.0000,8.00,0.00,8.0000,0.0000,0.0000,5.0515,0,0,0,0,0.0,0.0,0,0,0,0,0.0000,0.0000,60.69,0,stuck
1779722016.236,crossing_person,0,fusion_with_risk_avoidance,1,0.0000,0.0000,0.0000,8.00,0.00,8.0000,0.0000,0.0000,5.0358,0,0,0,0,0.0,0.0,0,0,0,0,0.0000,0.0000,60.79,0,stuck
1779722016.335,crossing_person,0,fusion_with_risk_avoidance,1,0.0000,0.0000,0.0000,8.00,0.00,8.0000,0.0000,0.0000,5.0230,0,0,0,0,0.0,0.0,0,0,0,0,0.0000,0.0000,60.89,0,stuck
1779722016.435,crossing_person,0,fusion_with_risk_avoidance,1,0.0000,0.0000,0.0000,8.00,0.00,8.0000,0.0000,0.0000,5.0129,0,0,0,0,0.0,0.0,0,0,0,0,0.0000,0.0000,60.99,0,stuck
1779722016.535,crossing_person,0,fusion_with_risk_avoidance,1,0.0000,0.0000,0.0000,8.00,0.00,8.0000,0.0000,0.0000,5.0057,0,0,0,0,0.0,0.0,0,0,0,0,0.0000,0.0000,61.09,0,stuck
1779722016.635,crossing_person,0,fusion_with_risk_avoidance,1,0.0000,0.0000,0.0000,8.00,0.00,8.0000,0.0000,0.0000,5.0014,0,0,0,0,0.0,0.0,0,0,0,0,0.0000,0.0000,61.19,0,stuck
1779722016.735,crossing_person,0,fusion_with_risk_avoidance,1,0.0000,0.0000,0.0000,8.00,0.00,8.0000,0.0000,0.0000,5.0000,0,0,0,0,0.0,0.0,0,0,0,0,0.0000,0.0000,61.29,0,stuck
1779722016.835,crossing_person,0,fusion_with_risk_avoidance,1,0.0000,0.0000,0.0000,8.00,0.00,8.0000,0.0000,0.0000,5.0014,0,0,0,0,0.0,0.0,0,0,0,0,0.0000,0.0000,61.39,0,stuck
1779722016.935,crossing_person,0,fusion_with_risk_avoidance,1,0.0000,0.0000,0.0000,8.00,0.00,8.0000,0.0000,0.0000,5.0058,0,0,0,0,0.0,0.0,0,0,0,0,0.0000,0.0000,61.49,0,stuck
1779722017.035,crossing_person,0,fusion_with_risk_avoidance,1,0.0000,0.0000,0.0000,8.00,0.00,8.0000,0.0000,0.0000,5.0130,0,0,0,0,0.0,0.0,0,0,0,0,0.0000,0.0000,61.59,0,stuck
1779722017.135,crossing_person,0,fusion_with_risk_avoidance,1,0.0000,0.0000,0.0000,8.00,0.00,8.0000,0.0000,0.0000,5.0230,0,0,0,0,0.0,0.0,0,0,0,0,0.0000,0.0000,61.69,0,stuck
1779722017.235,crossing_person,0,fusion_with_risk_avoidance,1,0.0000,0.0000,0.0000,8.00,0.00,8.0000,0.0000,0.0000,5.0359,0,0,0,0,0.0,0.0,0,0,0,0,0.0000,0.0000,61.79,0,stuck
1779722017.335,crossing_person,0,fusion_with_risk_avoidance,1,0.0000,0.0000,0.0000,8.00,0.00,8.0000,0.0000,0.0000,5.0516,0,0,0,0,0.0,0.0,0,0,0,0,0.0000,0.0000,61.89,0,stuck
1779722017.435,crossing_person,0,fusion_with_risk_avoidance,1,0.0000,0.0000,0.0000,8.00,0.00,8.0000,0.0000,0.0000,5.0701,0,0,0,0,0.0,0.0,0,0,0,0,0.0000,0.0000,61.99,0,stuck
1779722017.535,crossing_person,0,fusion_with_risk_avoidance,1,0.0000,0.0000,0.0000,8.00,0.00,8.0000,0.0000,0.0000,5.0914,0,0,0,0,0.0,0.0,0,0,0,0,0.0000,0.0000,62.09,0,stuck
1779722017.635,crossing_person,0,fusion_with_risk_avoidance,1,0.0000,0.0000,0.0000,8.00,0.00,8.0000,0.0000,0.0000,5.1154,0,0,0,0,0.0,0.0,0,0,0,0,0.0000,0.0000,62.19,0,stuck
1779722017.735,crossing_person,0,fusion_with_risk_avoidance,1,0.0000,0.0000,0.0000,8.00,0.00,8.0000,0.0000,0.0000,5.1421,0,0,0,0,0.0,0.0,0,0,0,0,0.0000,0.0000,62.29,0,stuck
1779722017.835,crossing_person,0,fusion_with_risk_avoidance,1,0.0000,0.0000,0.0000,8.00,0.00,8.0000,0.0000,0.0000,5.1714,0,0,0,0,0.0,0.0,0,0,0,0,0.0000,0.0000,62.39,0,stuck
1779722017.935,crossing_person,0,fusion_with_risk_avoidance,1,0.0000,0.0000,0.0000,8.00,0.00,8.0000,0.0000,0.0000,5.2033,0,0,0,0,0.0,0.0,0,0,0,0,0.0000,0.0000,62.49,0,stuck
1779722018.035,crossing_person,0,fusion_with_risk_avoidance,1,0.0000,0.0000,0.0000,8.00,0.00,8.0000,0.0000,0.0000,5.2378,0,0,0,0,0.0,0.0,0,0,0,0,0.0000,0.0000,62.59,0,stuck
1779722018.135,crossing_person,0,fusion_with_risk_avoidance,1,0.0000,0.0000,0.0000,8.00,0.00,8.0000,0.0000,0.0000,5.2748,0,0,0,0,0.0,0.0,0,0,0,0,0.0000,0.0000,62.69,0,stuck
1779722018.235,crossing_person,0,fusion_with_risk_avoidance,1,0.0000,0.0000,0.0000,8.00,0.00,8.0000,0.0000,0.0000,5.3142,0,0,0,0,0.0,0.0,0,0,0,0,0.0000,0.0000,62.79,0,stuck
1779722018.335,crossing_person,0,fusion_with_risk_avoidance,1,0.0000,0.0000,0.0000,8.00,0.00,8.0000,0.0000,0.0000,5.3561,0,0,0,0,0.0,0.0,0,0,0,0,0.0000,0.0000,62.89,0,stuck
1779722018.435,crossing_person,0,fusion_with_risk_avoidance,1,0.0000,0.0000,0.0000,8.00,0.00,8.0000,0.0000,0.0000,5.3703,0,0,0,0,0.0,0.0,0,0,0,0,0.0000,0.0000,62.99,0,stuck
1779722018.535,crossing_person,0,fusion_with_risk_avoidance,1,0.0000,0.0000,0.0000,8.00,0.00,8.0000,0.0000,0.0000,5.3277,0,0,0,0,0.0,0.0,0,0,0,0,0.0000,0.0000,63.09,0,stuck
1779722018.635,crossing_person,0,fusion_with_risk_avoidance,1,0.0000,0.0000,0.0000,8.00,0.00,8.0000,0.0000,0.0000,5.2875,0,0,0,0,0.0,0.0,0,0,0,0,0.0000,0.0000,63.19,0,stuck
1779722018.735,crossing_person,0,fusion_with_risk_avoidance,1,0.0000,0.0000,0.0000,8.00,0.00,8.0000,0.0000,0.0000,5.2497,0,0,0,0,0.0,0.0,0,0,0,0,0.0000,0.0000,63.29,0,stuck
1779722018.835,crossing_person,0,fusion_with_risk_avoidance,1,0.0000,0.0000,0.0000,8.00,0.00,8.0000,0.0000,0.0000,5.2144,0,0,0,0,0.0,0.0,0,0,0,0,0.0000,0.0000,63.39,0,stuck
1779722018.935,crossing_person,0,fusion_with_risk_avoidance,1,0.0000,0.0000,0.0000,8.00,0.00,8.0000,0.0000,0.0000,5.1816,0,0,0,0,0.0,0.0,0,0,0,0,0.0000,0.0000,63.49,0,stuck
1779722019.035,crossing_person,0,fusion_with_risk_avoidance,1,0.0000,0.0000,0.0000,8.00,0.00,8.0000,0.0000,0.0000,5.1514,0,0,0,0,0.0,0.0,0,0,0,0,0.0000,0.0000,63.59,0,stuck
1779722019.135,crossing_person,0,fusion_with_risk_avoidance,1,0.0000,0.0000,0.0000,8.00,0.00,8.0000,0.0000,0.0000,5.1238,0,0,0,0,0.0,0.0,0,0,0,0,0.0000,0.0000,63.69,0,stuck
1779722019.235,crossing_person,0,fusion_with_risk_avoidance,1,0.0000,0.0000,0.0000,8.00,0.00,8.0000,0.0000,0.0000,5.0990,0,0,0,0,0.0,0.0,0,0,0,0,0.0000,0.0000,63.79,0,stuck
1779722019.335,crossing_person,0,fusion_with_risk_avoidance,1,0.0000,0.0000,0.0000,8.00,0.00,8.0000,0.0000,0.0000,5.0768,0,0,0,0,0.0,0.0,0,0,0,0,0.0000,0.0000,63.89,0,stuck
1779722019.435,crossing_person,0,fusion_with_risk_avoidance,1,0.0000,0.0000,0.0000,8.00,0.00,8.0000,0.0000,0.0000,5.0573,0,0,0,0,0.0,0.0,0,0,0,0,0.0000,0.0000,63.99,0,stuck
1779722019.535,crossing_person,0,fusion_with_risk_avoidance,1,0.0000,0.0000,0.0000,8.00,0.00,8.0000,0.0000,0.0000,5.0408,0,0,0,0,0.0,0.0,0,0,0,0,0.0000,0.0000,64.09,0,stuck
1779722019.635,crossing_person,0,fusion_with_risk_avoidance,1,0.0000,0.0000,0.0000,8.00,0.00,8.0000,0.0000,0.0000,5.0269,0,0,0,0,0.0,0.0,0,0,0,0,0.0000,0.0000,64.19,0,stuck
1779722019.735,crossing_person,0,fusion_with_risk_avoidance,1,0.0000,0.0000,0.0000,8.00,0.00,8.0000,0.0000,0.0000,5.0159,0,0,0,0,0.0,0.0,0,0,0,0,0.0000,0.0000,64.29,0,stuck
1779722019.835,crossing_person,0,fusion_with_risk_avoidance,1,0.0000,0.0000,0.0000,8.00,0.00,8.0000,0.0000,0.0000,5.0078,0,0,0,0,0.0,0.0,0,0,0,0,0.0000,0.0000,64.39,0,stuck
1779722019.935,crossing_person,0,fusion_with_risk_avoidance,1,0.0000,0.0000,0.0000,8.00,0.00,8.0000,0.0000,0.0000,5.0025,0,0,0,0,0.0,0.0,0,0,0,0,0.0000,0.0000,64.49,0,stuck
1779722020.035,crossing_person,0,fusion_with_risk_avoidance,1,0.0000,0.0000,0.0000,8.00,0.00,8.0000,0.0000,0.0000,5.0002,0,0,0,0,0.0,0.0,0,0,0,0,0.0000,0.0000,64.59,0,stuck
1779722020.135,crossing_person,0,fusion_with_risk_avoidance,1,0.0000,0.0000,0.0000,8.00,0.00,8.0000,0.0000,0.0000,5.0007,0,0,0,0,0.0,0.0,0,0,0,0,0.0000,0.0000,64.69,0,stuck
1779722020.236,crossing_person,0,fusion_with_risk_avoidance,1,0.0000,0.0000,0.0000,8.00,0.00,8.0000,0.0000,0.0000,5.0040,0,0,0,0,0.0,0.0,0,0,0,0,0.0000,0.0000,64.79,0,stuck
1779722020.335,crossing_person,0,fusion_with_risk_avoidance,1,0.0000,0.0000,0.0000,8.00,0.00,8.0000,0.0000,0.0000,5.0102,0,0,0,0,0.0,0.0,0,0,0,0,0.0000,0.0000,64.89,0,stuck
1779722020.435,crossing_person,0,fusion_with_risk_avoidance,1,0.0000,0.0000,0.0000,8.00,0.00,8.0000,0.0000,0.0000,5.0194,0,0,0,0,0.0,0.0,0,0,0,0,0.0000,0.0000,64.99,0,stuck
1779722020.535,crossing_person,0,fusion_with_risk_avoidance,1,0.0000,0.0000,0.0000,8.00,0.00,8.0000,0.0000,0.0000,5.0313,0,0,0,0,0.0,0.0,0,0,0,0,0.0000,0.0000,65.09,0,stuck
1779722020.635,crossing_person,0,fusion_with_risk_avoidance,1,0.0000,0.0000,0.0000,8.00,0.00,8.0000,0.0000,0.0000,5.0461,0,0,0,0,0.0,0.0,0,0,0,0,0.0000,0.0000,65.19,0,stuck
1779722020.735,crossing_person,0,fusion_with_risk_avoidance,1,0.0000,0.0000,0.0000,8.00,0.00,8.0000,0.0000,0.0000,5.0636,0,0,0,0,0.0,0.0,0,0,0,0,0.0000,0.0000,65.29,0,stuck
1779722020.835,crossing_person,0,fusion_with_risk_avoidance,1,0.0000,0.0000,0.0000,8.00,0.00,8.0000,0.0000,0.0000,5.0840,0,0,0,0,0.0,0.0,0,0,0,0,0.0000,0.0000,65.39,0,stuck
1779722020.935,crossing_person,0,fusion_with_risk_avoidance,1,0.0000,0.0000,0.0000,8.00,0.00,8.0000,0.0000,0.0000,5.1071,0,0,0,0,0.0,0.0,0,0,0,0,0.0000,0.0000,65.49,0,stuck
1779722021.035,crossing_person,0,fusion_with_risk_avoidance,1,0.0000,0.0000,0.0000,8.00,0.00,8.0000,0.0000,0.0000,5.1329,0,0,0,0,0.0,0.0,0,0,0,0,0.0000,0.0000,65.59,0,stuck
1779722021.135,crossing_person,0,fusion_with_risk_avoidance,1,0.0000,0.0000,0.0000,8.00,0.00,8.0000,0.0000,0.0000,5.1613,0,0,0,0,0.0,0.0,0,0,0,0,0.0000,0.0000,65.69,0,stuck
1779722021.235,crossing_person,0,fusion_with_risk_avoidance,1,0.0000,0.0000,0.0000,8.00,0.00,8.0000,0.0000,0.0000,5.1924,0,0,0,0,0.0,0.0,0,0,0,0,0.0000,0.0000,65.79,0,stuck
1779722021.335,crossing_person,0,fusion_with_risk_avoidance,1,0.0000,0.0000,0.0000,8.00,0.00,8.0000,0.0000,0.0000,5.2260,0,0,0,0,0.0,0.0,0,0,0,0,0.0000,0.0000,65.89,0,stuck
1779722021.435,crossing_person,0,fusion_with_risk_avoidance,1,0.0000,0.0000,0.0000,8.00,0.00,8.0000,0.0000,0.0000,5.2622,0,0,0,0,0.0,0.0,0,0,0,0,0.0000,0.0000,65.99,0,stuck
1779722021.535,crossing_person,0,fusion_with_risk_avoidance,1,0.0000,0.0000,0.0000,8.00,0.00,8.0000,0.0000,0.0000,5.3008,0,0,0,0,0.0,0.0,0,0,0,0,0.0000,0.0000,66.09,0,stuck
1779722021.635,crossing_person,0,fusion_with_risk_avoidance,1,0.0000,0.0000,0.0000,8.00,0.00,8.0000,0.0000,0.0000,5.3419,0,0,0,0,0.0,0.0,0,0,0,0,0.0000,0.0000,66.19,0,stuck
1779722021.735,crossing_person,0,fusion_with_risk_avoidance,1,0.0000,0.0000,0.0000,8.00,0.00,8.0000,0.0000,0.0000,5.3851,0,0,0,0,0.0,0.0,0,0,0,0,0.0000,0.0000,66.29,0,stuck
1779722021.835,crossing_person,0,fusion_with_risk_avoidance,1,0.0000,0.0000,0.0000,8.00,0.00,8.0000,0.0000,0.0000,5.3417,0,0,0,0,0.0,0.0,0,0,0,0,0.0000,0.0000,66.39,0,stuck
1779722021.936,crossing_person,0,fusion_with_risk_avoidance,1,0.0000,0.0000,0.0000,8.00,0.00,8.0000,0.0000,0.0000,5.3006,0,0,0,0,0.0,0.0,0,0,0,0,0.0000,0.0000,66.49,0,stuck
1779722022.035,crossing_person,0,fusion_with_risk_avoidance,1,0.0000,0.0000,0.0000,8.00,0.00,8.0000,0.0000,0.0000,5.2620,0,0,0,0,0.0,0.0,0,0,0,0,0.0000,0.0000,66.59,0,stuck
1779722022.135,crossing_person,0,fusion_with_risk_avoidance,1,0.0000,0.0000,0.0000,8.00,0.00,8.0000,0.0000,0.0000,5.2258,0,0,0,0,0.0,0.0,0,0,0,0,0.0000,0.0000,66.69,0,stuck
1779722022.235,crossing_person,0,fusion_with_risk_avoidance,1,0.0000,0.0000,0.0000,8.00,0.00,8.0000,0.0000,0.0000,5.1922,0,0,0,0,0.0,0.0,0,0,0,0,0.0000,0.0000,66.79,0,stuck
1779722022.335,crossing_person,0,fusion_with_risk_avoidance,1,0.0000,0.0000,0.0000,8.00,0.00,8.0000,0.0000,0.0000,5.1612,0,0,0,0,0.0,0.0,0,0,0,0,0.0000,0.0000,66.89,0,stuck
1779722022.435,crossing_person,0,fusion_with_risk_avoidance,1,0.0000,0.0000,0.0000,8.00,0.00,8.0000,0.0000,0.0000,5.1327,0,0,0,0,0.0,0.0,0,0,0,0,0.0000,0.0000,66.99,0,stuck
1779722022.535,crossing_person,0,fusion_with_risk_avoidance,1,0.0000,0.0000,0.0000,8.00,0.00,8.0000,0.0000,0.0000,5.1069,0,0,0,0,0.0,0.0,0,0,0,0,0.0000,0.0000,67.09,0,stuck
1779722022.635,crossing_person,0,fusion_with_risk_avoidance,1,0.0000,0.0000,0.0000,8.00,0.00,8.0000,0.0000,0.0000,5.0839,0,0,0,0,0.0,0.0,0,0,0,0,0.0000,0.0000,67.19,0,stuck
1779722022.735,crossing_person,0,fusion_with_risk_avoidance,1,0.0000,0.0000,0.0000,8.00,0.00,8.0000,0.0000,0.0000,5.0635,0,0,0,0,0.0,0.0,0,0,0,0,0.0000,0.0000,67.29,0,stuck
1779722022.835,crossing_person,0,fusion_with_risk_avoidance,1,0.0000,0.0000,0.0000,8.00,0.00,8.0000,0.0000,0.0000,5.0460,0,0,0,0,0.0,0.0,0,0,0,0,0.0000,0.0000,67.39,0,stuck
1779722022.935,crossing_person,0,fusion_with_risk_avoidance,1,0.0000,0.0000,0.0000,8.00,0.00,8.0000,0.0000,0.0000,5.0310,0,0,0,0,0.0,0.0,0,0,0,0,0.0000,0.0000,67.49,0,stuck
1779722023.035,crossing_person,0,fusion_with_risk_avoidance,1,0.0000,0.0000,0.0000,8.00,0.00,8.0000,0.0000,0.0000,5.0193,0,0,0,0,0.0,0.0,0,0,0,0,0.0000,0.0000,67.59,0,stuck
1779722023.135,crossing_person,0,fusion_with_risk_avoidance,1,0.0000,0.0000,0.0000,8.00,0.00,8.0000,0.0000,0.0000,5.0102,0,0,0,0,0.0,0.0,0,0,0,0,0.0000,0.0000,67.69,0,stuck
1779722023.235,crossing_person,0,fusion_with_risk_avoidance,1,0.0000,0.0000,0.0000,8.00,0.00,8.0000,0.0000,0.0000,5.0040,0,0,0,0,0.0,0.0,0,0,0,0,0.0000,0.0000,67.79,0,stuck
1779722023.335,crossing_person,0,fusion_with_risk_avoidance,1,0.0000,0.0000,0.0000,8.00,0.00,8.0000,0.0000,0.0000,5.0006,0,0,0,0,0.0,0.0,0,0,0,0,0.0000,0.0000,67.89,0,stuck
1779722023.435,crossing_person,0,fusion_with_risk_avoidance,1,0.0000,0.0000,0.0000,8.00,0.00,8.0000,0.0000,0.0000,5.0002,0,0,0,0,0.0,0.0,0,0,0,0,0.0000,0.0000,67.99,0,stuck
1779722023.535,crossing_person,0,fusion_with_risk_avoidance,1,0.0000,0.0000,0.0000,8.00,0.00,8.0000,0.0000,0.0000,5.0026,0,0,0,0,0.0,0.0,0,0,0,0,0.0000,0.0000,68.09,0,stuck
1779722023.635,crossing_person,0,fusion_with_risk_avoidance,1,0.0000,0.0000,0.0000,8.00,0.00,8.0000,0.0000,0.0000,5.0079,0,0,0,0,0.0,0.0,0,0,0,0,0.0000,0.0000,68.19,0,stuck
1779722023.735,crossing_person,0,fusion_with_risk_avoidance,1,0.0000,0.0000,0.0000,8.00,0.00,8.0000,0.0000,0.0000,5.0160,0,0,0,0,0.0,0.0,0,0,0,0,0.0000,0.0000,68.29,0,stuck
1779722023.835,crossing_person,0,fusion_with_risk_avoidance,1,0.0000,0.0000,0.0000,8.00,0.00,8.0000,0.0000,0.0000,5.0270,0,0,0,0,0.0,0.0,0,0,0,0,0.0000,0.0000,68.39,0,stuck
1779722023.935,crossing_person,0,fusion_with_risk_avoidance,1,0.0000,0.0000,0.0000,8.00,0.00,8.0000,0.0000,0.0000,5.0408,0,0,0,0,0.0,0.0,0,0,0,0,0.0000,0.0000,68.49,0,stuck
1779722024.035,crossing_person,0,fusion_with_risk_avoidance,1,0.0000,0.0000,0.0000,8.00,0.00,8.0000,0.0000,0.0000,5.0575,0,0,0,0,0.0,0.0,0,0,0,0,0.0000,0.0000,68.59,0,stuck
1779722024.135,crossing_person,0,fusion_with_risk_avoidance,1,0.0000,0.0000,0.0000,8.00,0.00,8.0000,0.0000,0.0000,5.0769,0,0,0,0,0.0,0.0,0,0,0,0,0.0000,0.0000,68.69,0,stuck
1779722024.235,crossing_person,0,fusion_with_risk_avoidance,1,0.0000,0.0000,0.0000,8.00,0.00,8.0000,0.0000,0.0000,5.0991,0,0,0,0,0.0,0.0,0,0,0,0,0.0000,0.0000,68.79,0,stuck
1779722024.335,crossing_person,0,fusion_with_risk_avoidance,1,0.0000,0.0000,0.0000,8.00,0.00,8.0000,0.0000,0.0000,5.1240,0,0,0,0,0.0,0.0,0,0,0,0,0.0000,0.0000,68.89,0,stuck
1779722024.435,crossing_person,0,fusion_with_risk_avoidance,1,0.0000,0.0000,0.0000,8.00,0.00,8.0000,0.0000,0.0000,5.1515,0,0,0,0,0.0,0.0,0,0,0,0,0.0000,0.0000,68.99,0,stuck
1779722024.535,crossing_person,0,fusion_with_risk_avoidance,1,0.0000,0.0000,0.0000,8.00,0.00,8.0000,0.0000,0.0000,5.1817,0,0,0,0,0.0,0.0,0,0,0,0,0.0000,0.0000,69.09,0,stuck
1779722024.635,crossing_person,0,fusion_with_risk_avoidance,1,0.0000,0.0000,0.0000,8.00,0.00,8.0000,0.0000,0.0000,5.2145,0,0,0,0,0.0,0.0,0,0,0,0,0.0000,0.0000,69.19,0,stuck
1779722024.735,crossing_person,0,fusion_with_risk_avoidance,1,0.0000,0.0000,0.0000,8.00,0.00,8.0000,0.0000,0.0000,5.2499,0,0,0,0,0.0,0.0,0,0,0,0,0.0000,0.0000,69.29,0,stuck
1779722024.835,crossing_person,0,fusion_with_risk_avoidance,1,0.0000,0.0000,0.0000,8.00,0.00,8.0000,0.0000,0.0000,5.2877,0,0,0,0,0.0,0.0,0,0,0,0,0.0000,0.0000,69.39,0,stuck
1779722024.935,crossing_person,0,fusion_with_risk_avoidance,1,0.0000,0.0000,0.0000,8.00,0.00,8.0000,0.0000,0.0000,5.3279,0,0,0,0,0.0,0.0,0,0,0,0,0.0000,0.0000,69.49,0,stuck
1779722025.035,crossing_person,0,fusion_with_risk_avoidance,1,0.0000,0.0000,0.0000,8.00,0.00,8.0000,0.0000,0.0000,5.3706,0,0,0,0,0.0,0.0,0,0,0,0,0.0000,0.0000,69.59,0,stuck
1779722025.135,crossing_person,0,fusion_with_risk_avoidance,1,0.0000,0.0000,0.0000,8.00,0.00,8.0000,0.0000,0.0000,5.3559,0,0,0,0,0.0,0.0,0,0,0,0,0.0000,0.0000,69.69,0,stuck
1779722025.235,crossing_person,0,fusion_with_risk_avoidance,1,0.0000,0.0000,0.0000,8.00,0.00,8.0000,0.0000,0.0000,5.3140,0,0,0,0,0.0,0.0,0,0,0,0,0.0000,0.0000,69.79,0,stuck
1779722025.335,crossing_person,0,fusion_with_risk_avoidance,1,0.0000,0.0000,0.0000,8.00,0.00,8.0000,0.0000,0.0000,5.2746,0,0,0,0,0.0,0.0,0,0,0,0,0.0000,0.0000,69.89,0,stuck
1779722025.435,crossing_person,0,fusion_with_risk_avoidance,1,0.0000,0.0000,0.0000,8.00,0.00,8.0000,0.0000,0.0000,5.2376,0,0,0,0,0.0,0.0,0,0,0,0,0.0000,0.0000,69.99,0,stuck
1779722025.535,crossing_person,0,fusion_with_risk_avoidance,1,0.0000,0.0000,0.0000,8.00,0.00,8.0000,0.0000,0.0000,5.2031,0,0,0,0,0.0,0.0,0,0,0,0,0.0000,0.0000,70.09,0,stuck
1779722025.635,crossing_person,0,fusion_with_risk_avoidance,1,0.0000,0.0000,0.0000,8.00,0.00,8.0000,0.0000,0.0000,5.1712,0,0,0,0,0.0,0.0,0,0,0,0,0.0000,0.0000,70.19,0,stuck
1779722025.735,crossing_person,0,fusion_with_risk_avoidance,1,0.0000,0.0000,0.0000,8.00,0.00,8.0000,0.0000,0.0000,5.1419,0,0,0,0,0.0,0.0,0,0,0,0,0.0000,0.0000,70.29,0,stuck
1779722025.835,crossing_person,0,fusion_with_risk_avoidance,1,0.0000,0.0000,0.0000,8.00,0.00,8.0000,0.0000,0.0000,5.1152,0,0,0,0,0.0,0.0,0,0,0,0,0.0000,0.0000,70.39,0,stuck
1779722025.935,crossing_person,0,fusion_with_risk_avoidance,1,0.0000,0.0000,0.0000,8.00,0.00,8.0000,0.0000,0.0000,5.0912,0,0,0,0,0.0,0.0,0,0,0,0,0.0000,0.0000,70.49,0,stuck
1779722026.035,crossing_person,0,fusion_with_risk_avoidance,1,0.0000,0.0000,0.0000,8.00,0.00,8.0000,0.0000,0.0000,5.0700,0,0,0,0,0.0,0.0,0,0,0,0,0.0000,0.0000,70.59,0,stuck
1779722026.135,crossing_person,0,fusion_with_risk_avoidance,1,0.0000,0.0000,0.0000,8.00,0.00,8.0000,0.0000,0.0000,5.0515,0,0,0,0,0.0,0.0,0,0,0,0,0.0000,0.0000,70.69,0,stuck
1779722026.235,crossing_person,0,fusion_with_risk_avoidance,1,0.0000,0.0000,0.0000,8.00,0.00,8.0000,0.0000,0.0000,5.0358,0,0,0,0,0.0,0.0,0,0,0,0,0.0000,0.0000,70.79,0,stuck
1779722026.335,crossing_person,0,fusion_with_risk_avoidance,1,0.0000,0.0000,0.0000,8.00,0.00,8.0000,0.0000,0.0000,5.0230,0,0,0,0,0.0,0.0,0,0,0,0,0.0000,0.0000,70.89,0,stuck
1779722026.435,crossing_person,0,fusion_with_risk_avoidance,1,0.0000,0.0000,0.0000,8.00,0.00,8.0000,0.0000,0.0000,5.0129,0,0,0,0,0.0,0.0,0,0,0,0,0.0000,0.0000,70.99,0,stuck
1779722026.535,crossing_person,0,fusion_with_risk_avoidance,1,0.0000,0.0000,0.0000,8.00,0.00,8.0000,0.0000,0.0000,5.0057,0,0,0,0,0.0,0.0,0,0,0,0,0.0000,0.0000,71.09,0,stuck
1779722026.635,crossing_person,0,fusion_with_risk_avoidance,1,0.0000,0.0000,0.0000,8.00,0.00,8.0000,0.0000,0.0000,5.0014,0,0,0,0,0.0,0.0,0,0,0,0,0.0000,0.0000,71.19,0,stuck
1779722026.735,crossing_person,0,fusion_with_risk_avoidance,1,0.0000,0.0000,0.0000,8.00,0.00,8.0000,0.0000,0.0000,5.0000,0,0,0,0,0.0,0.0,0,0,0,0,0.0000,0.0000,71.29,0,stuck
1779722026.835,crossing_person,0,fusion_with_risk_avoidance,1,0.0000,0.0000,0.0000,8.00,0.00,8.0000,0.0000,0.0000,5.0014,0,0,0,0,0.0,0.0,0,0,0,0,0.0000,0.0000,71.39,0,stuck
1779722026.935,crossing_person,0,fusion_with_risk_avoidance,1,0.0000,0.0000,0.0000,8.00,0.00,8.0000,0.0000,0.0000,5.0058,0,0,0,0,0.0,0.0,0,0,0,0,0.0000,0.0000,71.49,0,stuck
1779722027.035,crossing_person,0,fusion_with_risk_avoidance,1,0.0000,0.0000,0.0000,8.00,0.00,8.0000,0.0000,0.0000,5.0130,0,0,0,0,0.0,0.0,0,0,0,0,0.0000,0.0000,71.59,0,stuck
1779722027.135,crossing_person,0,fusion_with_risk_avoidance,1,0.0000,0.0000,0.0000,8.00,0.00,8.0000,0.0000,0.0000,5.0230,0,0,0,0,0.0,0.0,0,0,0,0,0.0000,0.0000,71.69,0,stuck
1779722027.235,crossing_person,0,fusion_with_risk_avoidance,1,0.0000,0.0000,0.0000,8.00,0.00,8.0000,0.0000,0.0000,5.0359,0,0,0,0,0.0,0.0,0,0,0,0,0.0000,0.0000,71.79,0,stuck
1779722027.335,crossing_person,0,fusion_with_risk_avoidance,1,0.0000,0.0000,0.0000,8.00,0.00,8.0000,0.0000,0.0000,5.0516,0,0,0,0,0.0,0.0,0,0,0,0,0.0000,0.0000,71.89,0,stuck
1779722027.436,crossing_person,0,fusion_with_risk_avoidance,1,0.0000,0.0000,0.0000,8.00,0.00,8.0000,0.0000,0.0000,5.0701,0,0,0,0,0.0,0.0,0,0,0,0,0.0000,0.0000,71.99,0,stuck
1779722027.535,crossing_person,0,fusion_with_risk_avoidance,1,0.0000,0.0000,0.0000,8.00,0.00,8.0000,0.0000,0.0000,5.0914,0,0,0,0,0.0,0.0,0,0,0,0,0.0000,0.0000,72.09,0,stuck
1779722027.635,crossing_person,0,fusion_with_risk_avoidance,1,0.0000,0.0000,0.0000,8.00,0.00,8.0000,0.0000,0.0000,5.1154,0,0,0,0,0.0,0.0,0,0,0,0,0.0000,0.0000,72.19,0,stuck
1779722027.735,crossing_person,0,fusion_with_risk_avoidance,1,0.0000,0.0000,0.0000,8.00,0.00,8.0000,0.0000,0.0000,5.1421,0,0,0,0,0.0,0.0,0,0,0,0,0.0000,0.0000,72.29,0,stuck
1779722027.835,crossing_person,0,fusion_with_risk_avoidance,1,0.0000,0.0000,0.0000,8.00,0.00,8.0000,0.0000,0.0000,5.1714,0,0,0,0,0.0,0.0,0,0,0,0,0.0000,0.0000,72.39,0,stuck
1779722027.935,crossing_person,0,fusion_with_risk_avoidance,1,0.0000,0.0000,0.0000,8.00,0.00,8.0000,0.0000,0.0000,5.2033,0,0,0,0,0.0,0.0,0,0,0,0,0.0000,0.0000,72.49,0,stuck
1779722028.035,crossing_person,0,fusion_with_risk_avoidance,1,0.0000,0.0000,0.0000,8.00,0.00,8.0000,0.0000,0.0000,5.2378,0,0,0,0,0.0,0.0,0,0,0,0,0.0000,0.0000,72.59,0,stuck
1779722028.135,crossing_person,0,fusion_with_risk_avoidance,1,0.0000,0.0000,0.0000,8.00,0.00,8.0000,0.0000,0.0000,5.2748,0,0,0,0,0.0,0.0,0,0,0,0,0.0000,0.0000,72.69,0,stuck
1779722028.235,crossing_person,0,fusion_with_risk_avoidance,1,0.0000,0.0000,0.0000,8.00,0.00,8.0000,0.0000,0.0000,5.3143,0,0,0,0,0.0,0.0,0,0,0,0,0.0000,0.0000,72.79,0,stuck
1779722028.335,crossing_person,0,fusion_with_risk_avoidance,1,0.0000,0.0000,0.0000,8.00,0.00,8.0000,0.0000,0.0000,5.3561,0,0,0,0,0.0,0.0,0,0,0,0,0.0000,0.0000,72.89,0,stuck
1779722028.435,crossing_person,0,fusion_with_risk_avoidance,1,0.0000,0.0000,0.0000,8.00,0.00,8.0000,0.0000,0.0000,5.3703,0,0,0,0,0.0,0.0,0,0,0,0,0.0000,0.0000,72.99,0,stuck
1779722028.535,crossing_person,0,fusion_with_risk_avoidance,1,0.0000,0.0000,0.0000,8.00,0.00,8.0000,0.0000,0.0000,5.3277,0,0,0,0,0.0,0.0,0,0,0,0,0.0000,0.0000,73.09,0,stuck
1779722028.635,crossing_person,0,fusion_with_risk_avoidance,1,0.0000,0.0000,0.0000,8.00,0.00,8.0000,0.0000,0.0000,5.2875,0,0,0,0,0.0,0.0,0,0,0,0,0.0000,0.0000,73.19,0,stuck
1779722028.735,crossing_person,0,fusion_with_risk_avoidance,1,0.0000,0.0000,0.0000,8.00,0.00,8.0000,0.0000,0.0000,5.2497,0,0,0,0,0.0,0.0,0,0,0,0,0.0000,0.0000,73.29,0,stuck
1779722028.835,crossing_person,0,fusion_with_risk_avoidance,1,0.0000,0.0000,0.0000,8.00,0.00,8.0000,0.0000,0.0000,5.2143,0,0,0,0,0.0,0.0,0,0,0,0,0.0000,0.0000,73.39,0,stuck
1779722028.935,crossing_person,0,fusion_with_risk_avoidance,1,0.0000,0.0000,0.0000,8.00,0.00,8.0000,0.0000,0.0000,5.1811,0,0,0,0,0.0,0.0,0,0,0,0,0.0000,0.0000,73.49,0,stuck
1779722029.035,crossing_person,0,fusion_with_risk_avoidance,1,0.0000,0.0000,0.0000,8.00,0.00,8.0000,0.0000,0.0000,5.1514,0,0,0,0,0.0,0.0,0,0,0,0,0.0000,0.0000,73.59,0,stuck
1779722029.135,crossing_person,0,fusion_with_risk_avoidance,1,0.0000,0.0000,0.0000,8.00,0.00,8.0000,0.0000,0.0000,5.1238,0,0,0,0,0.0,0.0,0,0,0,0,0.0000,0.0000,73.69,0,stuck
1779722029.235,crossing_person,0,fusion_with_risk_avoidance,1,0.0000,0.0000,0.0000,8.00,0.00,8.0000,0.0000,0.0000,5.0990,0,0,0,0,0.0,0.0,0,0,0,0,0.0000,0.0000,73.79,0,stuck
1779722029.335,crossing_person,0,fusion_with_risk_avoidance,1,0.0000,0.0000,0.0000,8.00,0.00,8.0000,0.0000,0.0000,5.0768,0,0,0,0,0.0,0.0,0,0,0,0,0.0000,0.0000,73.89,0,stuck
1779722029.435,crossing_person,0,fusion_with_risk_avoidance,1,0.0000,0.0000,0.0000,8.00,0.00,8.0000,0.0000,0.0000,5.0574,0,0,0,0,0.0,0.0,0,0,0,0,0.0000,0.0000,73.99,0,stuck
1779722029.535,crossing_person,0,fusion_with_risk_avoidance,1,0.0000,0.0000,0.0000,8.00,0.00,8.0000,0.0000,0.0000,5.0408,0,0,0,0,0.0,0.0,0,0,0,0,0.0000,0.0000,74.09,0,stuck
1779722029.635,crossing_person,0,fusion_with_risk_avoidance,1,0.0000,0.0000,0.0000,8.00,0.00,8.0000,0.0000,0.0000,5.0269,0,0,0,0,0.0,0.0,0,0,0,0,0.0000,0.0000,74.19,0,stuck
1779722029.735,crossing_person,0,fusion_with_risk_avoidance,1,0.0000,0.0000,0.0000,8.00,0.00,8.0000,0.0000,0.0000,5.0160,0,0,0,0,0.0,0.0,0,0,0,0,0.0000,0.0000,74.29,0,stuck
1779722029.835,crossing_person,0,fusion_with_risk_avoidance,1,0.0000,0.0000,0.0000,8.00,0.00,8.0000,0.0000,0.0000,5.0078,0,0,0,0,0.0,0.0,0,0,0,0,0.0000,0.0000,74.39,0,stuck
1779722029.935,crossing_person,0,fusion_with_risk_avoidance,1,0.0000,0.0000,0.0000,8.00,0.00,8.0000,0.0000,0.0000,5.0025,0,0,0,0,0.0,0.0,0,0,0,0,0.0000,0.0000,74.49,0,stuck
1779722030.035,crossing_person,0,fusion_with_risk_avoidance,1,0.0000,0.0000,0.0000,8.00,0.00,8.0000,0.0000,0.0000,5.0002,0,0,0,0,0.0,0.0,0,0,0,0,0.0000,0.0000,74.59,0,stuck
1779722030.135,crossing_person,0,fusion_with_risk_avoidance,1,0.0000,0.0000,0.0000,8.00,0.00,8.0000,0.0000,0.0000,5.0006,0,0,0,0,0.0,0.0,0,0,0,0,0.0000,0.0000,74.69,0,stuck
1779722030.235,crossing_person,0,fusion_with_risk_avoidance,1,0.0000,0.0000,0.0000,8.00,0.00,8.0000,0.0000,0.0000,5.0040,0,0,0,0,0.0,0.0,0,0,0,0,0.0000,0.0000,74.79,0,stuck
1779722030.335,crossing_person,0,fusion_with_risk_avoidance,1,0.0000,0.0000,0.0000,8.00,0.00,8.0000,0.0000,0.0000,5.0102,0,0,0,0,0.0,0.0,0,0,0,0,0.0000,0.0000,74.89,0,stuck
1779722030.435,crossing_person,0,fusion_with_risk_avoidance,1,0.0000,0.0000,0.0000,8.00,0.00,8.0000,0.0000,0.0000,5.0193,0,0,0,0,0.0,0.0,0,0,0,0,0.0000,0.0000,74.99,0,stuck
1779722030.535,crossing_person,0,fusion_with_risk_avoidance,1,0.0000,0.0000,0.0000,8.00,0.00,8.0000,0.0000,0.0000,5.0313,0,0,0,0,0.0,0.0,0,0,0,0,0.0000,0.0000,75.09,0,stuck
1779722030.635,crossing_person,0,fusion_with_risk_avoidance,1,0.0000,0.0000,0.0000,8.00,0.00,8.0000,0.0000,0.0000,5.0461,0,0,0,0,0.0,0.0,0,0,0,0,0.0000,0.0000,75.19,0,stuck
1779722030.735,crossing_person,0,fusion_with_risk_avoidance,1,0.0000,0.0000,0.0000,8.00,0.00,8.0000,0.0000,0.0000,5.0636,0,0,0,0,0.0,0.0,0,0,0,0,0.0000,0.0000,75.29,0,stuck
1779722030.835,crossing_person,0,fusion_with_risk_avoidance,1,0.0000,0.0000,0.0000,8.00,0.00,8.0000,0.0000,0.0000,5.0840,0,0,0,0,0.0,0.0,0,0,0,0,0.0000,0.0000,75.39,0,stuck
1779722030.935,crossing_person,0,fusion_with_risk_avoidance,1,0.0000,0.0000,0.0000,8.00,0.00,8.0000,0.0000,0.0000,5.1071,0,0,0,0,0.0,0.0,0,0,0,0,0.0000,0.0000,75.49,0,stuck
1779722031.035,crossing_person,0,fusion_with_risk_avoidance,1,0.0000,0.0000,0.0000,8.00,0.00,8.0000,0.0000,0.0000,5.1329,0,0,0,0,0.0,0.0,0,0,0,0,0.0000,0.0000,75.59,0,stuck
1779722031.135,crossing_person,0,fusion_with_risk_avoidance,1,0.0000,0.0000,0.0000,8.00,0.00,8.0000,0.0000,0.0000,5.1613,0,0,0,0,0.0,0.0,0,0,0,0,0.0000,0.0000,75.69,0,stuck
1779722031.236,crossing_person,0,fusion_with_risk_avoidance,1,0.0000,0.0000,0.0000,8.00,0.00,8.0000,0.0000,0.0000,5.1924,0,0,0,0,0.0,0.0,0,0,0,0,0.0000,0.0000,75.79,0,stuck
1779722031.335,crossing_person,0,fusion_with_risk_avoidance,1,0.0000,0.0000,0.0000,8.00,0.00,8.0000,0.0000,0.0000,5.2260,0,0,0,0,0.0,0.0,0,0,0,0,0.0000,0.0000,75.89,0,stuck
1779722031.435,crossing_person,0,fusion_with_risk_avoidance,1,0.0000,0.0000,0.0000,8.00,0.00,8.0000,0.0000,0.0000,5.2622,0,0,0,0,0.0,0.0,0,0,0,0,0.0000,0.0000,75.99,0,stuck
1779722031.535,crossing_person,0,fusion_with_risk_avoidance,1,0.0000,0.0000,0.0000,8.00,0.00,8.0000,0.0000,0.0000,5.3008,0,0,0,0,0.0,0.0,0,0,0,0,0.0000,0.0000,76.09,0,stuck
1779722031.635,crossing_person,0,fusion_with_risk_avoidance,1,0.0000,0.0000,0.0000,8.00,0.00,8.0000,0.0000,0.0000,5.3419,0,0,0,0,0.0,0.0,0,0,0,0,0.0000,0.0000,76.19,0,stuck
1779722031.735,crossing_person,0,fusion_with_risk_avoidance,1,0.0000,0.0000,0.0000,8.00,0.00,8.0000,0.0000,0.0000,5.3851,0,0,0,0,0.0,0.0,0,0,0,0,0.0000,0.0000,76.29,0,stuck
1779722031.835,crossing_person,0,fusion_with_risk_avoidance,1,0.0000,0.0000,0.0000,8.00,0.00,8.0000,0.0000,0.0000,5.3414,0,0,0,0,0.0,0.0,0,0,0,0,0.0000,0.0000,76.39,0,stuck
1779722031.935,crossing_person,0,fusion_with_risk_avoidance,1,0.0000,0.0000,0.0000,8.00,0.00,8.0000,0.0000,0.0000,5.3006,0,0,0,0,0.0,0.0,0,0,0,0,0.0000,0.0000,76.49,0,stuck
1779722032.035,crossing_person,0,fusion_with_risk_avoidance,1,0.0000,0.0000,0.0000,8.00,0.00,8.0000,0.0000,0.0000,5.2620,0,0,0,0,0.0,0.0,0,0,0,0,0.0000,0.0000,76.59,0,stuck
1779722032.135,crossing_person,0,fusion_with_risk_avoidance,1,0.0000,0.0000,0.0000,8.00,0.00,8.0000,0.0000,0.0000,5.2258,0,0,0,0,0.0,0.0,0,0,0,0,0.0000,0.0000,76.69,0,stuck
1779722032.235,crossing_person,0,fusion_with_risk_avoidance,1,0.0000,0.0000,0.0000,8.00,0.00,8.0000,0.0000,0.0000,5.1922,0,0,0,0,0.0,0.0,0,0,0,0,0.0000,0.0000,76.79,0,stuck
1779722032.335,crossing_person,0,fusion_with_risk_avoidance,1,0.0000,0.0000,0.0000,8.00,0.00,8.0000,0.0000,0.0000,5.1609,0,0,0,0,0.0,0.0,0,0,0,0,0.0000,0.0000,76.89,0,stuck
1779722032.435,crossing_person,0,fusion_with_risk_avoidance,1,0.0000,0.0000,0.0000,8.00,0.00,8.0000,0.0000,0.0000,5.1327,0,0,0,0,0.0,0.0,0,0,0,0,0.0000,0.0000,76.99,0,stuck
1779722032.535,crossing_person,0,fusion_with_risk_avoidance,1,0.0000,0.0000,0.0000,8.00,0.00,8.0000,0.0000,0.0000,5.1069,0,0,0,0,0.0,0.0,0,0,0,0,0.0000,0.0000,77.09,0,stuck
1779722032.635,crossing_person,0,fusion_with_risk_avoidance,1,0.0000,0.0000,0.0000,8.00,0.00,8.0000,0.0000,0.0000,5.0839,0,0,0,0,0.0,0.0,0,0,0,0,0.0000,0.0000,77.19,0,stuck
1779722032.735,crossing_person,0,fusion_with_risk_avoidance,1,0.0000,0.0000,0.0000,8.00,0.00,8.0000,0.0000,0.0000,5.0635,0,0,0,0,0.0,0.0,0,0,0,0,0.0000,0.0000,77.29,0,stuck
1779722032.835,crossing_person,0,fusion_with_risk_avoidance,1,0.0000,0.0000,0.0000,8.00,0.00,8.0000,0.0000,0.0000,5.0460,0,0,0,0,0.0,0.0,0,0,0,0,0.0000,0.0000,77.39,0,stuck
1779722032.935,crossing_person,0,fusion_with_risk_avoidance,1,0.0000,0.0000,0.0000,8.00,0.00,8.0000,0.0000,0.0000,5.0312,0,0,0,0,0.0,0.0,0,0,0,0,0.0000,0.0000,77.49,0,stuck
1779722033.035,crossing_person,0,fusion_with_risk_avoidance,1,0.0000,0.0000,0.0000,8.00,0.00,8.0000,0.0000,0.0000,5.0193,0,0,0,0,0.0,0.0,0,0,0,0,0.0000,0.0000,77.59,0,stuck
1779722033.135,crossing_person,0,fusion_with_risk_avoidance,1,0.0000,0.0000,0.0000,8.00,0.00,8.0000,0.0000,0.0000,5.0102,0,0,0,0,0.0,0.0,0,0,0,0,0.0000,0.0000,77.69,0,stuck
1779722033.235,crossing_person,0,fusion_with_risk_avoidance,1,0.0000,0.0000,0.0000,8.00,0.00,8.0000,0.0000,0.0000,5.0040,0,0,0,0,0.0,0.0,0,0,0,0,0.0000,0.0000,77.79,0,stuck
1779722033.335,crossing_person,0,fusion_with_risk_avoidance,1,0.0000,0.0000,0.0000,8.00,0.00,8.0000,0.0000,0.0000,5.0006,0,0,0,0,0.0,0.0,0,0,0,0,0.0000,0.0000,77.89,0,stuck
1779722033.435,crossing_person,0,fusion_with_risk_avoidance,1,0.0000,0.0000,0.0000,8.00,0.00,8.0000,0.0000,0.0000,5.0002,0,0,0,0,0.0,0.0,0,0,0,0,0.0000,0.0000,77.99,0,stuck
1779722033.535,crossing_person,0,fusion_with_risk_avoidance,1,0.0000,0.0000,0.0000,8.00,0.00,8.0000,0.0000,0.0000,5.0026,0,0,0,0,0.0,0.0,0,0,0,0,0.0000,0.0000,78.09,0,stuck
1779722033.635,crossing_person,0,fusion_with_risk_avoidance,1,0.0000,0.0000,0.0000,8.00,0.00,8.0000,0.0000,0.0000,5.0079,0,0,0,0,0.0,0.0,0,0,0,0,0.0000,0.0000,78.19,0,stuck
1779722033.735,crossing_person,0,fusion_with_risk_avoidance,1,0.0000,0.0000,0.0000,8.00,0.00,8.0000,0.0000,0.0000,5.0160,0,0,0,0,0.0,0.0,0,0,0,0,0.0000,0.0000,78.29,0,stuck
1779722033.835,crossing_person,0,fusion_with_risk_avoidance,1,0.0000,0.0000,0.0000,8.00,0.00,8.0000,0.0000,0.0000,5.0270,0,0,0,0,0.0,0.0,0,0,0,0,0.0000,0.0000,78.39,0,stuck
1779722033.935,crossing_person,0,fusion_with_risk_avoidance,1,0.0000,0.0000,0.0000,8.00,0.00,8.0000,0.0000,0.0000,5.0408,0,0,0,0,0.0,0.0,0,0,0,0,0.0000,0.0000,78.49,0,stuck
1779722034.035,crossing_person,0,fusion_with_risk_avoidance,1,0.0000,0.0000,0.0000,8.00,0.00,8.0000,0.0000,0.0000,5.0575,0,0,0,0,0.0,0.0,0,0,0,0,0.0000,0.0000,78.59,0,stuck
1779722034.135,crossing_person,0,fusion_with_risk_avoidance,1,0.0000,0.0000,0.0000,8.00,0.00,8.0000,0.0000,0.0000,5.0772,0,0,0,0,0.0,0.0,0,0,0,0,0.0000,0.0000,78.69,0,stuck
1779722034.235,crossing_person,0,fusion_with_risk_avoidance,1,0.0000,0.0000,0.0000,8.00,0.00,8.0000,0.0000,0.0000,5.0991,0,0,0,0,0.0,0.0,0,0,0,0,0.0000,0.0000,78.79,0,stuck
1779722034.335,crossing_person,0,fusion_with_risk_avoidance,1,0.0000,0.0000,0.0000,8.00,0.00,8.0000,0.0000,0.0000,5.1240,0,0,0,0,0.0,0.0,0,0,0,0,0.0000,0.0000,78.89,0,stuck
1779722034.435,crossing_person,0,fusion_with_risk_avoidance,1,0.0000,0.0000,0.0000,8.00,0.00,8.0000,0.0000,0.0000,5.1515,0,0,0,0,0.0,0.0,0,0,0,0,0.0000,0.0000,78.99,0,stuck
1779722034.535,crossing_person,0,fusion_with_risk_avoidance,1,0.0000,0.0000,0.0000,8.00,0.00,8.0000,0.0000,0.0000,5.1817,0,0,0,0,0.0,0.0,0,0,0,0,0.0000,0.0000,79.09,0,stuck
1779722034.635,crossing_person,0,fusion_with_risk_avoidance,1,0.0000,0.0000,0.0000,8.00,0.00,8.0000,0.0000,0.0000,5.2145,0,0,0,0,0.0,0.0,0,0,0,0,0.0000,0.0000,79.19,0,stuck
1779722034.735,crossing_person,0,fusion_with_risk_avoidance,1,0.0000,0.0000,0.0000,8.00,0.00,8.0000,0.0000,0.0000,5.2499,0,0,0,0,0.0,0.0,0,0,0,0,0.0000,0.0000,79.29,0,stuck
1779722034.835,crossing_person,0,fusion_with_risk_avoidance,1,0.0000,0.0000,0.0000,8.00,0.00,8.0000,0.0000,0.0000,5.2877,0,0,0,0,0.0,0.0,0,0,0,0,0.0000,0.0000,79.39,0,stuck
1779722034.935,crossing_person,0,fusion_with_risk_avoidance,1,0.0000,0.0000,0.0000,8.00,0.00,8.0000,0.0000,0.0000,5.3279,0,0,0,0,0.0,0.0,0,0,0,0,0.0000,0.0000,79.49,0,stuck
1779722035.035,crossing_person,0,fusion_with_risk_avoidance,1,0.0000,0.0000,0.0000,8.00,0.00,8.0000,0.0000,0.0000,5.3706,0,0,0,0,0.0,0.0,0,0,0,0,0.0000,0.0000,79.59,0,stuck
1779722035.135,crossing_person,0,fusion_with_risk_avoidance,1,0.0000,0.0000,0.0000,8.00,0.00,8.0000,0.0000,0.0000,5.3558,0,0,0,0,0.0,0.0,0,0,0,0,0.0000,0.0000,79.69,0,stuck
1779722035.235,crossing_person,0,fusion_with_risk_avoidance,1,0.0000,0.0000,0.0000,8.00,0.00,8.0000,0.0000,0.0000,5.3140,0,0,0,0,0.0,0.0,0,0,0,0,0.0000,0.0000,79.79,0,stuck
1779722035.335,crossing_person,0,fusion_with_risk_avoidance,1,0.0000,0.0000,0.0000,8.00,0.00,8.0000,0.0000,0.0000,5.2746,0,0,0,0,0.0,0.0,0,0,0,0,0.0000,0.0000,79.89,0,stuck
1779722035.435,crossing_person,0,fusion_with_risk_avoidance,1,0.0000,0.0000,0.0000,8.00,0.00,8.0000,0.0000,0.0000,5.2375,0,0,0,0,0.0,0.0,0,0,0,0,0.0000,0.0000,79.99,0,stuck
1779722035.535,crossing_person,0,fusion_with_risk_avoidance,1,0.0000,0.0000,0.0000,8.00,0.00,8.0000,0.0000,0.0000,5.2031,0,0,0,0,0.0,0.0,0,0,0,0,0.0000,0.0000,80.09,0,stuck
1779722035.635,crossing_person,0,fusion_with_risk_avoidance,1,0.0000,0.0000,0.0000,8.00,0.00,8.0000,0.0000,0.0000,5.1712,0,0,0,0,0.0,0.0,0,0,0,0,0.0000,0.0000,80.19,0,stuck
1779722035.735,crossing_person,0,fusion_with_risk_avoidance,1,0.0000,0.0000,0.0000,8.00,0.00,8.0000,0.0000,0.0000,5.1419,0,0,0,0,0.0,0.0,0,0,0,0,0.0000,0.0000,80.29,0,stuck
1779722035.835,crossing_person,0,fusion_with_risk_avoidance,1,0.0000,0.0000,0.0000,8.00,0.00,8.0000,0.0000,0.0000,5.1151,0,0,0,0,0.0,0.0,0,0,0,0,0.0000,0.0000,80.39,0,stuck
1779722035.935,crossing_person,0,fusion_with_risk_avoidance,1,0.0000,0.0000,0.0000,8.00,0.00,8.0000,0.0000,0.0000,5.0912,0,0,0,0,0.0,0.0,0,0,0,0,0.0000,0.0000,80.49,0,stuck
1779722036.035,crossing_person,0,fusion_with_risk_avoidance,1,0.0000,0.0000,0.0000,8.00,0.00,8.0000,0.0000,0.0000,5.0700,0,0,0,0,0.0,0.0,0,0,0,0,0.0000,0.0000,80.59,0,stuck
1779722036.135,crossing_person,0,fusion_with_risk_avoidance,1,0.0000,0.0000,0.0000,8.00,0.00,8.0000,0.0000,0.0000,5.0515,0,0,0,0,0.0,0.0,0,0,0,0,0.0000,0.0000,80.69,0,stuck
1779722036.235,crossing_person,0,fusion_with_risk_avoidance,1,0.0000,0.0000,0.0000,8.00,0.00,8.0000,0.0000,0.0000,5.0358,0,0,0,0,0.0,0.0,0,0,0,0,0.0000,0.0000,80.79,0,stuck
1779722036.335,crossing_person,0,fusion_with_risk_avoidance,1,0.0000,0.0000,0.0000,8.00,0.00,8.0000,0.0000,0.0000,5.0230,0,0,0,0,0.0,0.0,0,0,0,0,0.0000,0.0000,80.89,0,stuck
1779722036.435,crossing_person,0,fusion_with_risk_avoidance,1,0.0000,0.0000,0.0000,8.00,0.00,8.0000,0.0000,0.0000,5.0129,0,0,0,0,0.0,0.0,0,0,0,0,0.0000,0.0000,80.99,0,stuck
1779722036.535,crossing_person,0,fusion_with_risk_avoidance,1,0.0000,0.0000,0.0000,8.00,0.00,8.0000,0.0000,0.0000,5.0057,0,0,0,0,0.0,0.0,0,0,0,0,0.0000,0.0000,81.09,0,stuck
1779722036.635,crossing_person,0,fusion_with_risk_avoidance,1,0.0000,0.0000,0.0000,8.00,0.00,8.0000,0.0000,0.0000,5.0014,0,0,0,0,0.0,0.0,0,0,0,0,0.0000,0.0000,81.19,0,stuck
1779722036.735,crossing_person,0,fusion_with_risk_avoidance,1,0.0000,0.0000,0.0000,8.00,0.00,8.0000,0.0000,0.0000,5.0000,0,0,0,0,0.0,0.0,0,0,0,0,0.0000,0.0000,81.29,0,stuck
1779722036.835,crossing_person,0,fusion_with_risk_avoidance,1,0.0000,0.0000,0.0000,8.00,0.00,8.0000,0.0000,0.0000,5.0014,0,0,0,0,0.0,0.0,0,0,0,0,0.0000,0.0000,81.39,0,stuck
1779722036.935,crossing_person,0,fusion_with_risk_avoidance,1,0.0000,0.0000,0.0000,8.00,0.00,8.0000,0.0000,0.0000,5.0058,0,0,0,0,0.0,0.0,0,0,0,0,0.0000,0.0000,81.49,0,stuck
1779722037.035,crossing_person,0,fusion_with_risk_avoidance,1,0.0000,0.0000,0.0000,8.00,0.00,8.0000,0.0000,0.0000,5.0130,0,0,0,0,0.0,0.0,0,0,0,0,0.0000,0.0000,81.59,0,stuck
1779722037.135,crossing_person,0,fusion_with_risk_avoidance,1,0.0000,0.0000,0.0000,8.00,0.00,8.0000,0.0000,0.0000,5.0230,0,0,0,0,0.0,0.0,0,0,0,0,0.0000,0.0000,81.69,0,stuck
1779722037.235,crossing_person,0,fusion_with_risk_avoidance,1,0.0000,0.0000,0.0000,8.00,0.00,8.0000,0.0000,0.0000,5.0359,0,0,0,0,0.0,0.0,0,0,0,0,0.0000,0.0000,81.79,0,stuck
1779722037.335,crossing_person,0,fusion_with_risk_avoidance,1,0.0000,0.0000,0.0000,8.00,0.00,8.0000,0.0000,0.0000,5.0516,0,0,0,0,0.0,0.0,0,0,0,0,0.0000,0.0000,81.89,0,stuck
1779722037.435,crossing_person,0,fusion_with_risk_avoidance,1,0.0000,0.0000,0.0000,8.00,0.00,8.0000,0.0000,0.0000,5.0703,0,0,0,0,0.0,0.0,0,0,0,0,0.0000,0.0000,81.99,0,stuck
1779722037.535,crossing_person,0,fusion_with_risk_avoidance,1,0.0000,0.0000,0.0000,8.00,0.00,8.0000,0.0000,0.0000,5.0914,0,0,0,0,0.0,0.0,0,0,0,0,0.0000,0.0000,82.09,0,stuck
1779722037.635,crossing_person,0,fusion_with_risk_avoidance,1,0.0000,0.0000,0.0000,8.00,0.00,8.0000,0.0000,0.0000,5.1154,0,0,0,0,0.0,0.0,0,0,0,0,0.0000,0.0000,82.19,0,stuck
1779722037.735,crossing_person,0,fusion_with_risk_avoidance,1,0.0000,0.0000,0.0000,8.00,0.00,8.0000,0.0000,0.0000,5.1421,0,0,0,0,0.0,0.0,0,0,0,0,0.0000,0.0000,82.29,0,stuck
1779722037.835,crossing_person,0,fusion_with_risk_avoidance,1,0.0000,0.0000,0.0000,8.00,0.00,8.0000,0.0000,0.0000,5.1714,0,0,0,0,0.0,0.0,0,0,0,0,0.0000,0.0000,82.39,0,stuck
1779722037.935,crossing_person,0,fusion_with_risk_avoidance,1,0.0000,0.0000,0.0000,8.00,0.00,8.0000,0.0000,0.0000,5.2033,0,0,0,0,0.0,0.0,0,0,0,0,0.0000,0.0000,82.49,0,stuck
1779722038.035,crossing_person,0,fusion_with_risk_avoidance,1,0.0000,0.0000,0.0000,8.00,0.00,8.0000,0.0000,0.0000,5.2379,0,0,0,0,0.0,0.0,0,0,0,0,0.0000,0.0000,82.59,0,stuck
1779722038.135,crossing_person,0,fusion_with_risk_avoidance,1,0.0000,0.0000,0.0000,8.00,0.00,8.0000,0.0000,0.0000,5.2748,0,0,0,0,0.0,0.0,0,0,0,0,0.0000,0.0000,82.69,0,stuck
1779722038.235,crossing_person,0,fusion_with_risk_avoidance,1,0.0000,0.0000,0.0000,8.00,0.00,8.0000,0.0000,0.0000,5.3143,0,0,0,0,0.0,0.0,0,0,0,0,0.0000,0.0000,82.79,0,stuck
1779722038.335,crossing_person,0,fusion_with_risk_avoidance,1,0.0000,0.0000,0.0000,8.00,0.00,8.0000,0.0000,0.0000,5.3561,0,0,0,0,0.0,0.0,0,0,0,0,0.0000,0.0000,82.89,0,stuck
1779722038.435,crossing_person,0,fusion_with_risk_avoidance,1,0.0000,0.0000,0.0000,8.00,0.00,8.0000,0.0000,0.0000,5.3703,0,0,0,0,0.0,0.0,0,0,0,0,0.0000,0.0000,82.99,0,stuck
1779722038.535,crossing_person,0,fusion_with_risk_avoidance,1,0.0000,0.0000,0.0000,8.00,0.00,8.0000,0.0000,0.0000,5.3276,0,0,0,0,0.0,0.0,0,0,0,0,0.0000,0.0000,83.09,0,stuck
1779722038.635,crossing_person,0,fusion_with_risk_avoidance,1,0.0000,0.0000,0.0000,8.00,0.00,8.0000,0.0000,0.0000,5.2875,0,0,0,0,0.0,0.0,0,0,0,0,0.0000,0.0000,83.19,0,stuck
1779722038.735,crossing_person,0,fusion_with_risk_avoidance,1,0.0000,0.0000,0.0000,8.00,0.00,8.0000,0.0000,0.0000,5.2497,0,0,0,0,0.0,0.0,0,0,0,0,0.0000,0.0000,83.29,0,stuck
1779722038.835,crossing_person,0,fusion_with_risk_avoidance,1,0.0000,0.0000,0.0000,8.00,0.00,8.0000,0.0000,0.0000,5.2143,0,0,0,0,0.0,0.0,0,0,0,0,0.0000,0.0000,83.39,0,stuck
1779722038.935,crossing_person,0,fusion_with_risk_avoidance,1,0.0000,0.0000,0.0000,8.00,0.00,8.0000,0.0000,0.0000,5.1816,0,0,0,0,0.0,0.0,0,0,0,0,0.0000,0.0000,83.49,0,stuck
1779722039.035,crossing_person,0,fusion_with_risk_avoidance,1,0.0000,0.0000,0.0000,8.00,0.00,8.0000,0.0000,0.0000,5.1514,0,0,0,0,0.0,0.0,0,0,0,0,0.0000,0.0000,83.59,0,stuck
1779722039.135,crossing_person,0,fusion_with_risk_avoidance,1,0.0000,0.0000,0.0000,8.00,0.00,8.0000,0.0000,0.0000,5.1238,0,0,0,0,0.0,0.0,0,0,0,0,0.0000,0.0000,83.69,0,stuck
1779722039.235,crossing_person,0,fusion_with_risk_avoidance,1,0.0000,0.0000,0.0000,8.00,0.00,8.0000,0.0000,0.0000,5.0989,0,0,0,0,0.0,0.0,0,0,0,0,0.0000,0.0000,83.79,0,stuck
1779722039.335,crossing_person,0,fusion_with_risk_avoidance,1,0.0000,0.0000,0.0000,8.00,0.00,8.0000,0.0000,0.0000,5.0768,0,0,0,0,0.0,0.0,0,0,0,0,0.0000,0.0000,83.89,0,stuck
1779722039.435,crossing_person,0,fusion_with_risk_avoidance,1,0.0000,0.0000,0.0000,8.00,0.00,8.0000,0.0000,0.0000,5.0574,0,0,0,0,0.0,0.0,0,0,0,0,0.0000,0.0000,83.99,0,stuck
1779722039.535,crossing_person,0,fusion_with_risk_avoidance,1,0.0000,0.0000,0.0000,8.00,0.00,8.0000,0.0000,0.0000,5.0407,0,0,0,0,0.0,0.0,0,0,0,0,0.0000,0.0000,84.09,0,stuck
1779722039.635,crossing_person,0,fusion_with_risk_avoidance,1,0.0000,0.0000,0.0000,8.00,0.00,8.0000,0.0000,0.0000,5.0269,0,0,0,0,0.0,0.0,0,0,0,0,0.0000,0.0000,84.19,0,stuck
1779722039.735,crossing_person,0,fusion_with_risk_avoidance,1,0.0000,0.0000,0.0000,8.00,0.00,8.0000,0.0000,0.0000,5.0159,0,0,0,0,0.0,0.0,0,0,0,0,0.0000,0.0000,84.29,0,stuck
1779722039.836,crossing_person,0,fusion_with_risk_avoidance,1,0.0000,0.0000,0.0000,8.00,0.00,8.0000,0.0000,0.0000,5.0078,0,0,0,0,0.0,0.0,0,0,0,0,0.0000,0.0000,84.39,0,stuck
1779722039.936,crossing_person,0,fusion_with_risk_avoidance,1,0.0000,0.0000,0.0000,8.00,0.00,8.0000,0.0000,0.0000,5.0025,0,0,0,0,0.0,0.0,0,0,0,0,0.0000,0.0000,84.49,0,stuck
1779722040.035,crossing_person,0,fusion_with_risk_avoidance,1,0.0000,0.0000,0.0000,8.00,0.00,8.0000,0.0000,0.0000,5.0002,0,0,0,0,0.0,0.0,0,0,0,0,0.0000,0.0000,84.59,0,stuck
1779722040.135,crossing_person,0,fusion_with_risk_avoidance,1,0.0000,0.0000,0.0000,8.00,0.00,8.0000,0.0000,0.0000,5.0007,0,0,0,0,0.0,0.0,0,0,0,0,0.0000,0.0000,84.69,0,stuck
1779722040.235,crossing_person,0,fusion_with_risk_avoidance,1,0.0000,0.0000,0.0000,8.00,0.00,8.0000,0.0000,0.0000,5.0040,0,0,0,0,0.0,0.0,0,0,0,0,0.0000,0.0000,84.79,0,stuck
1779722040.335,crossing_person,0,fusion_with_risk_avoidance,1,0.0000,0.0000,0.0000,8.00,0.00,8.0000,0.0000,0.0000,5.0102,0,0,0,0,0.0,0.0,0,0,0,0,0.0000,0.0000,84.89,0,stuck
1779722040.435,crossing_person,0,fusion_with_risk_avoidance,1,0.0000,0.0000,0.0000,8.00,0.00,8.0000,0.0000,0.0000,5.0194,0,0,0,0,0.0,0.0,0,0,0,0,0.0000,0.0000,84.99,0,stuck
1779722040.535,crossing_person,0,fusion_with_risk_avoidance,1,0.0000,0.0000,0.0000,8.00,0.00,8.0000,0.0000,0.0000,5.0313,0,0,0,0,0.0,0.0,0,0,0,0,0.0000,0.0000,85.09,0,stuck
1779722040.635,crossing_person,0,fusion_with_risk_avoidance,1,0.0000,0.0000,0.0000,8.00,0.00,8.0000,0.0000,0.0000,5.0461,0,0,0,0,0.0,0.0,0,0,0,0,0.0000,0.0000,85.19,0,stuck
1779722040.735,crossing_person,0,fusion_with_risk_avoidance,1,0.0000,0.0000,0.0000,8.00,0.00,8.0000,0.0000,0.0000,5.0636,0,0,0,0,0.0,0.0,0,0,0,0,0.0000,0.0000,85.29,0,stuck
1779722040.835,crossing_person,0,fusion_with_risk_avoidance,1,0.0000,0.0000,0.0000,8.00,0.00,8.0000,0.0000,0.0000,5.0840,0,0,0,0,0.0,0.0,0,0,0,0,0.0000,0.0000,85.39,0,stuck
1779722040.935,crossing_person,0,fusion_with_risk_avoidance,1,0.0000,0.0000,0.0000,8.00,0.00,8.0000,0.0000,0.0000,5.1071,0,0,0,0,0.0,0.0,0,0,0,0,0.0000,0.0000,85.49,0,stuck
1779722041.035,crossing_person,0,fusion_with_risk_avoidance,1,0.0000,0.0000,0.0000,8.00,0.00,8.0000,0.0000,0.0000,5.1329,0,0,0,0,0.0,0.0,0,0,0,0,0.0000,0.0000,85.59,0,stuck
1779722041.135,crossing_person,0,fusion_with_risk_avoidance,1,0.0000,0.0000,0.0000,8.00,0.00,8.0000,0.0000,0.0000,5.1613,0,0,0,0,0.0,0.0,0,0,0,0,0.0000,0.0000,85.69,0,stuck
1779722041.237,crossing_person,0,fusion_with_risk_avoidance,1,0.0000,0.0000,0.0000,8.00,0.00,8.0000,0.0000,0.0000,5.1924,0,0,0,0,0.0,0.0,0,0,0,0,0.0000,0.0000,85.79,0,stuck
1779722041.335,crossing_person,0,fusion_with_risk_avoidance,1,0.0000,0.0000,0.0000,8.00,0.00,8.0000,0.0000,0.0000,5.2262,0,0,0,0,0.0,0.0,0,0,0,0,0.0000,0.0000,85.89,0,stuck
1779722041.435,crossing_person,0,fusion_with_risk_avoidance,1,0.0000,0.0000,0.0000,8.00,0.00,8.0000,0.0000,0.0000,5.2622,0,0,0,0,0.0,0.0,0,0,0,0,0.0000,0.0000,85.99,0,stuck
1779722041.535,crossing_person,0,fusion_with_risk_avoidance,1,0.0000,0.0000,0.0000,8.00,0.00,8.0000,0.0000,0.0000,5.3009,0,0,0,0,0.0,0.0,0,0,0,0,0.0000,0.0000,86.09,0,stuck
1779722041.635,crossing_person,0,fusion_with_risk_avoidance,1,0.0000,0.0000,0.0000,8.00,0.00,8.0000,0.0000,0.0000,5.3419,0,0,0,0,0.0,0.0,0,0,0,0,0.0000,0.0000,86.19,0,stuck
1779722041.735,crossing_person,0,fusion_with_risk_avoidance,1,0.0000,0.0000,0.0000,8.00,0.00,8.0000,0.0000,0.0000,5.3851,0,0,0,0,0.0,0.0,0,0,0,0,0.0000,0.0000,86.29,0,stuck
1779722041.835,crossing_person,0,fusion_with_risk_avoidance,1,0.0000,0.0000,0.0000,8.00,0.00,8.0000,0.0000,0.0000,5.3416,0,0,0,0,0.0,0.0,0,0,0,0,0.0000,0.0000,86.39,0,stuck
1779722041.935,crossing_person,0,fusion_with_risk_avoidance,1,0.0000,0.0000,0.0000,8.00,0.00,8.0000,0.0000,0.0000,5.3006,0,0,0,0,0.0,0.0,0,0,0,0,0.0000,0.0000,86.49,0,stuck
1779722042.035,crossing_person,0,fusion_with_risk_avoidance,1,0.0000,0.0000,0.0000,8.00,0.00,8.0000,0.0000,0.0000,5.2620,0,0,0,0,0.0,0.0,0,0,0,0,0.0000,0.0000,86.59,0,stuck
1779722042.135,crossing_person,0,fusion_with_risk_avoidance,1,0.0000,0.0000,0.0000,8.00,0.00,8.0000,0.0000,0.0000,5.2259,0,0,0,0,0.0,0.0,0,0,0,0,0.0000,0.0000,86.69,0,stuck
1779722042.235,crossing_person,0,fusion_with_risk_avoidance,1,0.0000,0.0000,0.0000,8.00,0.00,8.0000,0.0000,0.0000,5.1922,0,0,0,0,0.0,0.0,0,0,0,0,0.0000,0.0000,86.79,0,stuck
1779722042.335,crossing_person,0,fusion_with_risk_avoidance,1,0.0000,0.0000,0.0000,8.00,0.00,8.0000,0.0000,0.0000,5.1612,0,0,0,0,0.0,0.0,0,0,0,0,0.0000,0.0000,86.89,0,stuck
1779722042.435,crossing_person,0,fusion_with_risk_avoidance,1,0.0000,0.0000,0.0000,8.00,0.00,8.0000,0.0000,0.0000,5.1327,0,0,0,0,0.0,0.0,0,0,0,0,0.0000,0.0000,86.99,0,stuck
1779722042.535,crossing_person,0,fusion_with_risk_avoidance,1,0.0000,0.0000,0.0000,8.00,0.00,8.0000,0.0000,0.0000,5.1069,0,0,0,0,0.0,0.0,0,0,0,0,0.0000,0.0000,87.09,0,stuck
1779722042.635,crossing_person,0,fusion_with_risk_avoidance,1,0.0000,0.0000,0.0000,8.00,0.00,8.0000,0.0000,0.0000,5.0839,0,0,0,0,0.0,0.0,0,0,0,0,0.0000,0.0000,87.19,0,stuck
1779722042.735,crossing_person,0,fusion_with_risk_avoidance,1,0.0000,0.0000,0.0000,8.00,0.00,8.0000,0.0000,0.0000,5.0635,0,0,0,0,0.0,0.0,0,0,0,0,0.0000,0.0000,87.29,0,stuck
1779722042.835,crossing_person,0,fusion_with_risk_avoidance,1,0.0000,0.0000,0.0000,8.00,0.00,8.0000,0.0000,0.0000,5.0460,0,0,0,0,0.0,0.0,0,0,0,0,0.0000,0.0000,87.39,0,stuck
1779722042.935,crossing_person,0,fusion_with_risk_avoidance,1,0.0000,0.0000,0.0000,8.00,0.00,8.0000,0.0000,0.0000,5.0312,0,0,0,0,0.0,0.0,0,0,0,0,0.0000,0.0000,87.49,0,stuck
1779722043.035,crossing_person,0,fusion_with_risk_avoidance,1,0.0000,0.0000,0.0000,8.00,0.00,8.0000,0.0000,0.0000,5.0193,0,0,0,0,0.0,0.0,0,0,0,0,0.0000,0.0000,87.59,0,stuck
1779722043.135,crossing_person,0,fusion_with_risk_avoidance,1,0.0000,0.0000,0.0000,8.00,0.00,8.0000,0.0000,0.0000,5.0102,0,0,0,0,0.0,0.0,0,0,0,0,0.0000,0.0000,87.69,0,stuck
1779722043.235,crossing_person,0,fusion_with_risk_avoidance,1,0.0000,0.0000,0.0000,8.00,0.00,8.0000,0.0000,0.0000,5.0040,0,0,0,0,0.0,0.0,0,0,0,0,0.0000,0.0000,87.79,0,stuck
1779722043.335,crossing_person,0,fusion_with_risk_avoidance,1,0.0000,0.0000,0.0000,8.00,0.00,8.0000,0.0000,0.0000,5.0006,0,0,0,0,0.0,0.0,0,0,0,0,0.0000,0.0000,87.89,0,stuck
1779722043.435,crossing_person,0,fusion_with_risk_avoidance,1,0.0000,0.0000,0.0000,8.00,0.00,8.0000,0.0000,0.0000,5.0002,0,0,0,0,0.0,0.0,0,0,0,0,0.0000,0.0000,87.99,0,stuck
1779722043.535,crossing_person,0,fusion_with_risk_avoidance,1,0.0000,0.0000,0.0000,8.00,0.00,8.0000,0.0000,0.0000,5.0026,0,0,0,0,0.0,0.0,0,0,0,0,0.0000,0.0000,88.09,0,stuck
1779722043.635,crossing_person,0,fusion_with_risk_avoidance,1,0.0000,0.0000,0.0000,8.00,0.00,8.0000,0.0000,0.0000,5.0079,0,0,0,0,0.0,0.0,0,0,0,0,0.0000,0.0000,88.19,0,stuck
1779722043.735,crossing_person,0,fusion_with_risk_avoidance,1,0.0000,0.0000,0.0000,8.00,0.00,8.0000,0.0000,0.0000,5.0160,0,0,0,0,0.0,0.0,0,0,0,0,0.0000,0.0000,88.29,0,stuck
1779722043.835,crossing_person,0,fusion_with_risk_avoidance,1,0.0000,0.0000,0.0000,8.00,0.00,8.0000,0.0000,0.0000,5.0270,0,0,0,0,0.0,0.0,0,0,0,0,0.0000,0.0000,88.39,0,stuck
1779722043.935,crossing_person,0,fusion_with_risk_avoidance,1,0.0000,0.0000,0.0000,8.00,0.00,8.0000,0.0000,0.0000,5.0408,0,0,0,0,0.0,0.0,0,0,0,0,0.0000,0.0000,88.49,0,stuck
1779722044.035,crossing_person,0,fusion_with_risk_avoidance,1,0.0000,0.0000,0.0000,8.00,0.00,8.0000,0.0000,0.0000,5.0575,0,0,0,0,0.0,0.0,0,0,0,0,0.0000,0.0000,88.59,0,stuck
1779722044.135,crossing_person,0,fusion_with_risk_avoidance,1,0.0000,0.0000,0.0000,8.00,0.00,8.0000,0.0000,0.0000,5.0769,0,0,0,0,0.0,0.0,0,0,0,0,0.0000,0.0000,88.69,0,stuck
1779722044.235,crossing_person,0,fusion_with_risk_avoidance,1,0.0000,0.0000,0.0000,8.00,0.00,8.0000,0.0000,0.0000,5.0991,0,0,0,0,0.0,0.0,0,0,0,0,0.0000,0.0000,88.79,0,stuck
1779722044.335,crossing_person,0,fusion_with_risk_avoidance,1,0.0000,0.0000,0.0000,8.00,0.00,8.0000,0.0000,0.0000,5.1240,0,0,0,0,0.0,0.0,0,0,0,0,0.0000,0.0000,88.89,0,stuck
1779722044.435,crossing_person,0,fusion_with_risk_avoidance,1,0.0000,0.0000,0.0000,8.00,0.00,8.0000,0.0000,0.0000,5.1515,0,0,0,0,0.0,0.0,0,0,0,0,0.0000,0.0000,88.99,0,stuck
1779722044.535,crossing_person,0,fusion_with_risk_avoidance,1,0.0000,0.0000,0.0000,8.00,0.00,8.0000,0.0000,0.0000,5.1817,0,0,0,0,0.0,0.0,0,0,0,0,0.0000,0.0000,89.09,0,stuck
1779722044.635,crossing_person,0,fusion_with_risk_avoidance,1,0.0000,0.0000,0.0000,8.00,0.00,8.0000,0.0000,0.0000,5.2145,0,0,0,0,0.0,0.0,0,0,0,0,0.0000,0.0000,89.19,0,stuck
1779722044.735,crossing_person,0,fusion_with_risk_avoidance,1,0.0000,0.0000,0.0000,8.00,0.00,8.0000,0.0000,0.0000,5.2499,0,0,0,0,0.0,0.0,0,0,0,0,0.0000,0.0000,89.29,0,stuck
1779722044.835,crossing_person,0,fusion_with_risk_avoidance,1,0.0000,0.0000,0.0000,8.00,0.00,8.0000,0.0000,0.0000,5.2877,0,0,0,0,0.0,0.0,0,0,0,0,0.0000,0.0000,89.39,0,stuck
1779722044.935,crossing_person,0,fusion_with_risk_avoidance,1,0.0000,0.0000,0.0000,8.00,0.00,8.0000,0.0000,0.0000,5.3279,0,0,0,0,0.0,0.0,0,0,0,0,0.0000,0.0000,89.49,0,stuck
1779722045.035,crossing_person,0,fusion_with_risk_avoidance,1,0.0000,0.0000,0.0000,8.00,0.00,8.0000,0.0000,0.0000,5.3705,0,0,0,0,0.0,0.0,0,0,0,0,0.0000,0.0000,89.59,0,stuck
1779722045.135,crossing_person,0,fusion_with_risk_avoidance,1,0.0000,0.0000,0.0000,8.00,0.00,8.0000,0.0000,0.0000,5.3559,0,0,0,0,0.0,0.0,0,0,0,0,0.0000,0.0000,89.69,0,stuck
1779722045.235,crossing_person,0,fusion_with_risk_avoidance,1,0.0000,0.0000,0.0000,8.00,0.00,8.0000,0.0000,0.0000,5.3140,0,0,0,0,0.0,0.0,0,0,0,0,0.0000,0.0000,89.79,0,stuck
1779722045.335,crossing_person,0,fusion_with_risk_avoidance,1,0.0000,0.0000,0.0000,8.00,0.00,8.0000,0.0000,0.0000,5.2746,0,0,0,0,0.0,0.0,0,0,0,0,0.0000,0.0000,89.89,0,stuck
1779722045.435,crossing_person,0,fusion_with_risk_avoidance,1,0.0000,0.0000,0.0000,8.00,0.00,8.0000,0.0000,0.0000,5.2376,0,0,0,0,0.0,0.0,0,0,0,0,0.0000,0.0000,89.99,0,stuck
1779722045.535,crossing_person,0,fusion_with_risk_avoidance,1,0.0000,0.0000,0.0000,8.00,0.00,8.0000,0.0000,0.0000,5.2031,0,0,0,0,0.0,0.0,0,0,0,0,0.0000,0.0000,90.09,0,stuck
1779722045.635,crossing_person,0,fusion_with_risk_avoidance,1,0.0000,0.0000,0.0000,8.00,0.00,8.0000,0.0000,0.0000,5.1712,0,0,0,0,0.0,0.0,0,0,0,0,0.0000,0.0000,90.19,0,stuck
1779722045.735,crossing_person,0,fusion_with_risk_avoidance,1,0.0000,0.0000,0.0000,8.00,0.00,8.0000,0.0000,0.0000,5.1419,0,0,0,0,0.0,0.0,0,0,0,0,0.0000,0.0000,90.29,0,stuck
1779722045.835,crossing_person,0,fusion_with_risk_avoidance,1,0.0000,0.0000,0.0000,8.00,0.00,8.0000,0.0000,0.0000,5.1152,0,0,0,0,0.0,0.0,0,0,0,0,0.0000,0.0000,90.39,0,stuck
1779722045.935,crossing_person,0,fusion_with_risk_avoidance,1,0.0000,0.0000,0.0000,8.00,0.00,8.0000,0.0000,0.0000,5.0913,0,0,0,0,0.0,0.0,0,0,0,0,0.0000,0.0000,90.49,0,stuck
1779722046.035,crossing_person,0,fusion_with_risk_avoidance,1,0.0000,0.0000,0.0000,8.00,0.00,8.0000,0.0000,0.0000,5.0700,0,0,0,0,0.0,0.0,0,0,0,0,0.0000,0.0000,90.59,0,stuck
1779722046.135,crossing_person,0,fusion_with_risk_avoidance,1,0.0000,0.0000,0.0000,8.00,0.00,8.0000,0.0000,0.0000,5.0515,0,0,0,0,0.0,0.0,0,0,0,0,0.0000,0.0000,90.69,0,stuck
1779722046.235,crossing_person,0,fusion_with_risk_avoidance,1,0.0000,0.0000,0.0000,8.00,0.00,8.0000,0.0000,0.0000,5.0358,0,0,0,0,0.0,0.0,0,0,0,0,0.0000,0.0000,90.79,0,stuck
1779722046.335,crossing_person,0,fusion_with_risk_avoidance,1,0.0000,0.0000,0.0000,8.00,0.00,8.0000,0.0000,0.0000,5.0229,0,0,0,0,0.0,0.0,0,0,0,0,0.0000,0.0000,90.89,0,stuck
1779722046.435,crossing_person,0,fusion_with_risk_avoidance,1,0.0000,0.0000,0.0000,8.00,0.00,8.0000,0.0000,0.0000,5.0129,0,0,0,0,0.0,0.0,0,0,0,0,0.0000,0.0000,90.99,0,stuck
1779722046.535,crossing_person,0,fusion_with_risk_avoidance,1,0.0000,0.0000,0.0000,8.00,0.00,8.0000,0.0000,0.0000,5.0057,0,0,0,0,0.0,0.0,0,0,0,0,0.0000,0.0000,91.09,0,stuck
1779722046.635,crossing_person,0,fusion_with_risk_avoidance,1,0.0000,0.0000,0.0000,8.00,0.00,8.0000,0.0000,0.0000,5.0014,0,0,0,0,0.0,0.0,0,0,0,0,0.0000,0.0000,91.19,0,stuck
1779722046.735,crossing_person,0,fusion_with_risk_avoidance,1,0.0000,0.0000,0.0000,8.00,0.00,8.0000,0.0000,0.0000,5.0000,0,0,0,0,0.0,0.0,0,0,0,0,0.0000,0.0000,91.29,0,stuck
1779722046.835,crossing_person,0,fusion_with_risk_avoidance,1,0.0000,0.0000,0.0000,8.00,0.00,8.0000,0.0000,0.0000,5.0014,0,0,0,0,0.0,0.0,0,0,0,0,0.0000,0.0000,91.39,0,stuck
1779722046.935,crossing_person,0,fusion_with_risk_avoidance,1,0.0000,0.0000,0.0000,8.00,0.00,8.0000,0.0000,0.0000,5.0058,0,0,0,0,0.0,0.0,0,0,0,0,0.0000,0.0000,91.49,0,stuck
1779722047.035,crossing_person,0,fusion_with_risk_avoidance,1,0.0000,0.0000,0.0000,8.00,0.00,8.0000,0.0000,0.0000,5.0130,0,0,0,0,0.0,0.0,0,0,0,0,0.0000,0.0000,91.59,0,stuck
1779722047.135,crossing_person,0,fusion_with_risk_avoidance,1,0.0000,0.0000,0.0000,8.00,0.00,8.0000,0.0000,0.0000,5.0230,0,0,0,0,0.0,0.0,0,0,0,0,0.0000,0.0000,91.69,0,stuck
1779722047.235,crossing_person,0,fusion_with_risk_avoidance,1,0.0000,0.0000,0.0000,8.00,0.00,8.0000,0.0000,0.0000,5.0359,0,0,0,0,0.0,0.0,0,0,0,0,0.0000,0.0000,91.79,0,stuck
1779722047.335,crossing_person,0,fusion_with_risk_avoidance,1,0.0000,0.0000,0.0000,8.00,0.00,8.0000,0.0000,0.0000,5.0516,0,0,0,0,0.0,0.0,0,0,0,0,0.0000,0.0000,91.89,0,stuck
1779722047.435,crossing_person,0,fusion_with_risk_avoidance,1,0.0000,0.0000,0.0000,8.00,0.00,8.0000,0.0000,0.0000,5.0701,0,0,0,0,0.0,0.0,0,0,0,0,0.0000,0.0000,91.99,0,stuck
1779722047.535,crossing_person,0,fusion_with_risk_avoidance,1,0.0000,0.0000,0.0000,8.00,0.00,8.0000,0.0000,0.0000,5.0915,0,0,0,0,0.0,0.0,0,0,0,0,0.0000,0.0000,92.09,0,stuck
1779722047.636,crossing_person,0,fusion_with_risk_avoidance,1,0.0000,0.0000,0.0000,8.00,0.00,8.0000,0.0000,0.0000,5.1154,0,0,0,0,0.0,0.0,0,0,0,0,0.0000,0.0000,92.19,0,stuck
1779722047.735,crossing_person,0,fusion_with_risk_avoidance,1,0.0000,0.0000,0.0000,8.00,0.00,8.0000,0.0000,0.0000,5.1421,0,0,0,0,0.0,0.0,0,0,0,0,0.0000,0.0000,92.29,0,stuck
1779722047.835,crossing_person,0,fusion_with_risk_avoidance,1,0.0000,0.0000,0.0000,8.00,0.00,8.0000,0.0000,0.0000,5.1714,0,0,0,0,0.0,0.0,0,0,0,0,0.0000,0.0000,92.39,0,stuck
1779722047.935,crossing_person,0,fusion_with_risk_avoidance,1,0.0000,0.0000,0.0000,8.00,0.00,8.0000,0.0000,0.0000,5.2033,0,0,0,0,0.0,0.0,0,0,0,0,0.0000,0.0000,92.49,0,stuck
1779722048.035,crossing_person,0,fusion_with_risk_avoidance,1,0.0000,0.0000,0.0000,8.00,0.00,8.0000,0.0000,0.0000,5.2378,0,0,0,0,0.0,0.0,0,0,0,0,0.0000,0.0000,92.59,0,stuck
1779722048.135,crossing_person,0,fusion_with_risk_avoidance,1,0.0000,0.0000,0.0000,8.00,0.00,8.0000,0.0000,0.0000,5.2748,0,0,0,0,0.0,0.0,0,0,0,0,0.0000,0.0000,92.69,0,stuck
1779722048.235,crossing_person,0,fusion_with_risk_avoidance,1,0.0000,0.0000,0.0000,8.00,0.00,8.0000,0.0000,0.0000,5.3142,0,0,0,0,0.0,0.0,0,0,0,0,0.0000,0.0000,92.79,0,stuck
1779722048.335,crossing_person,0,fusion_with_risk_avoidance,1,0.0000,0.0000,0.0000,8.00,0.00,8.0000,0.0000,0.0000,5.3561,0,0,0,0,0.0,0.0,0,0,0,0,0.0000,0.0000,92.89,0,stuck
1779722048.435,crossing_person,0,fusion_with_risk_avoidance,1,0.0000,0.0000,0.0000,8.00,0.00,8.0000,0.0000,0.0000,5.3703,0,0,0,0,0.0,0.0,0,0,0,0,0.0000,0.0000,92.99,0,stuck
1779722048.535,crossing_person,0,fusion_with_risk_avoidance,1,0.0000,0.0000,0.0000,8.00,0.00,8.0000,0.0000,0.0000,5.3277,0,0,0,0,0.0,0.0,0,0,0,0,0.0000,0.0000,93.09,0,stuck
1779722048.635,crossing_person,0,fusion_with_risk_avoidance,1,0.0000,0.0000,0.0000,8.00,0.00,8.0000,0.0000,0.0000,5.2874,0,0,0,0,0.0,0.0,0,0,0,0,0.0000,0.0000,93.19,0,stuck
1779722048.735,crossing_person,0,fusion_with_risk_avoidance,1,0.0000,0.0000,0.0000,8.00,0.00,8.0000,0.0000,0.0000,5.2497,0,0,0,0,0.0,0.0,0,0,0,0,0.0000,0.0000,93.29,0,stuck
1779722048.835,crossing_person,0,fusion_with_risk_avoidance,1,0.0000,0.0000,0.0000,8.00,0.00,8.0000,0.0000,0.0000,5.2144,0,0,0,0,0.0,0.0,0,0,0,0,0.0000,0.0000,93.39,0,stuck
1779722048.935,crossing_person,0,fusion_with_risk_avoidance,1,0.0000,0.0000,0.0000,8.00,0.00,8.0000,0.0000,0.0000,5.1816,0,0,0,0,0.0,0.0,0,0,0,0,0.0000,0.0000,93.49,0,stuck
1779722049.035,crossing_person,0,fusion_with_risk_avoidance,1,0.0000,0.0000,0.0000,8.00,0.00,8.0000,0.0000,0.0000,5.1514,0,0,0,0,0.0,0.0,0,0,0,0,0.0000,0.0000,93.59,0,stuck
1779722049.135,crossing_person,0,fusion_with_risk_avoidance,1,0.0000,0.0000,0.0000,8.00,0.00,8.0000,0.0000,0.0000,5.1238,0,0,0,0,0.0,0.0,0,0,0,0,0.0000,0.0000,93.69,0,stuck
1779722049.235,crossing_person,0,fusion_with_risk_avoidance,1,0.0000,0.0000,0.0000,8.00,0.00,8.0000,0.0000,0.0000,5.0989,0,0,0,0,0.0,0.0,0,0,0,0,0.0000,0.0000,93.79,0,stuck
1779722049.335,crossing_person,0,fusion_with_risk_avoidance,1,0.0000,0.0000,0.0000,8.00,0.00,8.0000,0.0000,0.0000,5.0768,0,0,0,0,0.0,0.0,0,0,0,0,0.0000,0.0000,93.89,0,stuck
1779722049.435,crossing_person,0,fusion_with_risk_avoidance,1,0.0000,0.0000,0.0000,8.00,0.00,8.0000,0.0000,0.0000,5.0574,0,0,0,0,0.0,0.0,0,0,0,0,0.0000,0.0000,93.99,0,stuck
1779722049.535,crossing_person,0,fusion_with_risk_avoidance,1,0.0000,0.0000,0.0000,8.00,0.00,8.0000,0.0000,0.0000,5.0408,0,0,0,0,0.0,0.0,0,0,0,0,0.0000,0.0000,94.09,0,stuck
1779722049.635,crossing_person,0,fusion_with_risk_avoidance,1,0.0000,0.0000,0.0000,8.00,0.00,8.0000,0.0000,0.0000,5.0269,0,0,0,0,0.0,0.0,0,0,0,0,0.0000,0.0000,94.19,0,stuck
1779722049.735,crossing_person,0,fusion_with_risk_avoidance,1,0.0000,0.0000,0.0000,8.00,0.00,8.0000,0.0000,0.0000,5.0160,0,0,0,0,0.0,0.0,0,0,0,0,0.0000,0.0000,94.29,0,stuck
1779722049.835,crossing_person,0,fusion_with_risk_avoidance,1,0.0000,0.0000,0.0000,8.00,0.00,8.0000,0.0000,0.0000,5.0078,0,0,0,0,0.0,0.0,0,0,0,0,0.0000,0.0000,94.39,0,stuck
1779722049.935,crossing_person,0,fusion_with_risk_avoidance,1,0.0000,0.0000,0.0000,8.00,0.00,8.0000,0.0000,0.0000,5.0026,0,0,0,0,0.0,0.0,0,0,0,0,0.0000,0.0000,94.49,0,stuck
1779722050.035,crossing_person,0,fusion_with_risk_avoidance,1,0.0000,0.0000,0.0000,8.00,0.00,8.0000,0.0000,0.0000,5.0002,0,0,0,0,0.0,0.0,0,0,0,0,0.0000,0.0000,94.59,0,stuck
1779722050.135,crossing_person,0,fusion_with_risk_avoidance,1,0.0000,0.0000,0.0000,8.00,0.00,8.0000,0.0000,0.0000,5.0006,0,0,0,0,0.0,0.0,0,0,0,0,0.0000,0.0000,94.69,0,stuck
1779722050.235,crossing_person,0,fusion_with_risk_avoidance,1,0.0000,0.0000,0.0000,8.00,0.00,8.0000,0.0000,0.0000,5.0040,0,0,0,0,0.0,0.0,0,0,0,0,0.0000,0.0000,94.79,0,stuck
1779722050.335,crossing_person,0,fusion_with_risk_avoidance,1,0.0000,0.0000,0.0000,8.00,0.00,8.0000,0.0000,0.0000,5.0102,0,0,0,0,0.0,0.0,0,0,0,0,0.0000,0.0000,94.89,0,stuck
1779722050.435,crossing_person,0,fusion_with_risk_avoidance,1,0.0000,0.0000,0.0000,8.00,0.00,8.0000,0.0000,0.0000,5.0194,0,0,0,0,0.0,0.0,0,0,0,0,0.0000,0.0000,94.99,0,stuck
1779722050.535,crossing_person,0,fusion_with_risk_avoidance,1,0.0000,0.0000,0.0000,8.00,0.00,8.0000,0.0000,0.0000,5.0314,0,0,0,0,0.0,0.0,0,0,0,0,0.0000,0.0000,95.09,0,stuck
1779722050.635,crossing_person,0,fusion_with_risk_avoidance,1,0.0000,0.0000,0.0000,8.00,0.00,8.0000,0.0000,0.0000,5.0461,0,0,0,0,0.0,0.0,0,0,0,0,0.0000,0.0000,95.19,0,stuck
1779722050.735,crossing_person,0,fusion_with_risk_avoidance,1,0.0000,0.0000,0.0000,8.00,0.00,8.0000,0.0000,0.0000,5.0637,0,0,0,0,0.0,0.0,0,0,0,0,0.0000,0.0000,95.29,0,stuck
1779722050.835,crossing_person,0,fusion_with_risk_avoidance,1,0.0000,0.0000,0.0000,8.00,0.00,8.0000,0.0000,0.0000,5.0840,0,0,0,0,0.0,0.0,0,0,0,0,0.0000,0.0000,95.39,0,stuck
1779722050.935,crossing_person,0,fusion_with_risk_avoidance,1,0.0000,0.0000,0.0000,8.00,0.00,8.0000,0.0000,0.0000,5.1071,0,0,0,0,0.0,0.0,0,0,0,0,0.0000,0.0000,95.49,0,stuck
1779722051.036,crossing_person,0,fusion_with_risk_avoidance,1,0.0000,0.0000,0.0000,8.00,0.00,8.0000,0.0000,0.0000,5.1329,0,0,0,0,0.0,0.0,0,0,0,0,0.0000,0.0000,95.59,0,stuck
1779722051.135,crossing_person,0,fusion_with_risk_avoidance,1,0.0000,0.0000,0.0000,8.00,0.00,8.0000,0.0000,0.0000,5.1613,0,0,0,0,0.0,0.0,0,0,0,0,0.0000,0.0000,95.69,0,stuck
1779722051.235,crossing_person,0,fusion_with_risk_avoidance,1,0.0000,0.0000,0.0000,8.00,0.00,8.0000,0.0000,0.0000,5.1924,0,0,0,0,0.0,0.0,0,0,0,0,0.0000,0.0000,95.79,0,stuck
1779722051.335,crossing_person,0,fusion_with_risk_avoidance,1,0.0000,0.0000,0.0000,8.00,0.00,8.0000,0.0000,0.0000,5.2261,0,0,0,0,0.0,0.0,0,0,0,0,0.0000,0.0000,95.89,0,stuck
1779722051.435,crossing_person,0,fusion_with_risk_avoidance,1,0.0000,0.0000,0.0000,8.00,0.00,8.0000,0.0000,0.0000,5.2622,0,0,0,0,0.0,0.0,0,0,0,0,0.0000,0.0000,95.99,0,stuck
1779722051.535,crossing_person,0,fusion_with_risk_avoidance,1,0.0000,0.0000,0.0000,8.00,0.00,8.0000,0.0000,0.0000,5.3008,0,0,0,0,0.0,0.0,0,0,0,0,0.0000,0.0000,96.09,0,stuck
1779722051.635,crossing_person,0,fusion_with_risk_avoidance,1,0.0000,0.0000,0.0000,8.00,0.00,8.0000,0.0000,0.0000,5.3419,0,0,0,0,0.0,0.0,0,0,0,0,0.0000,0.0000,96.19,0,stuck
1779722051.735,crossing_person,0,fusion_with_risk_avoidance,1,0.0000,0.0000,0.0000,8.00,0.00,8.0000,0.0000,0.0000,5.3851,0,0,0,0,0.0,0.0,0,0,0,0,0.0000,0.0000,96.29,0,stuck
1779722051.835,crossing_person,0,fusion_with_risk_avoidance,1,0.0000,0.0000,0.0000,8.00,0.00,8.0000,0.0000,0.0000,5.3416,0,0,0,0,0.0,0.0,0,0,0,0,0.0000,0.0000,96.39,0,stuck
1779722051.935,crossing_person,0,fusion_with_risk_avoidance,1,0.0000,0.0000,0.0000,8.00,0.00,8.0000,0.0000,0.0000,5.3006,0,0,0,0,0.0,0.0,0,0,0,0,0.0000,0.0000,96.49,0,stuck
1779722052.035,crossing_person,0,fusion_with_risk_avoidance,1,0.0000,0.0000,0.0000,8.00,0.00,8.0000,0.0000,0.0000,5.2620,0,0,0,0,0.0,0.0,0,0,0,0,0.0000,0.0000,96.59,0,stuck
1779722052.135,crossing_person,0,fusion_with_risk_avoidance,1,0.0000,0.0000,0.0000,8.00,0.00,8.0000,0.0000,0.0000,5.2259,0,0,0,0,0.0,0.0,0,0,0,0,0.0000,0.0000,96.69,0,stuck
1779722052.237,crossing_person,0,fusion_with_risk_avoidance,1,0.0000,0.0000,0.0000,8.00,0.00,8.0000,0.0000,0.0000,5.1922,0,0,0,0,0.0,0.0,0,0,0,0,0.0000,0.0000,96.79,0,stuck
1779722052.335,crossing_person,0,fusion_with_risk_avoidance,1,0.0000,0.0000,0.0000,8.00,0.00,8.0000,0.0000,0.0000,5.1611,0,0,0,0,0.0,0.0,0,0,0,0,0.0000,0.0000,96.89,0,stuck
1779722052.435,crossing_person,0,fusion_with_risk_avoidance,1,0.0000,0.0000,0.0000,8.00,0.00,8.0000,0.0000,0.0000,5.1327,0,0,0,0,0.0,0.0,0,0,0,0,0.0000,0.0000,96.99,0,stuck
1779722052.535,crossing_person,0,fusion_with_risk_avoidance,1,0.0000,0.0000,0.0000,8.00,0.00,8.0000,0.0000,0.0000,5.1070,0,0,0,0,0.0,0.0,0,0,0,0,0.0000,0.0000,97.09,0,stuck
1779722052.635,crossing_person,0,fusion_with_risk_avoidance,1,0.0000,0.0000,0.0000,8.00,0.00,8.0000,0.0000,0.0000,5.0839,0,0,0,0,0.0,0.0,0,0,0,0,0.0000,0.0000,97.19,0,stuck
1779722052.735,crossing_person,0,fusion_with_risk_avoidance,1,0.0000,0.0000,0.0000,8.00,0.00,8.0000,0.0000,0.0000,5.0635,0,0,0,0,0.0,0.0,0,0,0,0,0.0000,0.0000,97.29,0,stuck
1779722052.835,crossing_person,0,fusion_with_risk_avoidance,1,0.0000,0.0000,0.0000,8.00,0.00,8.0000,0.0000,0.0000,5.0460,0,0,0,0,0.0,0.0,0,0,0,0,0.0000,0.0000,97.39,0,stuck
1779722052.935,crossing_person,0,fusion_with_risk_avoidance,1,0.0000,0.0000,0.0000,8.00,0.00,8.0000,0.0000,0.0000,5.0312,0,0,0,0,0.0,0.0,0,0,0,0,0.0000,0.0000,97.49,0,stuck
1779722053.035,crossing_person,0,fusion_with_risk_avoidance,1,0.0000,0.0000,0.0000,8.00,0.00,8.0000,0.0000,0.0000,5.0193,0,0,0,0,0.0,0.0,0,0,0,0,0.0000,0.0000,97.59,0,stuck
1779722053.135,crossing_person,0,fusion_with_risk_avoidance,1,0.0000,0.0000,0.0000,8.00,0.00,8.0000,0.0000,0.0000,5.0102,0,0,0,0,0.0,0.0,0,0,0,0,0.0000,0.0000,97.69,0,stuck
1779722053.235,crossing_person,0,fusion_with_risk_avoidance,1,0.0000,0.0000,0.0000,8.00,0.00,8.0000,0.0000,0.0000,5.0040,0,0,0,0,0.0,0.0,0,0,0,0,0.0000,0.0000,97.79,0,stuck
1779722053.335,crossing_person,0,fusion_with_risk_avoidance,1,0.0000,0.0000,0.0000,8.00,0.00,8.0000,0.0000,0.0000,5.0006,0,0,0,0,0.0,0.0,0,0,0,0,0.0000,0.0000,97.89,0,stuck
1779722053.435,crossing_person,0,fusion_with_risk_avoidance,1,0.0000,0.0000,0.0000,8.00,0.00,8.0000,0.0000,0.0000,5.0002,0,0,0,0,0.0,0.0,0,0,0,0,0.0000,0.0000,97.99,0,stuck
1779722053.535,crossing_person,0,fusion_with_risk_avoidance,1,0.0000,0.0000,0.0000,8.00,0.00,8.0000,0.0000,0.0000,5.0026,0,0,0,0,0.0,0.0,0,0,0,0,0.0000,0.0000,98.09,0,stuck
1779722053.635,crossing_person,0,fusion_with_risk_avoidance,1,0.0000,0.0000,0.0000,8.00,0.00,8.0000,0.0000,0.0000,5.0079,0,0,0,0,0.0,0.0,0,0,0,0,0.0000,0.0000,98.19,0,stuck
1779722053.735,crossing_person,0,fusion_with_risk_avoidance,1,0.0000,0.0000,0.0000,8.00,0.00,8.0000,0.0000,0.0000,5.0160,0,0,0,0,0.0,0.0,0,0,0,0,0.0000,0.0000,98.29,0,stuck
1779722053.835,crossing_person,0,fusion_with_risk_avoidance,1,0.0000,0.0000,0.0000,8.00,0.00,8.0000,0.0000,0.0000,5.0270,0,0,0,0,0.0,0.0,0,0,0,0,0.0000,0.0000,98.39,0,stuck
1779722053.935,crossing_person,0,fusion_with_risk_avoidance,1,0.0000,0.0000,0.0000,8.00,0.00,8.0000,0.0000,0.0000,5.0409,0,0,0,0,0.0,0.0,0,0,0,0,0.0000,0.0000,98.49,0,stuck
1779722054.035,crossing_person,0,fusion_with_risk_avoidance,1,0.0000,0.0000,0.0000,8.00,0.00,8.0000,0.0000,0.0000,5.0575,0,0,0,0,0.0,0.0,0,0,0,0,0.0000,0.0000,98.59,0,stuck
1779722054.135,crossing_person,0,fusion_with_risk_avoidance,1,0.0000,0.0000,0.0000,8.00,0.00,8.0000,0.0000,0.0000,5.0769,0,0,0,0,0.0,0.0,0,0,0,0,0.0000,0.0000,98.69,0,stuck
1779722054.235,crossing_person,0,fusion_with_risk_avoidance,1,0.0000,0.0000,0.0000,8.00,0.00,8.0000,0.0000,0.0000,5.0991,0,0,0,0,0.0,0.0,0,0,0,0,0.0000,0.0000,98.79,0,stuck
1779722054.335,crossing_person,0,fusion_with_risk_avoidance,1,0.0000,0.0000,0.0000,8.00,0.00,8.0000,0.0000,0.0000,5.1240,0,0,0,0,0.0,0.0,0,0,0,0,0.0000,0.0000,98.89,0,stuck
1779722054.435,crossing_person,0,fusion_with_risk_avoidance,1,0.0000,0.0000,0.0000,8.00,0.00,8.0000,0.0000,0.0000,5.1515,0,0,0,0,0.0,0.0,0,0,0,0,0.0000,0.0000,98.99,0,stuck
1779722054.535,crossing_person,0,fusion_with_risk_avoidance,1,0.0000,0.0000,0.0000,8.00,0.00,8.0000,0.0000,0.0000,5.1817,0,0,0,0,0.0,0.0,0,0,0,0,0.0000,0.0000,99.09,0,stuck
1779722054.635,crossing_person,0,fusion_with_risk_avoidance,1,0.0000,0.0000,0.0000,8.00,0.00,8.0000,0.0000,0.0000,5.2145,0,0,0,0,0.0,0.0,0,0,0,0,0.0000,0.0000,99.19,0,stuck
1779722054.735,crossing_person,0,fusion_with_risk_avoidance,1,0.0000,0.0000,0.0000,8.00,0.00,8.0000,0.0000,0.0000,5.2498,0,0,0,0,0.0,0.0,0,0,0,0,0.0000,0.0000,99.29,0,stuck
1779722054.835,crossing_person,0,fusion_with_risk_avoidance,1,0.0000,0.0000,0.0000,8.00,0.00,8.0000,0.0000,0.0000,5.2877,0,0,0,0,0.0,0.0,0,0,0,0,0.0000,0.0000,99.39,0,stuck
1779722054.935,crossing_person,0,fusion_with_risk_avoidance,1,0.0000,0.0000,0.0000,8.00,0.00,8.0000,0.0000,0.0000,5.3279,0,0,0,0,0.0,0.0,0,0,0,0,0.0000,0.0000,99.49,0,stuck
1779722055.035,crossing_person,0,fusion_with_risk_avoidance,1,0.0000,0.0000,0.0000,8.00,0.00,8.0000,0.0000,0.0000,5.3705,0,0,0,0,0.0,0.0,0,0,0,0,0.0000,0.0000,99.59,0,stuck
1779722055.135,crossing_person,0,fusion_with_risk_avoidance,1,0.0000,0.0000,0.0000,8.00,0.00,8.0000,0.0000,0.0000,5.3559,0,0,0,0,0.0,0.0,0,0,0,0,0.0000,0.0000,99.69,0,stuck
1779722055.235,crossing_person,0,fusion_with_risk_avoidance,1,0.0000,0.0000,0.0000,8.00,0.00,8.0000,0.0000,0.0000,5.3140,0,0,0,0,0.0,0.0,0,0,0,0,0.0000,0.0000,99.79,0,stuck
1779722055.335,crossing_person,0,fusion_with_risk_avoidance,1,0.0000,0.0000,0.0000,8.00,0.00,8.0000,0.0000,0.0000,5.2746,0,0,0,0,0.0,0.0,0,0,0,0,0.0000,0.0000,99.89,0,stuck
1779722055.435,crossing_person,0,fusion_with_risk_avoidance,1,0.0000,0.0000,0.0000,8.00,0.00,8.0000,0.0000,0.0000,5.2376,0,0,0,0,0.0,0.0,0,0,0,0,0.0000,0.0000,99.99,0,stuck
1779722055.535,crossing_person,0,fusion_with_risk_avoidance,1,0.0000,0.0000,0.0000,8.00,0.00,8.0000,0.0000,0.0000,5.2031,0,0,0,0,0.0,0.0,0,0,0,0,0.0000,0.0000,100.09,0,stuck
1779722055.635,crossing_person,0,fusion_with_risk_avoidance,1,0.0000,0.0000,0.0000,8.00,0.00,8.0000,0.0000,0.0000,5.1712,0,0,0,0,0.0,0.0,0,0,0,0,0.0000,0.0000,100.19,0,stuck
1779722055.735,crossing_person,0,fusion_with_risk_avoidance,1,0.0000,0.0000,0.0000,8.00,0.00,8.0000,0.0000,0.0000,5.1419,0,0,0,0,0.0,0.0,0,0,0,0,0.0000,0.0000,100.29,0,stuck
1779722055.836,crossing_person,0,fusion_with_risk_avoidance,1,0.0000,0.0000,0.0000,8.00,0.00,8.0000,0.0000,0.0000,5.1153,0,0,0,0,0.0,0.0,0,0,0,0,0.0000,0.0000,100.39,0,stuck
1779722055.935,crossing_person,0,fusion_with_risk_avoidance,1,0.0000,0.0000,0.0000,8.00,0.00,8.0000,0.0000,0.0000,5.0913,0,0,0,0,0.0,0.0,0,0,0,0,0.0000,0.0000,100.49,0,stuck
1779722056.035,crossing_person,0,fusion_with_risk_avoidance,1,0.0000,0.0000,0.0000,8.00,0.00,8.0000,0.0000,0.0000,5.0700,0,0,0,0,0.0,0.0,0,0,0,0,0.0000,0.0000,100.59,0,stuck
1779722056.135,crossing_person,0,fusion_with_risk_avoidance,1,0.0000,0.0000,0.0000,8.00,0.00,8.0000,0.0000,0.0000,5.0515,0,0,0,0,0.0,0.0,0,0,0,0,0.0000,0.0000,100.69,0,stuck
1779722056.235,crossing_person,0,fusion_with_risk_avoidance,1,0.0000,0.0000,0.0000,8.00,0.00,8.0000,0.0000,0.0000,5.0358,0,0,0,0,0.0,0.0,0,0,0,0,0.0000,0.0000,100.79,0,stuck
1779722056.335,crossing_person,0,fusion_with_risk_avoidance,1,0.0000,0.0000,0.0000,8.00,0.00,8.0000,0.0000,0.0000,5.0230,0,0,0,0,0.0,0.0,0,0,0,0,0.0000,0.0000,100.89,0,stuck
1779722056.435,crossing_person,0,fusion_with_risk_avoidance,1,0.0000,0.0000,0.0000,8.00,0.00,8.0000,0.0000,0.0000,5.0129,0,0,0,0,0.0,0.0,0,0,0,0,0.0000,0.0000,100.99,0,stuck
1779722056.536,crossing_person,0,fusion_with_risk_avoidance,1,0.0000,0.0000,0.0000,8.00,0.00,8.0000,0.0000,0.0000,5.0057,0,0,0,0,0.0,0.0,0,0,0,0,0.0000,0.0000,101.09,0,stuck
1779722056.635,crossing_person,0,fusion_with_risk_avoidance,1,0.0000,0.0000,0.0000,8.00,0.00,8.0000,0.0000,0.0000,5.0014,0,0,0,0,0.0,0.0,0,0,0,0,0.0000,0.0000,101.19,0,stuck
1779722056.735,crossing_person,0,fusion_with_risk_avoidance,1,0.0000,0.0000,0.0000,8.00,0.00,8.0000,0.0000,0.0000,5.0000,0,0,0,0,0.0,0.0,0,0,0,0,0.0000,0.0000,101.29,0,stuck
1779722056.835,crossing_person,0,fusion_with_risk_avoidance,1,0.0000,0.0000,0.0000,8.00,0.00,8.0000,0.0000,0.0000,5.0014,0,0,0,0,0.0,0.0,0,0,0,0,0.0000,0.0000,101.39,0,stuck
1779722056.935,crossing_person,0,fusion_with_risk_avoidance,1,0.0000,0.0000,0.0000,8.00,0.00,8.0000,0.0000,0.0000,5.0058,0,0,0,0,0.0,0.0,0,0,0,0,0.0000,0.0000,101.49,0,stuck
1779722057.035,crossing_person,0,fusion_with_risk_avoidance,1,0.0000,0.0000,0.0000,8.00,0.00,8.0000,0.0000,0.0000,5.0130,0,0,0,0,0.0,0.0,0,0,0,0,0.0000,0.0000,101.59,0,stuck
1779722057.135,crossing_person,0,fusion_with_risk_avoidance,1,0.0000,0.0000,0.0000,8.00,0.00,8.0000,0.0000,0.0000,5.0230,0,0,0,0,0.0,0.0,0,0,0,0,0.0000,0.0000,101.69,0,stuck
1779722057.235,crossing_person,0,fusion_with_risk_avoidance,1,0.0000,0.0000,0.0000,8.00,0.00,8.0000,0.0000,0.0000,5.0359,0,0,0,0,0.0,0.0,0,0,0,0,0.0000,0.0000,101.79,0,stuck
1779722057.335,crossing_person,0,fusion_with_risk_avoidance,1,0.0000,0.0000,0.0000,8.00,0.00,8.0000,0.0000,0.0000,5.0516,0,0,0,0,0.0,0.0,0,0,0,0,0.0000,0.0000,101.89,0,stuck
1779722057.435,crossing_person,0,fusion_with_risk_avoidance,1,0.0000,0.0000,0.0000,8.00,0.00,8.0000,0.0000,0.0000,5.0701,0,0,0,0,0.0,0.0,0,0,0,0,0.0000,0.0000,101.99,0,stuck
1779722057.535,crossing_person,0,fusion_with_risk_avoidance,1,0.0000,0.0000,0.0000,8.00,0.00,8.0000,0.0000,0.0000,5.0914,0,0,0,0,0.0,0.0,0,0,0,0,0.0000,0.0000,102.09,0,stuck
1779722057.635,crossing_person,0,fusion_with_risk_avoidance,1,0.0000,0.0000,0.0000,8.00,0.00,8.0000,0.0000,0.0000,5.1154,0,0,0,0,0.0,0.0,0,0,0,0,0.0000,0.0000,102.19,0,stuck
1779722057.735,crossing_person,0,fusion_with_risk_avoidance,1,0.0000,0.0000,0.0000,8.00,0.00,8.0000,0.0000,0.0000,5.1421,0,0,0,0,0.0,0.0,0,0,0,0,0.0000,0.0000,102.29,0,stuck
1779722057.835,crossing_person,0,fusion_with_risk_avoidance,1,0.0000,0.0000,0.0000,8.00,0.00,8.0000,0.0000,0.0000,5.1714,0,0,0,0,0.0,0.0,0,0,0,0,0.0000,0.0000,102.39,0,stuck
1779722057.935,crossing_person,0,fusion_with_risk_avoidance,1,0.0000,0.0000,0.0000,8.00,0.00,8.0000,0.0000,0.0000,5.2033,0,0,0,0,0.0,0.0,0,0,0,0,0.0000,0.0000,102.49,0,stuck
1779722058.035,crossing_person,0,fusion_with_risk_avoidance,1,0.0000,0.0000,0.0000,8.00,0.00,8.0000,0.0000,0.0000,5.2378,0,0,0,0,0.0,0.0,0,0,0,0,0.0000,0.0000,102.59,0,stuck
1779722058.135,crossing_person,0,fusion_with_risk_avoidance,1,0.0000,0.0000,0.0000,8.00,0.00,8.0000,0.0000,0.0000,5.2748,0,0,0,0,0.0,0.0,0,0,0,0,0.0000,0.0000,102.69,0,stuck
1779722058.235,crossing_person,0,fusion_with_risk_avoidance,1,0.0000,0.0000,0.0000,8.00,0.00,8.0000,0.0000,0.0000,5.3142,0,0,0,0,0.0,0.0,0,0,0,0,0.0000,0.0000,102.79,0,stuck
1779722058.335,crossing_person,0,fusion_with_risk_avoidance,1,0.0000,0.0000,0.0000,8.00,0.00,8.0000,0.0000,0.0000,5.3565,0,0,0,0,0.0,0.0,0,0,0,0,0.0000,0.0000,102.89,0,stuck
1779722058.435,crossing_person,0,fusion_with_risk_avoidance,1,0.0000,0.0000,0.0000,8.00,0.00,8.0000,0.0000,0.0000,5.3703,0,0,0,0,0.0,0.0,0,0,0,0,0.0000,0.0000,102.99,0,stuck
1779722058.535,crossing_person,0,fusion_with_risk_avoidance,1,0.0000,0.0000,0.0000,8.00,0.00,8.0000,0.0000,0.0000,5.3276,0,0,0,0,0.0,0.0,0,0,0,0,0.0000,0.0000,103.09,0,stuck
1779722058.635,crossing_person,0,fusion_with_risk_avoidance,1,0.0000,0.0000,0.0000,8.00,0.00,8.0000,0.0000,0.0000,5.2875,0,0,0,0,0.0,0.0,0,0,0,0,0.0000,0.0000,103.19,0,stuck
1779722058.735,crossing_person,0,fusion_with_risk_avoidance,1,0.0000,0.0000,0.0000,8.00,0.00,8.0000,0.0000,0.0000,5.2497,0,0,0,0,0.0,0.0,0,0,0,0,0.0000,0.0000,103.29,0,stuck
1779722058.835,crossing_person,0,fusion_with_risk_avoidance,1,0.0000,0.0000,0.0000,8.00,0.00,8.0000,0.0000,0.0000,5.2143,0,0,0,0,0.0,0.0,0,0,0,0,0.0000,0.0000,103.39,0,stuck
1779722058.935,crossing_person,0,fusion_with_risk_avoidance,1,0.0000,0.0000,0.0000,8.00,0.00,8.0000,0.0000,0.0000,5.1816,0,0,0,0,0.0,0.0,0,0,0,0,0.0000,0.0000,103.49,0,stuck
1779722059.035,crossing_person,0,fusion_with_risk_avoidance,1,0.0000,0.0000,0.0000,8.00,0.00,8.0000,0.0000,0.0000,5.1514,0,0,0,0,0.0,0.0,0,0,0,0,0.0000,0.0000,103.59,0,stuck
1779722059.135,crossing_person,0,fusion_with_risk_avoidance,1,0.0000,0.0000,0.0000,8.00,0.00,8.0000,0.0000,0.0000,5.1238,0,0,0,0,0.0,0.0,0,0,0,0,0.0000,0.0000,103.69,0,stuck
1779722059.235,crossing_person,0,fusion_with_risk_avoidance,1,0.0000,0.0000,0.0000,8.00,0.00,8.0000,0.0000,0.0000,5.0990,0,0,0,0,0.0,0.0,0,0,0,0,0.0000,0.0000,103.79,0,stuck
1779722059.335,crossing_person,0,fusion_with_risk_avoidance,1,0.0000,0.0000,0.0000,8.00,0.00,8.0000,0.0000,0.0000,5.0768,0,0,0,0,0.0,0.0,0,0,0,0,0.0000,0.0000,103.89,0,stuck
1779722059.435,crossing_person,0,fusion_with_risk_avoidance,1,0.0000,0.0000,0.0000,8.00,0.00,8.0000,0.0000,0.0000,5.0574,0,0,0,0,0.0,0.0,0,0,0,0,0.0000,0.0000,103.99,0,stuck
1779722059.535,crossing_person,0,fusion_with_risk_avoidance,1,0.0000,0.0000,0.0000,8.00,0.00,8.0000,0.0000,0.0000,5.0408,0,0,0,0,0.0,0.0,0,0,0,0,0.0000,0.0000,104.09,0,stuck
1779722059.635,crossing_person,0,fusion_with_risk_avoidance,1,0.0000,0.0000,0.0000,8.00,0.00,8.0000,0.0000,0.0000,5.0269,0,0,0,0,0.0,0.0,0,0,0,0,0.0000,0.0000,104.19,0,stuck
1779722059.735,crossing_person,0,fusion_with_risk_avoidance,1,0.0000,0.0000,0.0000,8.00,0.00,8.0000,0.0000,0.0000,5.0160,0,0,0,0,0.0,0.0,0,0,0,0,0.0000,0.0000,104.29,0,stuck
1779722059.835,crossing_person,0,fusion_with_risk_avoidance,1,0.0000,0.0000,0.0000,8.00,0.00,8.0000,0.0000,0.0000,5.0078,0,0,0,0,0.0,0.0,0,0,0,0,0.0000,0.0000,104.39,0,stuck
1779722059.935,crossing_person,0,fusion_with_risk_avoidance,1,0.0000,0.0000,0.0000,8.00,0.00,8.0000,0.0000,0.0000,5.0025,0,0,0,0,0.0,0.0,0,0,0,0,0.0000,0.0000,104.49,0,stuck
1779722060.035,crossing_person,0,fusion_with_risk_avoidance,1,0.0000,0.0000,0.0000,8.00,0.00,8.0000,0.0000,0.0000,5.0002,0,0,0,0,0.0,0.0,0,0,0,0,0.0000,0.0000,104.59,0,stuck
1779722060.135,crossing_person,0,fusion_with_risk_avoidance,1,0.0000,0.0000,0.0000,8.00,0.00,8.0000,0.0000,0.0000,5.0006,0,0,0,0,0.0,0.0,0,0,0,0,0.0000,0.0000,104.69,0,stuck
1779722060.235,crossing_person,0,fusion_with_risk_avoidance,1,0.0000,0.0000,0.0000,8.00,0.00,8.0000,0.0000,0.0000,5.0040,0,0,0,0,0.0,0.0,0,0,0,0,0.0000,0.0000,104.79,0,stuck
1779722060.335,crossing_person,0,fusion_with_risk_avoidance,1,0.0000,0.0000,0.0000,8.00,0.00,8.0000,0.0000,0.0000,5.0102,0,0,0,0,0.0,0.0,0,0,0,0,0.0000,0.0000,104.89,0,stuck
1779722060.435,crossing_person,0,fusion_with_risk_avoidance,1,0.0000,0.0000,0.0000,8.00,0.00,8.0000,0.0000,0.0000,5.0194,0,0,0,0,0.0,0.0,0,0,0,0,0.0000,0.0000,104.99,0,stuck
1779722060.535,crossing_person,0,fusion_with_risk_avoidance,1,0.0000,0.0000,0.0000,8.00,0.00,8.0000,0.0000,0.0000,5.0313,0,0,0,0,0.0,0.0,0,0,0,0,0.0000,0.0000,105.09,0,stuck
1779722060.635,crossing_person,0,fusion_with_risk_avoidance,1,0.0000,0.0000,0.0000,8.00,0.00,8.0000,0.0000,0.0000,5.0462,0,0,0,0,0.0,0.0,0,0,0,0,0.0000,0.0000,105.19,0,stuck
1779722060.735,crossing_person,0,fusion_with_risk_avoidance,1,0.0000,0.0000,0.0000,8.00,0.00,8.0000,0.0000,0.0000,5.0636,0,0,0,0,0.0,0.0,0,0,0,0,0.0000,0.0000,105.29,0,stuck
1779722060.835,crossing_person,0,fusion_with_risk_avoidance,1,0.0000,0.0000,0.0000,8.00,0.00,8.0000,0.0000,0.0000,5.0840,0,0,0,0,0.0,0.0,0,0,0,0,0.0000,0.0000,105.39,0,stuck
1779722060.935,crossing_person,0,fusion_with_risk_avoidance,1,0.0000,0.0000,0.0000,8.00,0.00,8.0000,0.0000,0.0000,5.1072,0,0,0,0,0.0,0.0,0,0,0,0,0.0000,0.0000,105.49,0,stuck
1779722061.035,crossing_person,0,fusion_with_risk_avoidance,1,0.0000,0.0000,0.0000,8.00,0.00,8.0000,0.0000,0.0000,5.1329,0,0,0,0,0.0,0.0,0,0,0,0,0.0000,0.0000,105.59,0,stuck
1779722061.135,crossing_person,0,fusion_with_risk_avoidance,1,0.0000,0.0000,0.0000,8.00,0.00,8.0000,0.0000,0.0000,5.1613,0,0,0,0,0.0,0.0,0,0,0,0,0.0000,0.0000,105.69,0,stuck
1779722061.235,crossing_person,0,fusion_with_risk_avoidance,1,0.0000,0.0000,0.0000,8.00,0.00,8.0000,0.0000,0.0000,5.1924,0,0,0,0,0.0,0.0,0,0,0,0,0.0000,0.0000,105.79,0,stuck
1779722061.335,crossing_person,0,fusion_with_risk_avoidance,1,0.0000,0.0000,0.0000,8.00,0.00,8.0000,0.0000,0.0000,5.2261,0,0,0,0,0.0,0.0,0,0,0,0,0.0000,0.0000,105.89,0,stuck
1779722061.435,crossing_person,0,fusion_with_risk_avoidance,1,0.0000,0.0000,0.0000,8.00,0.00,8.0000,0.0000,0.0000,5.2622,0,0,0,0,0.0,0.0,0,0,0,0,0.0000,0.0000,105.99,0,stuck
1779722061.535,crossing_person,0,fusion_with_risk_avoidance,1,0.0000,0.0000,0.0000,8.00,0.00,8.0000,0.0000,0.0000,5.3008,0,0,0,0,0.0,0.0,0,0,0,0,0.0000,0.0000,106.09,0,stuck
1779722061.635,crossing_person,0,fusion_with_risk_avoidance,1,0.0000,0.0000,0.0000,8.00,0.00,8.0000,0.0000,0.0000,5.3419,0,0,0,0,0.0,0.0,0,0,0,0,0.0000,0.0000,106.19,0,stuck
1779722061.735,crossing_person,0,fusion_with_risk_avoidance,1,0.0000,0.0000,0.0000,8.00,0.00,8.0000,0.0000,0.0000,5.3851,0,0,0,0,0.0,0.0,0,0,0,0,0.0000,0.0000,106.29,0,stuck
1779722061.835,crossing_person,0,fusion_with_risk_avoidance,1,0.0000,0.0000,0.0000,8.00,0.00,8.0000,0.0000,0.0000,5.3417,0,0,0,0,0.0,0.0,0,0,0,0,0.0000,0.0000,106.39,0,stuck
1779722061.935,crossing_person,0,fusion_with_risk_avoidance,1,0.0000,0.0000,0.0000,8.00,0.00,8.0000,0.0000,0.0000,5.3006,0,0,0,0,0.0,0.0,0,0,0,0,0.0000,0.0000,106.49,0,stuck
1779722062.035,crossing_person,0,fusion_with_risk_avoidance,1,0.0000,0.0000,0.0000,8.00,0.00,8.0000,0.0000,0.0000,5.2620,0,0,0,0,0.0,0.0,0,0,0,0,0.0000,0.0000,106.59,0,stuck
1779722062.135,crossing_person,0,fusion_with_risk_avoidance,1,0.0000,0.0000,0.0000,8.00,0.00,8.0000,0.0000,0.0000,5.2258,0,0,0,0,0.0,0.0,0,0,0,0,0.0000,0.0000,106.69,0,stuck
1779722062.235,crossing_person,0,fusion_with_risk_avoidance,1,0.0000,0.0000,0.0000,8.00,0.00,8.0000,0.0000,0.0000,5.1922,0,0,0,0,0.0,0.0,0,0,0,0,0.0000,0.0000,106.79,0,stuck
1779722062.335,crossing_person,0,fusion_with_risk_avoidance,1,0.0000,0.0000,0.0000,8.00,0.00,8.0000,0.0000,0.0000,5.1612,0,0,0,0,0.0,0.0,0,0,0,0,0.0000,0.0000,106.89,0,stuck
1779722062.435,crossing_person,0,fusion_with_risk_avoidance,1,0.0000,0.0000,0.0000,8.00,0.00,8.0000,0.0000,0.0000,5.1327,0,0,0,0,0.0,0.0,0,0,0,0,0.0000,0.0000,106.99,0,stuck
1779722062.535,crossing_person,0,fusion_with_risk_avoidance,1,0.0000,0.0000,0.0000,8.00,0.00,8.0000,0.0000,0.0000,5.1069,0,0,0,0,0.0,0.0,0,0,0,0,0.0000,0.0000,107.09,0,stuck
1779722062.635,crossing_person,0,fusion_with_risk_avoidance,1,0.0000,0.0000,0.0000,8.00,0.00,8.0000,0.0000,0.0000,5.0839,0,0,0,0,0.0,0.0,0,0,0,0,0.0000,0.0000,107.19,0,stuck
1779722062.735,crossing_person,0,fusion_with_risk_avoidance,1,0.0000,0.0000,0.0000,8.00,0.00,8.0000,0.0000,0.0000,5.0635,0,0,0,0,0.0,0.0,0,0,0,0,0.0000,0.0000,107.29,0,stuck
1779722062.835,crossing_person,0,fusion_with_risk_avoidance,1,0.0000,0.0000,0.0000,8.00,0.00,8.0000,0.0000,0.0000,5.0459,0,0,0,0,0.0,0.0,0,0,0,0,0.0000,0.0000,107.39,0,stuck
1779722062.935,crossing_person,0,fusion_with_risk_avoidance,1,0.0000,0.0000,0.0000,8.00,0.00,8.0000,0.0000,0.0000,5.0312,0,0,0,0,0.0,0.0,0,0,0,0,0.0000,0.0000,107.49,0,stuck
1779722063.035,crossing_person,0,fusion_with_risk_avoidance,1,0.0000,0.0000,0.0000,8.00,0.00,8.0000,0.0000,0.0000,5.0193,0,0,0,0,0.0,0.0,0,0,0,0,0.0000,0.0000,107.59,0,stuck
1779722063.135,crossing_person,0,fusion_with_risk_avoidance,1,0.0000,0.0000,0.0000,8.00,0.00,8.0000,0.0000,0.0000,5.0102,0,0,0,0,0.0,0.0,0,0,0,0,0.0000,0.0000,107.69,0,stuck
1779722063.235,crossing_person,0,fusion_with_risk_avoidance,1,0.0000,0.0000,0.0000,8.00,0.00,8.0000,0.0000,0.0000,5.0040,0,0,0,0,0.0,0.0,0,0,0,0,0.0000,0.0000,107.79,0,stuck
1779722063.335,crossing_person,0,fusion_with_risk_avoidance,1,0.0000,0.0000,0.0000,8.00,0.00,8.0000,0.0000,0.0000,5.0006,0,0,0,0,0.0,0.0,0,0,0,0,0.0000,0.0000,107.89,0,stuck
1779722063.435,crossing_person,0,fusion_with_risk_avoidance,1,0.0000,0.0000,0.0000,8.00,0.00,8.0000,0.0000,0.0000,5.0002,0,0,0,0,0.0,0.0,0,0,0,0,0.0000,0.0000,107.99,0,stuck
1779722063.535,crossing_person,0,fusion_with_risk_avoidance,1,0.0000,0.0000,0.0000,8.00,0.00,8.0000,0.0000,0.0000,5.0026,0,0,0,0,0.0,0.0,0,0,0,0,0.0000,0.0000,108.09,0,stuck
1779722063.635,crossing_person,0,fusion_with_risk_avoidance,1,0.0000,0.0000,0.0000,8.00,0.00,8.0000,0.0000,0.0000,5.0079,0,0,0,0,0.0,0.0,0,0,0,0,0.0000,0.0000,108.19,0,stuck
1779722063.735,crossing_person,0,fusion_with_risk_avoidance,1,0.0000,0.0000,0.0000,8.00,0.00,8.0000,0.0000,0.0000,5.0160,0,0,0,0,0.0,0.0,0,0,0,0,0.0000,0.0000,108.29,0,stuck
1779722063.835,crossing_person,0,fusion_with_risk_avoidance,1,0.0000,0.0000,0.0000,8.00,0.00,8.0000,0.0000,0.0000,5.0270,0,0,0,0,0.0,0.0,0,0,0,0,0.0000,0.0000,108.39,0,stuck
1779722063.935,crossing_person,0,fusion_with_risk_avoidance,1,0.0000,0.0000,0.0000,8.00,0.00,8.0000,0.0000,0.0000,5.0408,0,0,0,0,0.0,0.0,0,0,0,0,0.0000,0.0000,108.49,0,stuck
1779722064.035,crossing_person,0,fusion_with_risk_avoidance,1,0.0000,0.0000,0.0000,8.00,0.00,8.0000,0.0000,0.0000,5.0575,0,0,0,0,0.0,0.0,0,0,0,0,0.0000,0.0000,108.59,0,stuck
1779722064.135,crossing_person,0,fusion_with_risk_avoidance,1,0.0000,0.0000,0.0000,8.00,0.00,8.0000,0.0000,0.0000,5.0769,0,0,0,0,0.0,0.0,0,0,0,0,0.0000,0.0000,108.69,0,stuck
1779722064.235,crossing_person,0,fusion_with_risk_avoidance,1,0.0000,0.0000,0.0000,8.00,0.00,8.0000,0.0000,0.0000,5.0991,0,0,0,0,0.0,0.0,0,0,0,0,0.0000,0.0000,108.79,0,stuck
1779722064.335,crossing_person,0,fusion_with_risk_avoidance,1,0.0000,0.0000,0.0000,8.00,0.00,8.0000,0.0000,0.0000,5.1240,0,0,0,0,0.0,0.0,0,0,0,0,0.0000,0.0000,108.89,0,stuck
1779722064.435,crossing_person,0,fusion_with_risk_avoidance,1,0.0000,0.0000,0.0000,8.00,0.00,8.0000,0.0000,0.0000,5.1517,0,0,0,0,0.0,0.0,0,0,0,0,0.0000,0.0000,108.99,0,stuck
1779722064.535,crossing_person,0,fusion_with_risk_avoidance,1,0.0000,0.0000,0.0000,8.00,0.00,8.0000,0.0000,0.0000,5.1817,0,0,0,0,0.0,0.0,0,0,0,0,0.0000,0.0000,109.09,0,stuck
1779722064.635,crossing_person,0,fusion_with_risk_avoidance,1,0.0000,0.0000,0.0000,8.00,0.00,8.0000,0.0000,0.0000,5.2145,0,0,0,0,0.0,0.0,0,0,0,0,0.0000,0.0000,109.19,0,stuck
1779722064.735,crossing_person,0,fusion_with_risk_avoidance,1,0.0000,0.0000,0.0000,8.00,0.00,8.0000,0.0000,0.0000,5.2499,0,0,0,0,0.0,0.0,0,0,0,0,0.0000,0.0000,109.29,0,stuck
1779722064.835,crossing_person,0,fusion_with_risk_avoidance,1,0.0000,0.0000,0.0000,8.00,0.00,8.0000,0.0000,0.0000,5.2880,0,0,0,0,0.0,0.0,0,0,0,0,0.0000,0.0000,109.39,0,stuck
1779722064.935,crossing_person,0,fusion_with_risk_avoidance,1,0.0000,0.0000,0.0000,8.00,0.00,8.0000,0.0000,0.0000,5.3279,0,0,0,0,0.0,0.0,0,0,0,0,0.0000,0.0000,109.49,0,stuck
1779722065.035,crossing_person,0,fusion_with_risk_avoidance,1,0.0000,0.0000,0.0000,8.00,0.00,8.0000,0.0000,0.0000,5.3706,0,0,0,0,0.0,0.0,0,0,0,0,0.0000,0.0000,109.59,0,stuck
1779722065.135,crossing_person,0,fusion_with_risk_avoidance,1,0.0000,0.0000,0.0000,8.00,0.00,8.0000,0.0000,0.0000,5.3559,0,0,0,0,0.0,0.0,0,0,0,0,0.0000,0.0000,109.69,0,stuck
1779722065.235,crossing_person,0,fusion_with_risk_avoidance,1,0.0000,0.0000,0.0000,8.00,0.00,8.0000,0.0000,0.0000,5.3140,0,0,0,0,0.0,0.0,0,0,0,0,0.0000,0.0000,109.79,0,stuck
1779722065.335,crossing_person,0,fusion_with_risk_avoidance,1,0.0000,0.0000,0.0000,8.00,0.00,8.0000,0.0000,0.0000,5.2746,0,0,0,0,0.0,0.0,0,0,0,0,0.0000,0.0000,109.89,0,stuck
1779722065.435,crossing_person,0,fusion_with_risk_avoidance,1,0.0000,0.0000,0.0000,8.00,0.00,8.0000,0.0000,0.0000,5.2376,0,0,0,0,0.0,0.0,0,0,0,0,0.0000,0.0000,109.99,0,stuck
1779722065.535,crossing_person,0,fusion_with_risk_avoidance,1,0.0000,0.0000,0.0000,8.00,0.00,8.0000,0.0000,0.0000,5.2031,0,0,0,0,0.0,0.0,0,0,0,0,0.0000,0.0000,110.09,0,stuck
1779722065.635,crossing_person,0,fusion_with_risk_avoidance,1,0.0000,0.0000,0.0000,8.00,0.00,8.0000,0.0000,0.0000,5.1712,0,0,0,0,0.0,0.0,0,0,0,0,0.0000,0.0000,110.19,0,stuck
1779722065.735,crossing_person,0,fusion_with_risk_avoidance,1,0.0000,0.0000,0.0000,8.00,0.00,8.0000,0.0000,0.0000,5.1419,0,0,0,0,0.0,0.0,0,0,0,0,0.0000,0.0000,110.29,0,stuck
1779722065.835,crossing_person,0,fusion_with_risk_avoidance,1,0.0000,0.0000,0.0000,8.00,0.00,8.0000,0.0000,0.0000,5.1152,0,0,0,0,0.0,0.0,0,0,0,0,0.0000,0.0000,110.39,0,stuck
1779722065.935,crossing_person,0,fusion_with_risk_avoidance,1,0.0000,0.0000,0.0000,8.00,0.00,8.0000,0.0000,0.0000,5.0913,0,0,0,0,0.0,0.0,0,0,0,0,0.0000,0.0000,110.49,0,stuck
1779722066.035,crossing_person,0,fusion_with_risk_avoidance,1,0.0000,0.0000,0.0000,8.00,0.00,8.0000,0.0000,0.0000,5.0700,0,0,0,0,0.0,0.0,0,0,0,0,0.0000,0.0000,110.59,0,stuck
1779722066.135,crossing_person,0,fusion_with_risk_avoidance,1,0.0000,0.0000,0.0000,8.00,0.00,8.0000,0.0000,0.0000,5.0515,0,0,0,0,0.0,0.0,0,0,0,0,0.0000,0.0000,110.69,0,stuck
1779722066.235,crossing_person,0,fusion_with_risk_avoidance,1,0.0000,0.0000,0.0000,8.00,0.00,8.0000,0.0000,0.0000,5.0358,0,0,0,0,0.0,0.0,0,0,0,0,0.0000,0.0000,110.79,0,stuck
1779722066.335,crossing_person,0,fusion_with_risk_avoidance,1,0.0000,0.0000,0.0000,8.00,0.00,8.0000,0.0000,0.0000,5.0229,0,0,0,0,0.0,0.0,0,0,0,0,0.0000,0.0000,110.89,0,stuck
1779722066.435,crossing_person,0,fusion_with_risk_avoidance,1,0.0000,0.0000,0.0000,8.00,0.00,8.0000,0.0000,0.0000,5.0129,0,0,0,0,0.0,0.0,0,0,0,0,0.0000,0.0000,110.99,0,stuck
1779722066.535,crossing_person,0,fusion_with_risk_avoidance,1,0.0000,0.0000,0.0000,8.00,0.00,8.0000,0.0000,0.0000,5.0057,0,0,0,0,0.0,0.0,0,0,0,0,0.0000,0.0000,111.09,0,stuck
1779722066.635,crossing_person,0,fusion_with_risk_avoidance,1,0.0000,0.0000,0.0000,8.00,0.00,8.0000,0.0000,0.0000,5.0014,0,0,0,0,0.0,0.0,0,0,0,0,0.0000,0.0000,111.19,0,stuck
1779722066.735,crossing_person,0,fusion_with_risk_avoidance,1,0.0000,0.0000,0.0000,8.00,0.00,8.0000,0.0000,0.0000,5.0000,0,0,0,0,0.0,0.0,0,0,0,0,0.0000,0.0000,111.29,0,stuck
1779722066.835,crossing_person,0,fusion_with_risk_avoidance,1,0.0000,0.0000,0.0000,8.00,0.00,8.0000,0.0000,0.0000,5.0014,0,0,0,0,0.0,0.0,0,0,0,0,0.0000,0.0000,111.39,0,stuck
1779722066.936,crossing_person,0,fusion_with_risk_avoidance,1,0.0000,0.0000,0.0000,8.00,0.00,8.0000,0.0000,0.0000,5.0058,0,0,0,0,0.0,0.0,0,0,0,0,0.0000,0.0000,111.49,0,stuck
1779722067.035,crossing_person,0,fusion_with_risk_avoidance,1,0.0000,0.0000,0.0000,8.00,0.00,8.0000,0.0000,0.0000,5.0130,0,0,0,0,0.0,0.0,0,0,0,0,0.0000,0.0000,111.59,0,stuck
1779722067.135,crossing_person,0,fusion_with_risk_avoidance,1,0.0000,0.0000,0.0000,8.00,0.00,8.0000,0.0000,0.0000,5.0230,0,0,0,0,0.0,0.0,0,0,0,0,0.0000,0.0000,111.69,0,stuck
1779722067.235,crossing_person,0,fusion_with_risk_avoidance,1,0.0000,0.0000,0.0000,8.00,0.00,8.0000,0.0000,0.0000,5.0359,0,0,0,0,0.0,0.0,0,0,0,0,0.0000,0.0000,111.79,0,stuck
1779722067.335,crossing_person,0,fusion_with_risk_avoidance,1,0.0000,0.0000,0.0000,8.00,0.00,8.0000,0.0000,0.0000,5.0516,0,0,0,0,0.0,0.0,0,0,0,0,0.0000,0.0000,111.89,0,stuck
1779722067.435,crossing_person,0,fusion_with_risk_avoidance,1,0.0000,0.0000,0.0000,8.00,0.00,8.0000,0.0000,0.0000,5.0701,0,0,0,0,0.0,0.0,0,0,0,0,0.0000,0.0000,111.99,0,stuck
1779722067.535,crossing_person,0,fusion_with_risk_avoidance,1,0.0000,0.0000,0.0000,8.00,0.00,8.0000,0.0000,0.0000,5.0914,0,0,0,0,0.0,0.0,0,0,0,0,0.0000,0.0000,112.09,0,stuck
1779722067.635,crossing_person,0,fusion_with_risk_avoidance,1,0.0000,0.0000,0.0000,8.00,0.00,8.0000,0.0000,0.0000,5.1154,0,0,0,0,0.0,0.0,0,0,0,0,0.0000,0.0000,112.19,0,stuck
1779722067.735,crossing_person,0,fusion_with_risk_avoidance,1,0.0000,0.0000,0.0000,8.00,0.00,8.0000,0.0000,0.0000,5.1421,0,0,0,0,0.0,0.0,0,0,0,0,0.0000,0.0000,112.29,0,stuck
1779722067.835,crossing_person,0,fusion_with_risk_avoidance,1,0.0000,0.0000,0.0000,8.00,0.00,8.0000,0.0000,0.0000,5.1714,0,0,0,0,0.0,0.0,0,0,0,0,0.0000,0.0000,112.39,0,stuck
1779722067.935,crossing_person,0,fusion_with_risk_avoidance,1,0.0000,0.0000,0.0000,8.00,0.00,8.0000,0.0000,0.0000,5.2033,0,0,0,0,0.0,0.0,0,0,0,0,0.0000,0.0000,112.49,0,stuck
1779722068.035,crossing_person,0,fusion_with_risk_avoidance,1,0.0000,0.0000,0.0000,8.00,0.00,8.0000,0.0000,0.0000,5.2378,0,0,0,0,0.0,0.0,0,0,0,0,0.0000,0.0000,112.59,0,stuck
1779722068.135,crossing_person,0,fusion_with_risk_avoidance,1,0.0000,0.0000,0.0000,8.00,0.00,8.0000,0.0000,0.0000,5.2748,0,0,0,0,0.0,0.0,0,0,0,0,0.0000,0.0000,112.69,0,stuck
1779722068.235,crossing_person,0,fusion_with_risk_avoidance,1,0.0000,0.0000,0.0000,8.00,0.00,8.0000,0.0000,0.0000,5.3142,0,0,0,0,0.0,0.0,0,0,0,0,0.0000,0.0000,112.79,0,stuck
1779722068.335,crossing_person,0,fusion_with_risk_avoidance,1,0.0000,0.0000,0.0000,8.00,0.00,8.0000,0.0000,0.0000,5.3561,0,0,0,0,0.0,0.0,0,0,0,0,0.0000,0.0000,112.89,0,stuck
1779722068.435,crossing_person,0,fusion_with_risk_avoidance,1,0.0000,0.0000,0.0000,8.00,0.00,8.0000,0.0000,0.0000,5.3703,0,0,0,0,0.0,0.0,0,0,0,0,0.0000,0.0000,112.99,0,stuck
1779722068.535,crossing_person,0,fusion_with_risk_avoidance,1,0.0000,0.0000,0.0000,8.00,0.00,8.0000,0.0000,0.0000,5.3276,0,0,0,0,0.0,0.0,0,0,0,0,0.0000,0.0000,113.09,0,stuck
1779722068.635,crossing_person,0,fusion_with_risk_avoidance,1,0.0000,0.0000,0.0000,8.00,0.00,8.0000,0.0000,0.0000,5.2875,0,0,0,0,0.0,0.0,0,0,0,0,0.0000,0.0000,113.19,0,stuck
1779722068.735,crossing_person,0,fusion_with_risk_avoidance,1,0.0000,0.0000,0.0000,8.00,0.00,8.0000,0.0000,0.0000,5.2497,0,0,0,0,0.0,0.0,0,0,0,0,0.0000,0.0000,113.29,0,stuck
1779722068.835,crossing_person,0,fusion_with_risk_avoidance,1,0.0000,0.0000,0.0000,8.00,0.00,8.0000,0.0000,0.0000,5.2144,0,0,0,0,0.0,0.0,0,0,0,0,0.0000,0.0000,113.39,0,stuck
1779722068.935,crossing_person,0,fusion_with_risk_avoidance,1,0.0000,0.0000,0.0000,8.00,0.00,8.0000,0.0000,0.0000,5.1816,0,0,0,0,0.0,0.0,0,0,0,0,0.0000,0.0000,113.49,0,stuck
1779722069.035,crossing_person,0,fusion_with_risk_avoidance,1,0.0000,0.0000,0.0000,8.00,0.00,8.0000,0.0000,0.0000,5.1514,0,0,0,0,0.0,0.0,0,0,0,0,0.0000,0.0000,113.59,0,stuck
1779722069.135,crossing_person,0,fusion_with_risk_avoidance,1,0.0000,0.0000,0.0000,8.00,0.00,8.0000,0.0000,0.0000,5.1238,0,0,0,0,0.0,0.0,0,0,0,0,0.0000,0.0000,113.69,0,stuck
1779722069.235,crossing_person,0,fusion_with_risk_avoidance,1,0.0000,0.0000,0.0000,8.00,0.00,8.0000,0.0000,0.0000,5.0990,0,0,0,0,0.0,0.0,0,0,0,0,0.0000,0.0000,113.79,0,stuck
1779722069.335,crossing_person,0,fusion_with_risk_avoidance,1,0.0000,0.0000,0.0000,8.00,0.00,8.0000,0.0000,0.0000,5.0768,0,0,0,0,0.0,0.0,0,0,0,0,0.0000,0.0000,113.89,0,stuck
1779722069.435,crossing_person,0,fusion_with_risk_avoidance,1,0.0000,0.0000,0.0000,8.00,0.00,8.0000,0.0000,0.0000,5.0574,0,0,0,0,0.0,0.0,0,0,0,0,0.0000,0.0000,113.99,0,stuck
1779722069.535,crossing_person,0,fusion_with_risk_avoidance,1,0.0000,0.0000,0.0000,8.00,0.00,8.0000,0.0000,0.0000,5.0408,0,0,0,0,0.0,0.0,0,0,0,0,0.0000,0.0000,114.09,0,stuck
1779722069.635,crossing_person,0,fusion_with_risk_avoidance,1,0.0000,0.0000,0.0000,8.00,0.00,8.0000,0.0000,0.0000,5.0269,0,0,0,0,0.0,0.0,0,0,0,0,0.0000,0.0000,114.19,0,stuck
1779722069.735,crossing_person,0,fusion_with_risk_avoidance,1,0.0000,0.0000,0.0000,8.00,0.00,8.0000,0.0000,0.0000,5.0159,0,0,0,0,0.0,0.0,0,0,0,0,0.0000,0.0000,114.29,0,stuck
1779722069.835,crossing_person,0,fusion_with_risk_avoidance,1,0.0000,0.0000,0.0000,8.00,0.00,8.0000,0.0000,0.0000,5.0078,0,0,0,0,0.0,0.0,0,0,0,0,0.0000,0.0000,114.39,0,stuck
1779722069.935,crossing_person,0,fusion_with_risk_avoidance,1,0.0000,0.0000,0.0000,8.00,0.00,8.0000,0.0000,0.0000,5.0025,0,0,0,0,0.0,0.0,0,0,0,0,0.0000,0.0000,114.49,0,stuck
1779722070.035,crossing_person,0,fusion_with_risk_avoidance,1,0.0000,0.0000,0.0000,8.00,0.00,8.0000,0.0000,0.0000,5.0002,0,0,0,0,0.0,0.0,0,0,0,0,0.0000,0.0000,114.59,0,stuck
1779722070.135,crossing_person,0,fusion_with_risk_avoidance,1,0.0000,0.0000,0.0000,8.00,0.00,8.0000,0.0000,0.0000,5.0007,0,0,0,0,0.0,0.0,0,0,0,0,0.0000,0.0000,114.69,0,stuck
1779722070.235,crossing_person,0,fusion_with_risk_avoidance,1,0.0000,0.0000,0.0000,8.00,0.00,8.0000,0.0000,0.0000,5.0040,0,0,0,0,0.0,0.0,0,0,0,0,0.0000,0.0000,114.79,0,stuck
1779722070.335,crossing_person,0,fusion_with_risk_avoidance,1,0.0000,0.0000,0.0000,8.00,0.00,8.0000,0.0000,0.0000,5.0102,0,0,0,0,0.0,0.0,0,0,0,0,0.0000,0.0000,114.89,0,stuck
1779722070.435,crossing_person,0,fusion_with_risk_avoidance,1,0.0000,0.0000,0.0000,8.00,0.00,8.0000,0.0000,0.0000,5.0193,0,0,0,0,0.0,0.0,0,0,0,0,0.0000,0.0000,114.99,0,stuck
1779722070.535,crossing_person,0,fusion_with_risk_avoidance,1,0.0000,0.0000,0.0000,8.00,0.00,8.0000,0.0000,0.0000,5.0313,0,0,0,0,0.0,0.0,0,0,0,0,0.0000,0.0000,115.09,0,stuck
1779722070.635,crossing_person,0,fusion_with_risk_avoidance,1,0.0000,0.0000,0.0000,8.00,0.00,8.0000,0.0000,0.0000,5.0461,0,0,0,0,0.0,0.0,0,0,0,0,0.0000,0.0000,115.19,0,stuck
1779722070.735,crossing_person,0,fusion_with_risk_avoidance,1,0.0000,0.0000,0.0000,8.00,0.00,8.0000,0.0000,0.0000,5.0636,0,0,0,0,0.0,0.0,0,0,0,0,0.0000,0.0000,115.29,0,stuck
1779722070.835,crossing_person,0,fusion_with_risk_avoidance,1,0.0000,0.0000,0.0000,8.00,0.00,8.0000,0.0000,0.0000,5.0840,0,0,0,0,0.0,0.0,0,0,0,0,0.0000,0.0000,115.39,0,stuck
1779722070.935,crossing_person,0,fusion_with_risk_avoidance,1,0.0000,0.0000,0.0000,8.00,0.00,8.0000,0.0000,0.0000,5.1071,0,0,0,0,0.0,0.0,0,0,0,0,0.0000,0.0000,115.49,0,stuck
1779722071.035,crossing_person,0,fusion_with_risk_avoidance,1,0.0000,0.0000,0.0000,8.00,0.00,8.0000,0.0000,0.0000,5.1328,0,0,0,0,0.0,0.0,0,0,0,0,0.0000,0.0000,115.59,0,stuck
1779722071.135,crossing_person,0,fusion_with_risk_avoidance,1,0.0000,0.0000,0.0000,8.00,0.00,8.0000,0.0000,0.0000,5.1613,0,0,0,0,0.0,0.0,0,0,0,0,0.0000,0.0000,115.69,0,stuck
1779722071.235,crossing_person,0,fusion_with_risk_avoidance,1,0.0000,0.0000,0.0000,8.00,0.00,8.0000,0.0000,0.0000,5.1924,0,0,0,0,0.0,0.0,0,0,0,0,0.0000,0.0000,115.79,0,stuck
1779722071.335,crossing_person,0,fusion_with_risk_avoidance,1,0.0000,0.0000,0.0000,8.00,0.00,8.0000,0.0000,0.0000,5.2260,0,0,0,0,0.0,0.0,0,0,0,0,0.0000,0.0000,115.89,0,stuck
1779722071.435,crossing_person,0,fusion_with_risk_avoidance,1,0.0000,0.0000,0.0000,8.00,0.00,8.0000,0.0000,0.0000,5.2622,0,0,0,0,0.0,0.0,0,0,0,0,0.0000,0.0000,115.99,0,stuck
1779722071.535,crossing_person,0,fusion_with_risk_avoidance,1,0.0000,0.0000,0.0000,8.00,0.00,8.0000,0.0000,0.0000,5.3008,0,0,0,0,0.0,0.0,0,0,0,0,0.0000,0.0000,116.09,0,stuck
1779722071.635,crossing_person,0,fusion_with_risk_avoidance,1,0.0000,0.0000,0.0000,8.00,0.00,8.0000,0.0000,0.0000,5.3419,0,0,0,0,0.0,0.0,0,0,0,0,0.0000,0.0000,116.19,0,stuck
1779722071.735,crossing_person,0,fusion_with_risk_avoidance,1,0.0000,0.0000,0.0000,8.00,0.00,8.0000,0.0000,0.0000,5.3850,0,0,0,0,0.0,0.0,0,0,0,0,0.0000,0.0000,116.29,0,stuck
1779722071.835,crossing_person,0,fusion_with_risk_avoidance,1,0.0000,0.0000,0.0000,8.00,0.00,8.0000,0.0000,0.0000,5.3416,0,0,0,0,0.0,0.0,0,0,0,0,0.0000,0.0000,116.39,0,stuck
1779722071.935,crossing_person,0,fusion_with_risk_avoidance,1,0.0000,0.0000,0.0000,8.00,0.00,8.0000,0.0000,0.0000,5.3006,0,0,0,0,0.0,0.0,0,0,0,0,0.0000,0.0000,116.49,0,stuck
1779722072.035,crossing_person,0,fusion_with_risk_avoidance,1,0.0000,0.0000,0.0000,8.00,0.00,8.0000,0.0000,0.0000,5.2620,0,0,0,0,0.0,0.0,0,0,0,0,0.0000,0.0000,116.59,0,stuck
1779722072.135,crossing_person,0,fusion_with_risk_avoidance,1,0.0000,0.0000,0.0000,8.00,0.00,8.0000,0.0000,0.0000,5.2258,0,0,0,0,0.0,0.0,0,0,0,0,0.0000,0.0000,116.69,0,stuck
1779722072.235,crossing_person,0,fusion_with_risk_avoidance,1,0.0000,0.0000,0.0000,8.00,0.00,8.0000,0.0000,0.0000,5.1922,0,0,0,0,0.0,0.0,0,0,0,0,0.0000,0.0000,116.79,0,stuck
1779722072.335,crossing_person,0,fusion_with_risk_avoidance,1,0.0000,0.0000,0.0000,8.00,0.00,8.0000,0.0000,0.0000,5.1612,0,0,0,0,0.0,0.0,0,0,0,0,0.0000,0.0000,116.89,0,stuck
1779722072.435,crossing_person,0,fusion_with_risk_avoidance,1,0.0000,0.0000,0.0000,8.00,0.00,8.0000,0.0000,0.0000,5.1327,0,0,0,0,0.0,0.0,0,0,0,0,0.0000,0.0000,116.99,0,stuck
1779722072.535,crossing_person,0,fusion_with_risk_avoidance,1,0.0000,0.0000,0.0000,8.00,0.00,8.0000,0.0000,0.0000,5.1069,0,0,0,0,0.0,0.0,0,0,0,0,0.0000,0.0000,117.09,0,stuck
1779722072.636,crossing_person,0,fusion_with_risk_avoidance,1,0.0000,0.0000,0.0000,8.00,0.00,8.0000,0.0000,0.0000,5.0839,0,0,0,0,0.0,0.0,0,0,0,0,0.0000,0.0000,117.19,0,stuck
1779722072.735,crossing_person,0,fusion_with_risk_avoidance,1,0.0000,0.0000,0.0000,8.00,0.00,8.0000,0.0000,0.0000,5.0635,0,0,0,0,0.0,0.0,0,0,0,0,0.0000,0.0000,117.29,0,stuck
1779722072.835,crossing_person,0,fusion_with_risk_avoidance,1,0.0000,0.0000,0.0000,8.00,0.00,8.0000,0.0000,0.0000,5.0460,0,0,0,0,0.0,0.0,0,0,0,0,0.0000,0.0000,117.39,0,stuck
1779722072.935,crossing_person,0,fusion_with_risk_avoidance,1,0.0000,0.0000,0.0000,8.00,0.00,8.0000,0.0000,0.0000,5.0312,0,0,0,0,0.0,0.0,0,0,0,0,0.0000,0.0000,117.49,0,stuck
1779722073.035,crossing_person,0,fusion_with_risk_avoidance,1,0.0000,0.0000,0.0000,8.00,0.00,8.0000,0.0000,0.0000,5.0193,0,0,0,0,0.0,0.0,0,0,0,0,0.0000,0.0000,117.59,0,stuck
1779722073.135,crossing_person,0,fusion_with_risk_avoidance,1,0.0000,0.0000,0.0000,8.00,0.00,8.0000,0.0000,0.0000,5.0102,0,0,0,0,0.0,0.0,0,0,0,0,0.0000,0.0000,117.69,0,stuck
1779722073.235,crossing_person,0,fusion_with_risk_avoidance,1,0.0000,0.0000,0.0000,8.00,0.00,8.0000,0.0000,0.0000,5.0040,0,0,0,0,0.0,0.0,0,0,0,0,0.0000,0.0000,117.79,0,stuck
1779722073.335,crossing_person,0,fusion_with_risk_avoidance,1,0.0000,0.0000,0.0000,8.00,0.00,8.0000,0.0000,0.0000,5.0006,0,0,0,0,0.0,0.0,0,0,0,0,0.0000,0.0000,117.89,0,stuck
1779722073.435,crossing_person,0,fusion_with_risk_avoidance,1,0.0000,0.0000,0.0000,8.00,0.00,8.0000,0.0000,0.0000,5.0002,0,0,0,0,0.0,0.0,0,0,0,0,0.0000,0.0000,117.99,0,stuck
1779722073.535,crossing_person,0,fusion_with_risk_avoidance,1,0.0000,0.0000,0.0000,8.00,0.00,8.0000,0.0000,0.0000,5.0026,0,0,0,0,0.0,0.0,0,0,0,0,0.0000,0.0000,118.09,0,stuck
1779722073.635,crossing_person,0,fusion_with_risk_avoidance,1,0.0000,0.0000,0.0000,8.00,0.00,8.0000,0.0000,0.0000,5.0079,0,0,0,0,0.0,0.0,0,0,0,0,0.0000,0.0000,118.19,0,stuck
1779722073.735,crossing_person,0,fusion_with_risk_avoidance,1,0.0000,0.0000,0.0000,8.00,0.00,8.0000,0.0000,0.0000,5.0160,0,0,0,0,0.0,0.0,0,0,0,0,0.0000,0.0000,118.29,0,stuck
1779722073.835,crossing_person,0,fusion_with_risk_avoidance,1,0.0000,0.0000,0.0000,8.00,0.00,8.0000,0.0000,0.0000,5.0271,0,0,0,0,0.0,0.0,0,0,0,0,0.0000,0.0000,118.39,0,stuck
1779722073.935,crossing_person,0,fusion_with_risk_avoidance,1,0.0000,0.0000,0.0000,8.00,0.00,8.0000,0.0000,0.0000,5.0409,0,0,0,0,0.0,0.0,0,0,0,0,0.0000,0.0000,118.49,0,stuck
1779722074.035,crossing_person,0,fusion_with_risk_avoidance,1,0.0000,0.0000,0.0000,8.00,0.00,8.0000,0.0000,0.0000,5.0576,0,0,0,0,0.0,0.0,0,0,0,0,0.0000,0.0000,118.59,0,stuck
1779722074.135,crossing_person,0,fusion_with_risk_avoidance,1,0.0000,0.0000,0.0000,8.00,0.00,8.0000,0.0000,0.0000,5.0770,0,0,0,0,0.0,0.0,0,0,0,0,0.0000,0.0000,118.69,0,stuck
1779722074.235,crossing_person,0,fusion_with_risk_avoidance,1,0.0000,0.0000,0.0000,8.00,0.00,8.0000,0.0000,0.0000,5.0992,0,0,0,0,0.0,0.0,0,0,0,0,0.0000,0.0000,118.79,0,stuck
1779722074.335,crossing_person,0,fusion_with_risk_avoidance,1,0.0000,0.0000,0.0000,8.00,0.00,8.0000,0.0000,0.0000,5.1240,0,0,0,0,0.0,0.0,0,0,0,0,0.0000,0.0000,118.89,0,stuck
1779722074.435,crossing_person,0,fusion_with_risk_avoidance,1,0.0000,0.0000,0.0000,8.00,0.00,8.0000,0.0000,0.0000,5.1516,0,0,0,0,0.0,0.0,0,0,0,0,0.0000,0.0000,118.99,0,stuck
1779722074.535,crossing_person,0,fusion_with_risk_avoidance,1,0.0000,0.0000,0.0000,8.00,0.00,8.0000,0.0000,0.0000,5.1817,0,0,0,0,0.0,0.0,0,0,0,0,0.0000,0.0000,119.09,0,stuck
1779722074.635,crossing_person,0,fusion_with_risk_avoidance,1,0.0000,0.0000,0.0000,8.00,0.00,8.0000,0.0000,0.0000,5.2145,0,0,0,0,0.0,0.0,0,0,0,0,0.0000,0.0000,119.19,0,stuck
1779722074.735,crossing_person,0,fusion_with_risk_avoidance,1,0.0000,0.0000,0.0000,8.00,0.00,8.0000,0.0000,0.0000,5.2499,0,0,0,0,0.0,0.0,0,0,0,0,0.0000,0.0000,119.29,0,stuck
1779722074.837,crossing_person,0,fusion_with_risk_avoidance,1,0.0000,0.0000,0.0000,8.00,0.00,8.0000,0.0000,0.0000,5.2877,0,0,0,0,0.0,0.0,0,0,0,0,0.0000,0.0000,119.39,0,stuck
1779722074.935,crossing_person,0,fusion_with_risk_avoidance,1,0.0000,0.0000,0.0000,8.00,0.00,8.0000,0.0000,0.0000,5.3279,0,0,0,0,0.0,0.0,0,0,0,0,0.0000,0.0000,119.49,0,stuck
1779722075.035,crossing_person,0,fusion_with_risk_avoidance,1,0.0000,0.0000,0.0000,8.00,0.00,8.0000,0.0000,0.0000,5.3706,0,0,0,0,0.0,0.0,0,0,0,0,0.0000,0.0000,119.59,0,stuck
1779722075.135,crossing_person,0,fusion_with_risk_avoidance,1,0.0000,0.0000,0.0000,8.00,0.00,8.0000,0.0000,0.0000,5.3558,0,0,0,0,0.0,0.0,0,0,0,0,0.0000,0.0000,119.69,0,stuck
1779722075.236,crossing_person,0,fusion_with_risk_avoidance,1,0.0000,0.0000,0.0000,8.00,0.00,8.0000,0.0000,0.0000,5.3140,0,0,0,0,0.0,0.0,0,0,0,0,0.0000,0.0000,119.79,0,stuck
1779722075.335,crossing_person,0,fusion_with_risk_avoidance,1,0.0000,0.0000,0.0000,8.00,0.00,8.0000,0.0000,0.0000,5.2746,0,0,0,0,0.0,0.0,0,0,0,0,0.0000,0.0000,119.89,0,stuck
1779722075.435,crossing_person,0,fusion_with_risk_avoidance,1,0.0000,0.0000,0.0000,8.00,0.00,8.0000,0.0000,0.0000,5.2376,0,0,0,0,0.0,0.0,0,0,0,0,0.0000,0.0000,119.99,0,stuck
1779722075.535,crossing_person,0,fusion_with_risk_avoidance,1,0.0000,0.0000,0.0000,8.00,0.00,8.0000,0.0000,0.0000,5.2031,0,0,0,0,0.0,0.0,0,0,0,0,0.0000,0.0000,120.09,0,stuck
1779722075.635,crossing_person,0,fusion_with_risk_avoidance,1,0.0000,0.0000,0.0000,8.00,0.00,8.0000,0.0000,0.0000,5.1712,0,0,0,0,0.0,0.0,0,0,0,0,0.0000,0.0000,120.19,0,stuck
1779722075.735,crossing_person,0,fusion_with_risk_avoidance,1,0.0000,0.0000,0.0000,8.00,0.00,8.0000,0.0000,0.0000,5.1419,0,0,0,0,0.0,0.0,0,0,0,0,0.0000,0.0000,120.29,0,stuck
1779722075.835,crossing_person,0,fusion_with_risk_avoidance,1,0.0000,0.0000,0.0000,8.00,0.00,8.0000,0.0000,0.0000,5.1152,0,0,0,0,0.0,0.0,0,0,0,0,0.0000,0.0000,120.39,0,stuck
1779722075.935,crossing_person,0,fusion_with_risk_avoidance,1,0.0000,0.0000,0.0000,8.00,0.00,8.0000,0.0000,0.0000,5.0908,0,0,0,0,0.0,0.0,0,0,0,0,0.0000,0.0000,120.49,0,stuck
1779722076.035,crossing_person,0,fusion_with_risk_avoidance,1,0.0000,0.0000,0.0000,8.00,0.00,8.0000,0.0000,0.0000,5.0700,0,0,0,0,0.0,0.0,0,0,0,0,0.0000,0.0000,120.59,0,stuck
1779722076.135,crossing_person,0,fusion_with_risk_avoidance,1,0.0000,0.0000,0.0000,8.00,0.00,8.0000,0.0000,0.0000,5.0515,0,0,0,0,0.0,0.0,0,0,0,0,0.0000,0.0000,120.69,0,stuck
1779722076.235,crossing_person,0,fusion_with_risk_avoidance,1,0.0000,0.0000,0.0000,8.00,0.00,8.0000,0.0000,0.0000,5.0358,0,0,0,0,0.0,0.0,0,0,0,0,0.0000,0.0000,120.79,0,stuck
1779722076.335,crossing_person,0,fusion_with_risk_avoidance,1,0.0000,0.0000,0.0000,8.00,0.00,8.0000,0.0000,0.0000,5.0230,0,0,0,0,0.0,0.0,0,0,0,0,0.0000,0.0000,120.89,0,stuck
1779722076.435,crossing_person,0,fusion_with_risk_avoidance,1,0.0000,0.0000,0.0000,8.00,0.00,8.0000,0.0000,0.0000,5.0129,0,0,0,0,0.0,0.0,0,0,0,0,0.0000,0.0000,120.99,0,stuck
1779722076.535,crossing_person,0,fusion_with_risk_avoidance,1,0.0000,0.0000,0.0000,8.00,0.00,8.0000,0.0000,0.0000,5.0057,0,0,0,0,0.0,0.0,0,0,0,0,0.0000,0.0000,121.09,0,stuck
1779722076.635,crossing_person,0,fusion_with_risk_avoidance,1,0.0000,0.0000,0.0000,8.00,0.00,8.0000,0.0000,0.0000,5.0014,0,0,0,0,0.0,0.0,0,0,0,0,0.0000,0.0000,121.19,0,stuck
1779722076.735,crossing_person,0,fusion_with_risk_avoidance,1,0.0000,0.0000,0.0000,8.00,0.00,8.0000,0.0000,0.0000,5.0000,0,0,0,0,0.0,0.0,0,0,0,0,0.0000,0.0000,121.29,0,stuck
1779722076.835,crossing_person,0,fusion_with_risk_avoidance,1,0.0000,0.0000,0.0000,8.00,0.00,8.0000,0.0000,0.0000,5.0015,0,0,0,0,0.0,0.0,0,0,0,0,0.0000,0.0000,121.39,0,stuck
1779722076.935,crossing_person,0,fusion_with_risk_avoidance,1,0.0000,0.0000,0.0000,8.00,0.00,8.0000,0.0000,0.0000,5.0058,0,0,0,0,0.0,0.0,0,0,0,0,0.0000,0.0000,121.49,0,stuck
1779722077.035,crossing_person,0,fusion_with_risk_avoidance,1,0.0000,0.0000,0.0000,8.00,0.00,8.0000,0.0000,0.0000,5.0130,0,0,0,0,0.0,0.0,0,0,0,0,0.0000,0.0000,121.59,0,stuck
1779722077.136,crossing_person,0,fusion_with_risk_avoidance,1,0.0000,0.0000,0.0000,8.00,0.00,8.0000,0.0000,0.0000,5.0231,0,0,0,0,0.0,0.0,0,0,0,0,0.0000,0.0000,121.69,0,stuck
1779722077.235,crossing_person,0,fusion_with_risk_avoidance,1,0.0000,0.0000,0.0000,8.00,0.00,8.0000,0.0000,0.0000,5.0359,0,0,0,0,0.0,0.0,0,0,0,0,0.0000,0.0000,121.79,0,stuck
1779722077.335,crossing_person,0,fusion_with_risk_avoidance,1,0.0000,0.0000,0.0000,8.00,0.00,8.0000,0.0000,0.0000,5.0516,0,0,0,0,0.0,0.0,0,0,0,0,0.0000,0.0000,121.89,0,stuck
1779722077.435,crossing_person,0,fusion_with_risk_avoidance,1,0.0000,0.0000,0.0000,8.00,0.00,8.0000,0.0000,0.0000,5.0701,0,0,0,0,0.0,0.0,0,0,0,0,0.0000,0.0000,121.99,0,stuck
1779722077.535,crossing_person,0,fusion_with_risk_avoidance,1,0.0000,0.0000,0.0000,8.00,0.00,8.0000,0.0000,0.0000,5.0914,0,0,0,0,0.0,0.0,0,0,0,0,0.0000,0.0000,122.09,0,stuck
1779722077.635,crossing_person,0,fusion_with_risk_avoidance,1,0.0000,0.0000,0.0000,8.00,0.00,8.0000,0.0000,0.0000,5.1154,0,0,0,0,0.0,0.0,0,0,0,0,0.0000,0.0000,122.19,0,stuck
1779722077.735,crossing_person,0,fusion_with_risk_avoidance,1,0.0000,0.0000,0.0000,8.00,0.00,8.0000,0.0000,0.0000,5.1421,0,0,0,0,0.0,0.0,0,0,0,0,0.0000,0.0000,122.29,0,stuck
1779722077.835,crossing_person,0,fusion_with_risk_avoidance,1,0.0000,0.0000,0.0000,8.00,0.00,8.0000,0.0000,0.0000,5.1714,0,0,0,0,0.0,0.0,0,0,0,0,0.0000,0.0000,122.39,0,stuck
1779722077.935,crossing_person,0,fusion_with_risk_avoidance,1,0.0000,0.0000,0.0000,8.00,0.00,8.0000,0.0000,0.0000,5.2033,0,0,0,0,0.0,0.0,0,0,0,0,0.0000,0.0000,122.49,0,stuck
1779722078.035,crossing_person,0,fusion_with_risk_avoidance,1,0.0000,0.0000,0.0000,8.00,0.00,8.0000,0.0000,0.0000,5.2378,0,0,0,0,0.0,0.0,0,0,0,0,0.0000,0.0000,122.59,0,stuck
1779722078.135,crossing_person,0,fusion_with_risk_avoidance,1,0.0000,0.0000,0.0000,8.00,0.00,8.0000,0.0000,0.0000,5.2748,0,0,0,0,0.0,0.0,0,0,0,0,0.0000,0.0000,122.69,0,stuck
1779722078.235,crossing_person,0,fusion_with_risk_avoidance,1,0.0000,0.0000,0.0000,8.00,0.00,8.0000,0.0000,0.0000,5.3142,0,0,0,0,0.0,0.0,0,0,0,0,0.0000,0.0000,122.79,0,stuck
1779722078.337,crossing_person,0,fusion_with_risk_avoidance,1,0.0000,0.0000,0.0000,8.00,0.00,8.0000,0.0000,0.0000,5.3561,0,0,0,0,0.0,0.0,0,0,0,0,0.0000,0.0000,122.89,0,stuck
1779722078.437,crossing_person,0,fusion_with_risk_avoidance,1,0.0000,0.0000,0.0000,8.00,0.00,8.0000,0.0000,0.0000,5.3703,0,0,0,0,0.0,0.0,0,0,0,0,0.0000,0.0000,122.99,0,stuck
1779722078.535,crossing_person,0,fusion_with_risk_avoidance,1,0.0000,0.0000,0.0000,8.00,0.00,8.0000,0.0000,0.0000,5.3277,0,0,0,0,0.0,0.0,0,0,0,0,0.0000,0.0000,123.09,0,stuck
1779722078.635,crossing_person,0,fusion_with_risk_avoidance,1,0.0000,0.0000,0.0000,8.00,0.00,8.0000,0.0000,0.0000,5.2875,0,0,0,0,0.0,0.0,0,0,0,0,0.0000,0.0000,123.19,0,stuck
1779722078.735,crossing_person,0,fusion_with_risk_avoidance,1,0.0000,0.0000,0.0000,8.00,0.00,8.0000,0.0000,0.0000,5.2497,0,0,0,0,0.0,0.0,0,0,0,0,0.0000,0.0000,123.29,0,stuck
1779722078.835,crossing_person,0,fusion_with_risk_avoidance,1,0.0000,0.0000,0.0000,8.00,0.00,8.0000,0.0000,0.0000,5.2143,0,0,0,0,0.0,0.0,0,0,0,0,0.0000,0.0000,123.39,0,stuck
1779722078.935,crossing_person,0,fusion_with_risk_avoidance,1,0.0000,0.0000,0.0000,8.00,0.00,8.0000,0.0000,0.0000,5.1816,0,0,0,0,0.0,0.0,0,0,0,0,0.0000,0.0000,123.49,0,stuck
1779722079.035,crossing_person,0,fusion_with_risk_avoidance,1,0.0000,0.0000,0.0000,8.00,0.00,8.0000,0.0000,0.0000,5.1514,0,0,0,0,0.0,0.0,0,0,0,0,0.0000,0.0000,123.59,0,stuck
1779722079.135,crossing_person,0,fusion_with_risk_avoidance,1,0.0000,0.0000,0.0000,8.00,0.00,8.0000,0.0000,0.0000,5.1238,0,0,0,0,0.0,0.0,0,0,0,0,0.0000,0.0000,123.69,0,stuck
1779722079.238,crossing_person,0,fusion_with_risk_avoidance,1,0.0000,0.0000,0.0000,8.00,0.00,8.0000,0.0000,0.0000,5.0990,0,0,0,0,0.0,0.0,0,0,0,0,0.0000,0.0000,123.79,0,stuck
1779722079.335,crossing_person,0,fusion_with_risk_avoidance,1,0.0000,0.0000,0.0000,8.00,0.00,8.0000,0.0000,0.0000,5.0768,0,0,0,0,0.0,0.0,0,0,0,0,0.0000,0.0000,123.89,0,stuck
1779722079.435,crossing_person,0,fusion_with_risk_avoidance,1,0.0000,0.0000,0.0000,8.00,0.00,8.0000,0.0000,0.0000,5.0574,0,0,0,0,0.0,0.0,0,0,0,0,0.0000,0.0000,123.99,0,stuck
1779722079.535,crossing_person,0,fusion_with_risk_avoidance,1,0.0000,0.0000,0.0000,8.00,0.00,8.0000,0.0000,0.0000,5.0408,0,0,0,0,0.0,0.0,0,0,0,0,0.0000,0.0000,124.09,0,stuck
1779722079.636,crossing_person,0,fusion_with_risk_avoidance,1,0.0000,0.0000,0.0000,8.00,0.00,8.0000,0.0000,0.0000,5.0268,0,0,0,0,0.0,0.0,0,0,0,0,0.0000,0.0000,124.19,0,stuck
1779722079.735,crossing_person,0,fusion_with_risk_avoidance,1,0.0000,0.0000,0.0000,8.00,0.00,8.0000,0.0000,0.0000,5.0160,0,0,0,0,0.0,0.0,0,0,0,0,0.0000,0.0000,124.29,0,stuck
1779722079.835,crossing_person,0,fusion_with_risk_avoidance,1,0.0000,0.0000,0.0000,8.00,0.00,8.0000,0.0000,0.0000,5.0078,0,0,0,0,0.0,0.0,0,0,0,0,0.0000,0.0000,124.39,0,stuck
1779722079.935,crossing_person,0,fusion_with_risk_avoidance,1,0.0000,0.0000,0.0000,8.00,0.00,8.0000,0.0000,0.0000,5.0025,0,0,0,0,0.0,0.0,0,0,0,0,0.0000,0.0000,124.49,0,stuck
1779722080.035,crossing_person,0,fusion_with_risk_avoidance,1,0.0000,0.0000,0.0000,8.00,0.00,8.0000,0.0000,0.0000,5.0002,0,0,0,0,0.0,0.0,0,0,0,0,0.0000,0.0000,124.59,0,stuck
1779722080.135,crossing_person,0,fusion_with_risk_avoidance,1,0.0000,0.0000,0.0000,8.00,0.00,8.0000,0.0000,0.0000,5.0006,0,0,0,0,0.0,0.0,0,0,0,0,0.0000,0.0000,124.69,0,stuck
1779722080.235,crossing_person,0,fusion_with_risk_avoidance,1,0.0000,0.0000,0.0000,8.00,0.00,8.0000,0.0000,0.0000,5.0040,0,0,0,0,0.0,0.0,0,0,0,0,0.0000,0.0000,124.79,0,stuck
1779722080.335,crossing_person,0,fusion_with_risk_avoidance,1,0.0000,0.0000,0.0000,8.00,0.00,8.0000,0.0000,0.0000,5.0103,0,0,0,0,0.0,0.0,0,0,0,0,0.0000,0.0000,124.89,0,stuck
1779722080.435,crossing_person,0,fusion_with_risk_avoidance,1,0.0000,0.0000,0.0000,8.00,0.00,8.0000,0.0000,0.0000,5.0194,0,0,0,0,0.0,0.0,0,0,0,0,0.0000,0.0000,124.99,0,stuck
1779722080.535,crossing_person,0,fusion_with_risk_avoidance,1,0.0000,0.0000,0.0000,8.00,0.00,8.0000,0.0000,0.0000,5.0313,0,0,0,0,0.0,0.0,0,0,0,0,0.0000,0.0000,125.09,0,stuck
1779722080.635,crossing_person,0,fusion_with_risk_avoidance,1,0.0000,0.0000,0.0000,8.00,0.00,8.0000,0.0000,0.0000,5.0462,0,0,0,0,0.0,0.0,0,0,0,0,0.0000,0.0000,125.19,0,stuck
1779722080.735,crossing_person,0,fusion_with_risk_avoidance,1,0.0000,0.0000,0.0000,8.00,0.00,8.0000,0.0000,0.0000,5.0639,0,0,0,0,0.0,0.0,0,0,0,0,0.0000,0.0000,125.29,0,stuck
1779722080.835,crossing_person,0,fusion_with_risk_avoidance,1,0.0000,0.0000,0.0000,8.00,0.00,8.0000,0.0000,0.0000,5.0843,0,0,0,0,0.0,0.0,0,0,0,0,0.0000,0.0000,125.39,0,stuck
1779722080.935,crossing_person,0,fusion_with_risk_avoidance,1,0.0000,0.0000,0.0000,8.00,0.00,8.0000,0.0000,0.0000,5.1074,0,0,0,0,0.0,0.0,0,0,0,0,0.0000,0.0000,125.49,0,stuck
1779722081.035,crossing_person,0,fusion_with_risk_avoidance,1,0.0000,0.0000,0.0000,8.00,0.00,8.0000,0.0000,0.0000,5.1329,0,0,0,0,0.0,0.0,0,0,0,0,0.0000,0.0000,125.59,0,stuck
1779722081.135,crossing_person,0,fusion_with_risk_avoidance,1,0.0000,0.0000,0.0000,8.00,0.00,8.0000,0.0000,0.0000,5.1613,0,0,0,0,0.0,0.0,0,0,0,0,0.0000,0.0000,125.69,0,stuck
1779722081.235,crossing_person,0,fusion_with_risk_avoidance,1,0.0000,0.0000,0.0000,8.00,0.00,8.0000,0.0000,0.0000,5.1924,0,0,0,0,0.0,0.0,0,0,0,0,0.0000,0.0000,125.79,0,stuck
1779722081.335,crossing_person,0,fusion_with_risk_avoidance,1,0.0000,0.0000,0.0000,8.00,0.00,8.0000,0.0000,0.0000,5.2260,0,0,0,0,0.0,0.0,0,0,0,0,0.0000,0.0000,125.89,0,stuck
1779722081.435,crossing_person,0,fusion_with_risk_avoidance,1,0.0000,0.0000,0.0000,8.00,0.00,8.0000,0.0000,0.0000,5.2622,0,0,0,0,0.0,0.0,0,0,0,0,0.0000,0.0000,125.99,0,stuck
1779722081.535,crossing_person,0,fusion_with_risk_avoidance,1,0.0000,0.0000,0.0000,8.00,0.00,8.0000,0.0000,0.0000,5.3011,0,0,0,0,0.0,0.0,0,0,0,0,0.0000,0.0000,126.09,0,stuck
1779722081.635,crossing_person,0,fusion_with_risk_avoidance,1,0.0000,0.0000,0.0000,8.00,0.00,8.0000,0.0000,0.0000,5.3419,0,0,0,0,0.0,0.0,0,0,0,0,0.0000,0.0000,126.19,0,stuck
1779722081.735,crossing_person,0,fusion_with_risk_avoidance,1,0.0000,0.0000,0.0000,8.00,0.00,8.0000,0.0000,0.0000,5.3850,0,0,0,0,0.0,0.0,0,0,0,0,0.0000,0.0000,126.29,0,stuck
1779722081.835,crossing_person,0,fusion_with_risk_avoidance,1,0.0000,0.0000,0.0000,8.00,0.00,8.0000,0.0000,0.0000,5.3414,0,0,0,0,0.0,0.0,0,0,0,0,0.0000,0.0000,126.39,0,stuck
1779722081.936,crossing_person,0,fusion_with_risk_avoidance,1,0.0000,0.0000,0.0000,8.00,0.00,8.0000,0.0000,0.0000,5.3006,0,0,0,0,0.0,0.0,0,0,0,0,0.0000,0.0000,126.49,0,stuck
1779722082.035,crossing_person,0,fusion_with_risk_avoidance,1,0.0000,0.0000,0.0000,8.00,0.00,8.0000,0.0000,0.0000,5.2620,0,0,0,0,0.0,0.0,0,0,0,0,0.0000,0.0000,126.59,0,stuck
1779722082.135,crossing_person,0,fusion_with_risk_avoidance,1,0.0000,0.0000,0.0000,8.00,0.00,8.0000,0.0000,0.0000,5.2258,0,0,0,0,0.0,0.0,0,0,0,0,0.0000,0.0000,126.69,0,stuck
1779722082.235,crossing_person,0,fusion_with_risk_avoidance,1,0.0000,0.0000,0.0000,8.00,0.00,8.0000,0.0000,0.0000,5.1922,0,0,0,0,0.0,0.0,0,0,0,0,0.0000,0.0000,126.79,0,stuck
1779722082.335,crossing_person,0,fusion_with_risk_avoidance,1,0.0000,0.0000,0.0000,8.00,0.00,8.0000,0.0000,0.0000,5.1612,0,0,0,0,0.0,0.0,0,0,0,0,0.0000,0.0000,126.89,0,stuck
1779722082.435,crossing_person,0,fusion_with_risk_avoidance,1,0.0000,0.0000,0.0000,8.00,0.00,8.0000,0.0000,0.0000,5.1327,0,0,0,0,0.0,0.0,0,0,0,0,0.0000,0.0000,126.99,0,stuck
1779722082.535,crossing_person,0,fusion_with_risk_avoidance,1,0.0000,0.0000,0.0000,8.00,0.00,8.0000,0.0000,0.0000,5.1070,0,0,0,0,0.0,0.0,0,0,0,0,0.0000,0.0000,127.09,0,stuck
1779722082.635,crossing_person,0,fusion_with_risk_avoidance,1,0.0000,0.0000,0.0000,8.00,0.00,8.0000,0.0000,0.0000,5.0839,0,0,0,0,0.0,0.0,0,0,0,0,0.0000,0.0000,127.19,0,stuck
1779722082.735,crossing_person,0,fusion_with_risk_avoidance,1,0.0000,0.0000,0.0000,8.00,0.00,8.0000,0.0000,0.0000,5.0635,0,0,0,0,0.0,0.0,0,0,0,0,0.0000,0.0000,127.29,0,stuck
1779722082.835,crossing_person,0,fusion_with_risk_avoidance,1,0.0000,0.0000,0.0000,8.00,0.00,8.0000,0.0000,0.0000,5.0460,0,0,0,0,0.0,0.0,0,0,0,0,0.0000,0.0000,127.39,0,stuck
1779722082.935,crossing_person,0,fusion_with_risk_avoidance,1,0.0000,0.0000,0.0000,8.00,0.00,8.0000,0.0000,0.0000,5.0312,0,0,0,0,0.0,0.0,0,0,0,0,0.0000,0.0000,127.49,0,stuck
1779722083.035,crossing_person,0,fusion_with_risk_avoidance,1,0.0000,0.0000,0.0000,8.00,0.00,8.0000,0.0000,0.0000,5.0193,0,0,0,0,0.0,0.0,0,0,0,0,0.0000,0.0000,127.59,0,stuck
1779722083.135,crossing_person,0,fusion_with_risk_avoidance,1,0.0000,0.0000,0.0000,8.00,0.00,8.0000,0.0000,0.0000,5.0102,0,0,0,0,0.0,0.0,0,0,0,0,0.0000,0.0000,127.69,0,stuck
1779722083.235,crossing_person,0,fusion_with_risk_avoidance,1,0.0000,0.0000,0.0000,8.00,0.00,8.0000,0.0000,0.0000,5.0040,0,0,0,0,0.0,0.0,0,0,0,0,0.0000,0.0000,127.79,0,stuck
1779722083.335,crossing_person,0,fusion_with_risk_avoidance,1,0.0000,0.0000,0.0000,8.00,0.00,8.0000,0.0000,0.0000,5.0006,0,0,0,0,0.0,0.0,0,0,0,0,0.0000,0.0000,127.89,0,stuck
1779722083.435,crossing_person,0,fusion_with_risk_avoidance,1,0.0000,0.0000,0.0000,8.00,0.00,8.0000,0.0000,0.0000,5.0002,0,0,0,0,0.0,0.0,0,0,0,0,0.0000,0.0000,127.99,0,stuck
1779722083.535,crossing_person,0,fusion_with_risk_avoidance,1,0.0000,0.0000,0.0000,8.00,0.00,8.0000,0.0000,0.0000,5.0026,0,0,0,0,0.0,0.0,0,0,0,0,0.0000,0.0000,128.09,0,stuck
1779722083.635,crossing_person,0,fusion_with_risk_avoidance,1,0.0000,0.0000,0.0000,8.00,0.00,8.0000,0.0000,0.0000,5.0079,0,0,0,0,0.0,0.0,0,0,0,0,0.0000,0.0000,128.19,0,stuck
1779722083.735,crossing_person,0,fusion_with_risk_avoidance,1,0.0000,0.0000,0.0000,8.00,0.00,8.0000,0.0000,0.0000,5.0160,0,0,0,0,0.0,0.0,0,0,0,0,0.0000,0.0000,128.29,0,stuck
1779722083.835,crossing_person,0,fusion_with_risk_avoidance,1,0.0000,0.0000,0.0000,8.00,0.00,8.0000,0.0000,0.0000,5.0270,0,0,0,0,0.0,0.0,0,0,0,0,0.0000,0.0000,128.39,0,stuck
1779722083.935,crossing_person,0,fusion_with_risk_avoidance,1,0.0000,0.0000,0.0000,8.00,0.00,8.0000,0.0000,0.0000,5.0408,0,0,0,0,0.0,0.0,0,0,0,0,0.0000,0.0000,128.49,0,stuck
1779722084.035,crossing_person,0,fusion_with_risk_avoidance,1,0.0000,0.0000,0.0000,8.00,0.00,8.0000,0.0000,0.0000,5.0575,0,0,0,0,0.0,0.0,0,0,0,0,0.0000,0.0000,128.59,0,stuck
1779722084.135,crossing_person,0,fusion_with_risk_avoidance,1,0.0000,0.0000,0.0000,8.00,0.00,8.0000,0.0000,0.0000,5.0769,0,0,0,0,0.0,0.0,0,0,0,0,0.0000,0.0000,128.69,0,stuck
1779722084.235,crossing_person,0,fusion_with_risk_avoidance,1,0.0000,0.0000,0.0000,8.00,0.00,8.0000,0.0000,0.0000,5.0991,0,0,0,0,0.0,0.0,0,0,0,0,0.0000,0.0000,128.79,0,stuck
1779722084.335,crossing_person,0,fusion_with_risk_avoidance,1,0.0000,0.0000,0.0000,8.00,0.00,8.0000,0.0000,0.0000,5.1240,0,0,0,0,0.0,0.0,0,0,0,0,0.0000,0.0000,128.89,0,stuck
1779722084.435,crossing_person,0,fusion_with_risk_avoidance,1,0.0000,0.0000,0.0000,8.00,0.00,8.0000,0.0000,0.0000,5.1515,0,0,0,0,0.0,0.0,0,0,0,0,0.0000,0.0000,128.99,0,stuck
1779722084.535,crossing_person,0,fusion_with_risk_avoidance,1,0.0000,0.0000,0.0000,8.00,0.00,8.0000,0.0000,0.0000,5.1817,0,0,0,0,0.0,0.0,0,0,0,0,0.0000,0.0000,129.09,0,stuck
1779722084.635,crossing_person,0,fusion_with_risk_avoidance,1,0.0000,0.0000,0.0000,8.00,0.00,8.0000,0.0000,0.0000,5.2145,0,0,0,0,0.0,0.0,0,0,0,0,0.0000,0.0000,129.19,0,stuck
1779722084.735,crossing_person,0,fusion_with_risk_avoidance,1,0.0000,0.0000,0.0000,8.00,0.00,8.0000,0.0000,0.0000,5.2499,0,0,0,0,0.0,0.0,0,0,0,0,0.0000,0.0000,129.29,0,stuck
1779722084.835,crossing_person,0,fusion_with_risk_avoidance,1,0.0000,0.0000,0.0000,8.00,0.00,8.0000,0.0000,0.0000,5.2878,0,0,0,0,0.0,0.0,0,0,0,0,0.0000,0.0000,129.39,0,stuck
1779722084.935,crossing_person,0,fusion_with_risk_avoidance,1,0.0000,0.0000,0.0000,8.00,0.00,8.0000,0.0000,0.0000,5.3279,0,0,0,0,0.0,0.0,0,0,0,0,0.0000,0.0000,129.49,0,stuck
1779722085.035,crossing_person,0,fusion_with_risk_avoidance,1,0.0000,0.0000,0.0000,8.00,0.00,8.0000,0.0000,0.0000,5.3705,0,0,0,0,0.0,0.0,0,0,0,0,0.0000,0.0000,129.59,0,stuck
1779722085.135,crossing_person,0,fusion_with_risk_avoidance,1,0.0000,0.0000,0.0000,8.00,0.00,8.0000,0.0000,0.0000,5.3559,0,0,0,0,0.0,0.0,0,0,0,0,0.0000,0.0000,129.69,0,stuck
1779722085.235,crossing_person,0,fusion_with_risk_avoidance,1,0.0000,0.0000,0.0000,8.00,0.00,8.0000,0.0000,0.0000,5.3140,0,0,0,0,0.0,0.0,0,0,0,0,0.0000,0.0000,129.79,0,stuck
1779722085.335,crossing_person,0,fusion_with_risk_avoidance,1,0.0000,0.0000,0.0000,8.00,0.00,8.0000,0.0000,0.0000,5.2745,0,0,0,0,0.0,0.0,0,0,0,0,0.0000,0.0000,129.89,0,stuck
1779722085.435,crossing_person,0,fusion_with_risk_avoidance,1,0.0000,0.0000,0.0000,8.00,0.00,8.0000,0.0000,0.0000,5.2376,0,0,0,0,0.0,0.0,0,0,0,0,0.0000,0.0000,129.99,0,stuck
1779722085.535,crossing_person,0,fusion_with_risk_avoidance,1,0.0000,0.0000,0.0000,8.00,0.00,8.0000,0.0000,0.0000,5.2031,0,0,0,0,0.0,0.0,0,0,0,0,0.0000,0.0000,130.09,0,stuck
1779722085.635,crossing_person,0,fusion_with_risk_avoidance,1,0.0000,0.0000,0.0000,8.00,0.00,8.0000,0.0000,0.0000,5.1712,0,0,0,0,0.0,0.0,0,0,0,0,0.0000,0.0000,130.19,0,stuck
1779722085.735,crossing_person,0,fusion_with_risk_avoidance,1,0.0000,0.0000,0.0000,8.00,0.00,8.0000,0.0000,0.0000,5.1419,0,0,0,0,0.0,0.0,0,0,0,0,0.0000,0.0000,130.29,0,stuck
1779722085.835,crossing_person,0,fusion_with_risk_avoidance,1,0.0000,0.0000,0.0000,8.00,0.00,8.0000,0.0000,0.0000,5.1152,0,0,0,0,0.0,0.0,0,0,0,0,0.0000,0.0000,130.39,0,stuck
1779722085.935,crossing_person,0,fusion_with_risk_avoidance,1,0.0000,0.0000,0.0000,8.00,0.00,8.0000,0.0000,0.0000,5.0913,0,0,0,0,0.0,0.0,0,0,0,0,0.0000,0.0000,130.49,0,stuck
1779722086.035,crossing_person,0,fusion_with_risk_avoidance,1,0.0000,0.0000,0.0000,8.00,0.00,8.0000,0.0000,0.0000,5.0700,0,0,0,0,0.0,0.0,0,0,0,0,0.0000,0.0000,130.59,0,stuck
1779722086.135,crossing_person,0,fusion_with_risk_avoidance,1,0.0000,0.0000,0.0000,8.00,0.00,8.0000,0.0000,0.0000,5.0515,0,0,0,0,0.0,0.0,0,0,0,0,0.0000,0.0000,130.69,0,stuck
1779722086.235,crossing_person,0,fusion_with_risk_avoidance,1,0.0000,0.0000,0.0000,8.00,0.00,8.0000,0.0000,0.0000,5.0358,0,0,0,0,0.0,0.0,0,0,0,0,0.0000,0.0000,130.79,0,stuck
1779722086.335,crossing_person,0,fusion_with_risk_avoidance,1,0.0000,0.0000,0.0000,8.00,0.00,8.0000,0.0000,0.0000,5.0230,0,0,0,0,0.0,0.0,0,0,0,0,0.0000,0.0000,130.89,0,stuck
1779722086.435,crossing_person,0,fusion_with_risk_avoidance,1,0.0000,0.0000,0.0000,8.00,0.00,8.0000,0.0000,0.0000,5.0129,0,0,0,0,0.0,0.0,0,0,0,0,0.0000,0.0000,130.99,0,stuck
1779722086.535,crossing_person,0,fusion_with_risk_avoidance,1,0.0000,0.0000,0.0000,8.00,0.00,8.0000,0.0000,0.0000,5.0057,0,0,0,0,0.0,0.0,0,0,0,0,0.0000,0.0000,131.09,0,stuck
1779722086.635,crossing_person,0,fusion_with_risk_avoidance,1,0.0000,0.0000,0.0000,8.00,0.00,8.0000,0.0000,0.0000,5.0014,0,0,0,0,0.0,0.0,0,0,0,0,0.0000,0.0000,131.19,0,stuck
1779722086.735,crossing_person,0,fusion_with_risk_avoidance,1,0.0000,0.0000,0.0000,8.00,0.00,8.0000,0.0000,0.0000,5.0000,0,0,0,0,0.0,0.0,0,0,0,0,0.0000,0.0000,131.29,0,stuck
1779722086.835,crossing_person,0,fusion_with_risk_avoidance,1,0.0000,0.0000,0.0000,8.00,0.00,8.0000,0.0000,0.0000,5.0014,0,0,0,0,0.0,0.0,0,0,0,0,0.0000,0.0000,131.39,0,stuck
1779722086.935,crossing_person,0,fusion_with_risk_avoidance,1,0.0000,0.0000,0.0000,8.00,0.00,8.0000,0.0000,0.0000,5.0058,0,0,0,0,0.0,0.0,0,0,0,0,0.0000,0.0000,131.49,0,stuck
1779722087.035,crossing_person,0,fusion_with_risk_avoidance,1,0.0000,0.0000,0.0000,8.00,0.00,8.0000,0.0000,0.0000,5.0130,0,0,0,0,0.0,0.0,0,0,0,0,0.0000,0.0000,131.59,0,stuck
1779722087.135,crossing_person,0,fusion_with_risk_avoidance,1,0.0000,0.0000,0.0000,8.00,0.00,8.0000,0.0000,0.0000,5.0232,0,0,0,0,0.0,0.0,0,0,0,0,0.0000,0.0000,131.69,0,stuck
1779722087.235,crossing_person,0,fusion_with_risk_avoidance,1,0.0000,0.0000,0.0000,8.00,0.00,8.0000,0.0000,0.0000,5.0359,0,0,0,0,0.0,0.0,0,0,0,0,0.0000,0.0000,131.79,0,stuck
1779722087.335,crossing_person,0,fusion_with_risk_avoidance,1,0.0000,0.0000,0.0000,8.00,0.00,8.0000,0.0000,0.0000,5.0516,0,0,0,0,0.0,0.0,0,0,0,0,0.0000,0.0000,131.89,0,stuck
1779722087.435,crossing_person,0,fusion_with_risk_avoidance,1,0.0000,0.0000,0.0000,8.00,0.00,8.0000,0.0000,0.0000,5.0701,0,0,0,0,0.0,0.0,0,0,0,0,0.0000,0.0000,131.99,0,stuck
1779722087.535,crossing_person,0,fusion_with_risk_avoidance,1,0.0000,0.0000,0.0000,8.00,0.00,8.0000,0.0000,0.0000,5.0914,0,0,0,0,0.0,0.0,0,0,0,0,0.0000,0.0000,132.09,0,stuck
1779722087.635,crossing_person,0,fusion_with_risk_avoidance,1,0.0000,0.0000,0.0000,8.00,0.00,8.0000,0.0000,0.0000,5.1154,0,0,0,0,0.0,0.0,0,0,0,0,0.0000,0.0000,132.19,0,stuck
1779722087.735,crossing_person,0,fusion_with_risk_avoidance,1,0.0000,0.0000,0.0000,8.00,0.00,8.0000,0.0000,0.0000,5.1421,0,0,0,0,0.0,0.0,0,0,0,0,0.0000,0.0000,132.29,0,stuck
1779722087.835,crossing_person,0,fusion_with_risk_avoidance,1,0.0000,0.0000,0.0000,8.00,0.00,8.0000,0.0000,0.0000,5.1714,0,0,0,0,0.0,0.0,0,0,0,0,0.0000,0.0000,132.39,0,stuck
1779722087.935,crossing_person,0,fusion_with_risk_avoidance,1,0.0000,0.0000,0.0000,8.00,0.00,8.0000,0.0000,0.0000,5.2033,0,0,0,0,0.0,0.0,0,0,0,0,0.0000,0.0000,132.49,0,stuck
1779722088.035,crossing_person,0,fusion_with_risk_avoidance,1,0.0000,0.0000,0.0000,8.00,0.00,8.0000,0.0000,0.0000,5.2378,0,0,0,0,0.0,0.0,0,0,0,0,0.0000,0.0000,132.59,0,stuck
1779722088.135,crossing_person,0,fusion_with_risk_avoidance,1,0.0000,0.0000,0.0000,8.00,0.00,8.0000,0.0000,0.0000,5.2748,0,0,0,0,0.0,0.0,0,0,0,0,0.0000,0.0000,132.69,0,stuck
1779722088.235,crossing_person,0,fusion_with_risk_avoidance,1,0.0000,0.0000,0.0000,8.00,0.00,8.0000,0.0000,0.0000,5.3142,0,0,0,0,0.0,0.0,0,0,0,0,0.0000,0.0000,132.79,0,stuck
1779722088.335,crossing_person,0,fusion_with_risk_avoidance,1,0.0000,0.0000,0.0000,8.00,0.00,8.0000,0.0000,0.0000,5.3561,0,0,0,0,0.0,0.0,0,0,0,0,0.0000,0.0000,132.89,0,stuck
1779722088.435,crossing_person,0,fusion_with_risk_avoidance,1,0.0000,0.0000,0.0000,8.00,0.00,8.0000,0.0000,0.0000,5.3703,0,0,0,0,0.0,0.0,0,0,0,0,0.0000,0.0000,132.99,0,stuck
1779722088.535,crossing_person,0,fusion_with_risk_avoidance,1,0.0000,0.0000,0.0000,8.00,0.00,8.0000,0.0000,0.0000,5.3277,0,0,0,0,0.0,0.0,0,0,0,0,0.0000,0.0000,133.09,0,stuck
1779722088.635,crossing_person,0,fusion_with_risk_avoidance,1,0.0000,0.0000,0.0000,8.00,0.00,8.0000,0.0000,0.0000,5.2875,0,0,0,0,0.0,0.0,0,0,0,0,0.0000,0.0000,133.19,0,stuck
1779722088.735,crossing_person,0,fusion_with_risk_avoidance,1,0.0000,0.0000,0.0000,8.00,0.00,8.0000,0.0000,0.0000,5.2497,0,0,0,0,0.0,0.0,0,0,0,0,0.0000,0.0000,133.29,0,stuck
1779722088.835,crossing_person,0,fusion_with_risk_avoidance,1,0.0000,0.0000,0.0000,8.00,0.00,8.0000,0.0000,0.0000,5.2143,0,0,0,0,0.0,0.0,0,0,0,0,0.0000,0.0000,133.39,0,stuck
1779722088.935,crossing_person,0,fusion_with_risk_avoidance,1,0.0000,0.0000,0.0000,8.00,0.00,8.0000,0.0000,0.0000,5.1816,0,0,0,0,0.0,0.0,0,0,0,0,0.0000,0.0000,133.49,0,stuck
1779722089.035,crossing_person,0,fusion_with_risk_avoidance,1,0.0000,0.0000,0.0000,8.00,0.00,8.0000,0.0000,0.0000,5.1514,0,0,0,0,0.0,0.0,0,0,0,0,0.0000,0.0000,133.59,0,stuck
1779722089.135,crossing_person,0,fusion_with_risk_avoidance,1,0.0000,0.0000,0.0000,8.00,0.00,8.0000,0.0000,0.0000,5.1238,0,0,0,0,0.0,0.0,0,0,0,0,0.0000,0.0000,133.69,0,stuck
1779722089.235,crossing_person,0,fusion_with_risk_avoidance,1,0.0000,0.0000,0.0000,8.00,0.00,8.0000,0.0000,0.0000,5.0989,0,0,0,0,0.0,0.0,0,0,0,0,0.0000,0.0000,133.79,0,stuck
1779722089.335,crossing_person,0,fusion_with_risk_avoidance,1,0.0000,0.0000,0.0000,8.00,0.00,8.0000,0.0000,0.0000,5.0768,0,0,0,0,0.0,0.0,0,0,0,0,0.0000,0.0000,133.89,0,stuck
1779722089.435,crossing_person,0,fusion_with_risk_avoidance,1,0.0000,0.0000,0.0000,8.00,0.00,8.0000,0.0000,0.0000,5.0574,0,0,0,0,0.0,0.0,0,0,0,0,0.0000,0.0000,133.99,0,stuck
1779722089.535,crossing_person,0,fusion_with_risk_avoidance,1,0.0000,0.0000,0.0000,8.00,0.00,8.0000,0.0000,0.0000,5.0407,0,0,0,0,0.0,0.0,0,0,0,0,0.0000,0.0000,134.09,0,stuck
1779722089.635,crossing_person,0,fusion_with_risk_avoidance,1,0.0000,0.0000,0.0000,8.00,0.00,8.0000,0.0000,0.0000,5.0269,0,0,0,0,0.0,0.0,0,0,0,0,0.0000,0.0000,134.19,0,stuck
1779722089.735,crossing_person,0,fusion_with_risk_avoidance,1,0.0000,0.0000,0.0000,8.00,0.00,8.0000,0.0000,0.0000,5.0160,0,0,0,0,0.0,0.0,0,0,0,0,0.0000,0.0000,134.29,0,stuck
1779722089.835,crossing_person,0,fusion_with_risk_avoidance,1,0.0000,0.0000,0.0000,8.00,0.00,8.0000,0.0000,0.0000,5.0078,0,0,0,0,0.0,0.0,0,0,0,0,0.0000,0.0000,134.39,0,stuck
1779722089.935,crossing_person,0,fusion_with_risk_avoidance,1,0.0000,0.0000,0.0000,8.00,0.00,8.0000,0.0000,0.0000,5.0025,0,0,0,0,0.0,0.0,0,0,0,0,0.0000,0.0000,134.49,0,stuck
1779722090.035,crossing_person,0,fusion_with_risk_avoidance,1,0.0000,0.0000,0.0000,8.00,0.00,8.0000,0.0000,0.0000,5.0002,0,0,0,0,0.0,0.0,0,0,0,0,0.0000,0.0000,134.59,0,stuck
1779722090.135,crossing_person,0,fusion_with_risk_avoidance,1,0.0000,0.0000,0.0000,8.00,0.00,8.0000,0.0000,0.0000,5.0006,0,0,0,0,0.0,0.0,0,0,0,0,0.0000,0.0000,134.69,0,stuck
1779722090.235,crossing_person,0,fusion_with_risk_avoidance,1,0.0000,0.0000,0.0000,8.00,0.00,8.0000,0.0000,0.0000,5.0041,0,0,0,0,0.0,0.0,0,0,0,0,0.0000,0.0000,134.79,0,stuck
1779722090.335,crossing_person,0,fusion_with_risk_avoidance,1,0.0000,0.0000,0.0000,8.00,0.00,8.0000,0.0000,0.0000,5.0102,0,0,0,0,0.0,0.0,0,0,0,0,0.0000,0.0000,134.89,0,stuck
1779722090.435,crossing_person,0,fusion_with_risk_avoidance,1,0.0000,0.0000,0.0000,8.00,0.00,8.0000,0.0000,0.0000,5.0194,0,0,0,0,0.0,0.0,0,0,0,0,0.0000,0.0000,134.99,0,stuck
1779722090.535,crossing_person,0,fusion_with_risk_avoidance,1,0.0000,0.0000,0.0000,8.00,0.00,8.0000,0.0000,0.0000,5.0313,0,0,0,0,0.0,0.0,0,0,0,0,0.0000,0.0000,135.09,0,stuck
1779722090.635,crossing_person,0,fusion_with_risk_avoidance,1,0.0000,0.0000,0.0000,8.00,0.00,8.0000,0.0000,0.0000,5.0462,0,0,0,0,0.0,0.0,0,0,0,0,0.0000,0.0000,135.19,0,stuck
1779722090.735,crossing_person,0,fusion_with_risk_avoidance,1,0.0000,0.0000,0.0000,8.00,0.00,8.0000,0.0000,0.0000,5.0636,0,0,0,0,0.0,0.0,0,0,0,0,0.0000,0.0000,135.29,0,stuck
1779722090.835,crossing_person,0,fusion_with_risk_avoidance,1,0.0000,0.0000,0.0000,8.00,0.00,8.0000,0.0000,0.0000,5.0840,0,0,0,0,0.0,0.0,0,0,0,0,0.0000,0.0000,135.39,0,stuck
1779722090.935,crossing_person,0,fusion_with_risk_avoidance,1,0.0000,0.0000,0.0000,8.00,0.00,8.0000,0.0000,0.0000,5.1071,0,0,0,0,0.0,0.0,0,0,0,0,0.0000,0.0000,135.49,0,stuck
1779722091.035,crossing_person,0,fusion_with_risk_avoidance,1,0.0000,0.0000,0.0000,8.00,0.00,8.0000,0.0000,0.0000,5.1329,0,0,0,0,0.0,0.0,0,0,0,0,0.0000,0.0000,135.59,0,stuck
1779722091.135,crossing_person,0,fusion_with_risk_avoidance,1,0.0000,0.0000,0.0000,8.00,0.00,8.0000,0.0000,0.0000,5.1613,0,0,0,0,0.0,0.0,0,0,0,0,0.0000,0.0000,135.69,0,stuck
1779722091.235,crossing_person,0,fusion_with_risk_avoidance,1,0.0000,0.0000,0.0000,8.00,0.00,8.0000,0.0000,0.0000,5.1924,0,0,0,0,0.0,0.0,0,0,0,0,0.0000,0.0000,135.79,0,stuck
1779722091.335,crossing_person,0,fusion_with_risk_avoidance,1,0.0000,0.0000,0.0000,8.00,0.00,8.0000,0.0000,0.0000,5.2260,0,0,0,0,0.0,0.0,0,0,0,0,0.0000,0.0000,135.89,0,stuck
1779722091.435,crossing_person,0,fusion_with_risk_avoidance,1,0.0000,0.0000,0.0000,8.00,0.00,8.0000,0.0000,0.0000,5.2623,0,0,0,0,0.0,0.0,0,0,0,0,0.0000,0.0000,135.99,0,stuck
1779722091.535,crossing_person,0,fusion_with_risk_avoidance,1,0.0000,0.0000,0.0000,8.00,0.00,8.0000,0.0000,0.0000,5.3008,0,0,0,0,0.0,0.0,0,0,0,0,0.0000,0.0000,136.09,0,stuck
1779722091.635,crossing_person,0,fusion_with_risk_avoidance,1,0.0000,0.0000,0.0000,8.00,0.00,8.0000,0.0000,0.0000,5.3419,0,0,0,0,0.0,0.0,0,0,0,0,0.0000,0.0000,136.19,0,stuck
1779722091.735,crossing_person,0,fusion_with_risk_avoidance,1,0.0000,0.0000,0.0000,8.00,0.00,8.0000,0.0000,0.0000,5.3850,0,0,0,0,0.0,0.0,0,0,0,0,0.0000,0.0000,136.29,0,stuck
1779722091.835,crossing_person,0,fusion_with_risk_avoidance,1,0.0000,0.0000,0.0000,8.00,0.00,8.0000,0.0000,0.0000,5.3417,0,0,0,0,0.0,0.0,0,0,0,0,0.0000,0.0000,136.39,0,stuck
1779722091.935,crossing_person,0,fusion_with_risk_avoidance,1,0.0000,0.0000,0.0000,8.00,0.00,8.0000,0.0000,0.0000,5.3006,0,0,0,0,0.0,0.0,0,0,0,0,0.0000,0.0000,136.49,0,stuck
1779722092.035,crossing_person,0,fusion_with_risk_avoidance,1,0.0000,0.0000,0.0000,8.00,0.00,8.0000,0.0000,0.0000,5.2620,0,0,0,0,0.0,0.0,0,0,0,0,0.0000,0.0000,136.59,0,stuck
1779722092.135,crossing_person,0,fusion_with_risk_avoidance,1,0.0000,0.0000,0.0000,8.00,0.00,8.0000,0.0000,0.0000,5.2259,0,0,0,0,0.0,0.0,0,0,0,0,0.0000,0.0000,136.69,0,stuck
1779722092.235,crossing_person,0,fusion_with_risk_avoidance,1,0.0000,0.0000,0.0000,8.00,0.00,8.0000,0.0000,0.0000,5.1922,0,0,0,0,0.0,0.0,0,0,0,0,0.0000,0.0000,136.79,0,stuck
1779722092.335,crossing_person,0,fusion_with_risk_avoidance,1,0.0000,0.0000,0.0000,8.00,0.00,8.0000,0.0000,0.0000,5.1612,0,0,0,0,0.0,0.0,0,0,0,0,0.0000,0.0000,136.89,0,stuck
1779722092.435,crossing_person,0,fusion_with_risk_avoidance,1,0.0000,0.0000,0.0000,8.00,0.00,8.0000,0.0000,0.0000,5.1327,0,0,0,0,0.0,0.0,0,0,0,0,0.0000,0.0000,136.99,0,stuck
1779722092.535,crossing_person,0,fusion_with_risk_avoidance,1,0.0000,0.0000,0.0000,8.00,0.00,8.0000,0.0000,0.0000,5.1069,0,0,0,0,0.0,0.0,0,0,0,0,0.0000,0.0000,137.09,0,stuck
1779722092.635,crossing_person,0,fusion_with_risk_avoidance,1,0.0000,0.0000,0.0000,8.00,0.00,8.0000,0.0000,0.0000,5.0839,0,0,0,0,0.0,0.0,0,0,0,0,0.0000,0.0000,137.19,0,stuck
1779722092.735,crossing_person,0,fusion_with_risk_avoidance,1,0.0000,0.0000,0.0000,8.00,0.00,8.0000,0.0000,0.0000,5.0635,0,0,0,0,0.0,0.0,0,0,0,0,0.0000,0.0000,137.29,0,stuck
1779722092.835,crossing_person,0,fusion_with_risk_avoidance,1,0.0000,0.0000,0.0000,8.00,0.00,8.0000,0.0000,0.0000,5.0460,0,0,0,0,0.0,0.0,0,0,0,0,0.0000,0.0000,137.39,0,stuck
1779722092.935,crossing_person,0,fusion_with_risk_avoidance,1,0.0000,0.0000,0.0000,8.00,0.00,8.0000,0.0000,0.0000,5.0312,0,0,0,0,0.0,0.0,0,0,0,0,0.0000,0.0000,137.49,0,stuck
1779722093.035,crossing_person,0,fusion_with_risk_avoidance,1,0.0000,0.0000,0.0000,8.00,0.00,8.0000,0.0000,0.0000,5.0193,0,0,0,0,0.0,0.0,0,0,0,0,0.0000,0.0000,137.59,0,stuck
1779722093.135,crossing_person,0,fusion_with_risk_avoidance,1,0.0000,0.0000,0.0000,8.00,0.00,8.0000,0.0000,0.0000,5.0102,0,0,0,0,0.0,0.0,0,0,0,0,0.0000,0.0000,137.69,0,stuck
1779722093.235,crossing_person,0,fusion_with_risk_avoidance,1,0.0000,0.0000,0.0000,8.00,0.00,8.0000,0.0000,0.0000,5.0040,0,0,0,0,0.0,0.0,0,0,0,0,0.0000,0.0000,137.79,0,stuck
1779722093.338,crossing_person,0,fusion_with_risk_avoidance,1,0.0000,0.0000,0.0000,8.00,0.00,8.0000,0.0000,0.0000,5.0006,0,0,0,0,0.0,0.0,0,0,0,0,0.0000,0.0000,137.89,0,stuck
1779722093.435,crossing_person,0,fusion_with_risk_avoidance,1,0.0000,0.0000,0.0000,8.00,0.00,8.0000,0.0000,0.0000,5.0002,0,0,0,0,0.0,0.0,0,0,0,0,0.0000,0.0000,137.99,0,stuck
1779722093.535,crossing_person,0,fusion_with_risk_avoidance,1,0.0000,0.0000,0.0000,8.00,0.00,8.0000,0.0000,0.0000,5.0026,0,0,0,0,0.0,0.0,0,0,0,0,0.0000,0.0000,138.09,0,stuck
1779722093.635,crossing_person,0,fusion_with_risk_avoidance,1,0.0000,0.0000,0.0000,8.00,0.00,8.0000,0.0000,0.0000,5.0079,0,0,0,0,0.0,0.0,0,0,0,0,0.0000,0.0000,138.19,0,stuck
1779722093.735,crossing_person,0,fusion_with_risk_avoidance,1,0.0000,0.0000,0.0000,8.00,0.00,8.0000,0.0000,0.0000,5.0160,0,0,0,0,0.0,0.0,0,0,0,0,0.0000,0.0000,138.29,0,stuck
1779722093.835,crossing_person,0,fusion_with_risk_avoidance,1,0.0000,0.0000,0.0000,8.00,0.00,8.0000,0.0000,0.0000,5.0270,0,0,0,0,0.0,0.0,0,0,0,0,0.0000,0.0000,138.39,0,stuck
1779722093.935,crossing_person,0,fusion_with_risk_avoidance,1,0.0000,0.0000,0.0000,8.00,0.00,8.0000,0.0000,0.0000,5.0409,0,0,0,0,0.0,0.0,0,0,0,0,0.0000,0.0000,138.49,0,stuck
1779722094.035,crossing_person,0,fusion_with_risk_avoidance,1,0.0000,0.0000,0.0000,8.00,0.00,8.0000,0.0000,0.0000,5.0575,0,0,0,0,0.0,0.0,0,0,0,0,0.0000,0.0000,138.59,0,stuck
1779722094.135,crossing_person,0,fusion_with_risk_avoidance,1,0.0000,0.0000,0.0000,8.00,0.00,8.0000,0.0000,0.0000,5.0769,0,0,0,0,0.0,0.0,0,0,0,0,0.0000,0.0000,138.69,0,stuck
1779722094.235,crossing_person,0,fusion_with_risk_avoidance,1,0.0000,0.0000,0.0000,8.00,0.00,8.0000,0.0000,0.0000,5.0991,0,0,0,0,0.0,0.0,0,0,0,0,0.0000,0.0000,138.79,0,stuck
1779722094.335,crossing_person,0,fusion_with_risk_avoidance,1,0.0000,0.0000,0.0000,8.00,0.00,8.0000,0.0000,0.0000,5.1240,0,0,0,0,0.0,0.0,0,0,0,0,0.0000,0.0000,138.89,0,stuck
1779722094.435,crossing_person,0,fusion_with_risk_avoidance,1,0.0000,0.0000,0.0000,8.00,0.00,8.0000,0.0000,0.0000,5.1516,0,0,0,0,0.0,0.0,0,0,0,0,0.0000,0.0000,138.99,0,stuck
1779722094.535,crossing_person,0,fusion_with_risk_avoidance,1,0.0000,0.0000,0.0000,8.00,0.00,8.0000,0.0000,0.0000,5.1817,0,0,0,0,0.0,0.0,0,0,0,0,0.0000,0.0000,139.09,0,stuck
1779722094.635,crossing_person,0,fusion_with_risk_avoidance,1,0.0000,0.0000,0.0000,8.00,0.00,8.0000,0.0000,0.0000,5.2145,0,0,0,0,0.0,0.0,0,0,0,0,0.0000,0.0000,139.19,0,stuck
1779722094.735,crossing_person,0,fusion_with_risk_avoidance,1,0.0000,0.0000,0.0000,8.00,0.00,8.0000,0.0000,0.0000,5.2499,0,0,0,0,0.0,0.0,0,0,0,0,0.0000,0.0000,139.29,0,stuck
1779722094.835,crossing_person,0,fusion_with_risk_avoidance,1,0.0000,0.0000,0.0000,8.00,0.00,8.0000,0.0000,0.0000,5.2877,0,0,0,0,0.0,0.0,0,0,0,0,0.0000,0.0000,139.39,0,stuck
1779722094.935,crossing_person,0,fusion_with_risk_avoidance,1,0.0000,0.0000,0.0000,8.00,0.00,8.0000,0.0000,0.0000,5.3279,0,0,0,0,0.0,0.0,0,0,0,0,0.0000,0.0000,139.49,0,stuck
1779722095.035,crossing_person,0,fusion_with_risk_avoidance,1,0.0000,0.0000,0.0000,8.00,0.00,8.0000,0.0000,0.0000,5.3705,0,0,0,0,0.0,0.0,0,0,0,0,0.0000,0.0000,139.59,0,stuck
1779722095.135,crossing_person,0,fusion_with_risk_avoidance,1,0.0000,0.0000,0.0000,8.00,0.00,8.0000,0.0000,0.0000,5.3559,0,0,0,0,0.0,0.0,0,0,0,0,0.0000,0.0000,139.69,0,stuck
1779722095.235,crossing_person,0,fusion_with_risk_avoidance,1,0.0000,0.0000,0.0000,8.00,0.00,8.0000,0.0000,0.0000,5.3140,0,0,0,0,0.0,0.0,0,0,0,0,0.0000,0.0000,139.79,0,stuck
1779722095.335,crossing_person,0,fusion_with_risk_avoidance,1,0.0000,0.0000,0.0000,8.00,0.00,8.0000,0.0000,0.0000,5.2746,0,0,0,0,0.0,0.0,0,0,0,0,0.0000,0.0000,139.89,0,stuck
1779722095.435,crossing_person,0,fusion_with_risk_avoidance,1,0.0000,0.0000,0.0000,8.00,0.00,8.0000,0.0000,0.0000,5.2374,0,0,0,0,0.0,0.0,0,0,0,0,0.0000,0.0000,139.99,0,stuck
1779722095.535,crossing_person,0,fusion_with_risk_avoidance,1,0.0000,0.0000,0.0000,8.00,0.00,8.0000,0.0000,0.0000,5.2031,0,0,0,0,0.0,0.0,0,0,0,0,0.0000,0.0000,140.09,0,stuck
1779722095.635,crossing_person,0,fusion_with_risk_avoidance,1,0.0000,0.0000,0.0000,8.00,0.00,8.0000,0.0000,0.0000,5.1712,0,0,0,0,0.0,0.0,0,0,0,0,0.0000,0.0000,140.19,0,stuck
1779722095.735,crossing_person,0,fusion_with_risk_avoidance,1,0.0000,0.0000,0.0000,8.00,0.00,8.0000,0.0000,0.0000,5.1419,0,0,0,0,0.0,0.0,0,0,0,0,0.0000,0.0000,140.29,0,stuck
1779722095.835,crossing_person,0,fusion_with_risk_avoidance,1,0.0000,0.0000,0.0000,8.00,0.00,8.0000,0.0000,0.0000,5.1152,0,0,0,0,0.0,0.0,0,0,0,0,0.0000,0.0000,140.39,0,stuck
1779722095.935,crossing_person,0,fusion_with_risk_avoidance,1,0.0000,0.0000,0.0000,8.00,0.00,8.0000,0.0000,0.0000,5.0913,0,0,0,0,0.0,0.0,0,0,0,0,0.0000,0.0000,140.49,0,stuck
1779722096.035,crossing_person,0,fusion_with_risk_avoidance,1,0.0000,0.0000,0.0000,8.00,0.00,8.0000,0.0000,0.0000,5.0700,0,0,0,0,0.0,0.0,0,0,0,0,0.0000,0.0000,140.59,0,stuck
1779722096.135,crossing_person,0,fusion_with_risk_avoidance,1,0.0000,0.0000,0.0000,8.00,0.00,8.0000,0.0000,0.0000,5.0515,0,0,0,0,0.0,0.0,0,0,0,0,0.0000,0.0000,140.69,0,stuck
1779722096.235,crossing_person,0,fusion_with_risk_avoidance,1,0.0000,0.0000,0.0000,8.00,0.00,8.0000,0.0000,0.0000,5.0358,0,0,0,0,0.0,0.0,0,0,0,0,0.0000,0.0000,140.79,0,stuck
1779722096.335,crossing_person,0,fusion_with_risk_avoidance,1,0.0000,0.0000,0.0000,8.00,0.00,8.0000,0.0000,0.0000,5.0230,0,0,0,0,0.0,0.0,0,0,0,0,0.0000,0.0000,140.89,0,stuck
1779722096.435,crossing_person,0,fusion_with_risk_avoidance,1,0.0000,0.0000,0.0000,8.00,0.00,8.0000,0.0000,0.0000,5.0129,0,0,0,0,0.0,0.0,0,0,0,0,0.0000,0.0000,140.99,0,stuck
1779722096.535,crossing_person,0,fusion_with_risk_avoidance,1,0.0000,0.0000,0.0000,8.00,0.00,8.0000,0.0000,0.0000,5.0057,0,0,0,0,0.0,0.0,0,0,0,0,0.0000,0.0000,141.09,0,stuck
1779722096.635,crossing_person,0,fusion_with_risk_avoidance,1,0.0000,0.0000,0.0000,8.00,0.00,8.0000,0.0000,0.0000,5.0014,0,0,0,0,0.0,0.0,0,0,0,0,0.0000,0.0000,141.19,0,stuck
1779722096.735,crossing_person,0,fusion_with_risk_avoidance,1,0.0000,0.0000,0.0000,8.00,0.00,8.0000,0.0000,0.0000,5.0000,0,0,0,0,0.0,0.0,0,0,0,0,0.0000,0.0000,141.29,0,stuck
1779722096.835,crossing_person,0,fusion_with_risk_avoidance,1,0.0000,0.0000,0.0000,8.00,0.00,8.0000,0.0000,0.0000,5.0015,0,0,0,0,0.0,0.0,0,0,0,0,0.0000,0.0000,141.39,0,stuck
1779722096.935,crossing_person,0,fusion_with_risk_avoidance,1,0.0000,0.0000,0.0000,8.00,0.00,8.0000,0.0000,0.0000,5.0058,0,0,0,0,0.0,0.0,0,0,0,0,0.0000,0.0000,141.49,0,stuck
1779722097.035,crossing_person,0,fusion_with_risk_avoidance,1,0.0000,0.0000,0.0000,8.00,0.00,8.0000,0.0000,0.0000,5.0130,0,0,0,0,0.0,0.0,0,0,0,0,0.0000,0.0000,141.59,0,stuck
1779722097.135,crossing_person,0,fusion_with_risk_avoidance,1,0.0000,0.0000,0.0000,8.00,0.00,8.0000,0.0000,0.0000,5.0230,0,0,0,0,0.0,0.0,0,0,0,0,0.0000,0.0000,141.69,0,stuck
1779722097.236,crossing_person,0,fusion_with_risk_avoidance,1,0.0000,0.0000,0.0000,8.00,0.00,8.0000,0.0000,0.0000,5.0359,0,0,0,0,0.0,0.0,0,0,0,0,0.0000,0.0000,141.79,0,stuck
1779722097.335,crossing_person,0,fusion_with_risk_avoidance,1,0.0000,0.0000,0.0000,8.00,0.00,8.0000,0.0000,0.0000,5.0516,0,0,0,0,0.0,0.0,0,0,0,0,0.0000,0.0000,141.89,0,stuck
1779722097.435,crossing_person,0,fusion_with_risk_avoidance,1,0.0000,0.0000,0.0000,8.00,0.00,8.0000,0.0000,0.0000,5.0701,0,0,0,0,0.0,0.0,0,0,0,0,0.0000,0.0000,141.99,0,stuck
1779722097.535,crossing_person,0,fusion_with_risk_avoidance,1,0.0000,0.0000,0.0000,8.00,0.00,8.0000,0.0000,0.0000,5.0914,0,0,0,0,0.0,0.0,0,0,0,0,0.0000,0.0000,142.09,0,stuck
1779722097.635,crossing_person,0,fusion_with_risk_avoidance,1,0.0000,0.0000,0.0000,8.00,0.00,8.0000,0.0000,0.0000,5.1154,0,0,0,0,0.0,0.0,0,0,0,0,0.0000,0.0000,142.19,0,stuck
1779722097.735,crossing_person,0,fusion_with_risk_avoidance,1,0.0000,0.0000,0.0000,8.00,0.00,8.0000,0.0000,0.0000,5.1425,0,0,0,0,0.0,0.0,0,0,0,0,0.0000,0.0000,142.29,0,stuck
1779722097.835,crossing_person,0,fusion_with_risk_avoidance,1,0.0000,0.0000,0.0000,8.00,0.00,8.0000,0.0000,0.0000,5.1714,0,0,0,0,0.0,0.0,0,0,0,0,0.0000,0.0000,142.39,0,stuck
1779722097.935,crossing_person,0,fusion_with_risk_avoidance,1,0.0000,0.0000,0.0000,8.00,0.00,8.0000,0.0000,0.0000,5.2034,0,0,0,0,0.0,0.0,0,0,0,0,0.0000,0.0000,142.49,0,stuck
1779722098.035,crossing_person,0,fusion_with_risk_avoidance,1,0.0000,0.0000,0.0000,8.00,0.00,8.0000,0.0000,0.0000,5.2378,0,0,0,0,0.0,0.0,0,0,0,0,0.0000,0.0000,142.59,0,stuck
1779722098.135,crossing_person,0,fusion_with_risk_avoidance,1,0.0000,0.0000,0.0000,8.00,0.00,8.0000,0.0000,0.0000,5.2748,0,0,0,0,0.0,0.0,0,0,0,0,0.0000,0.0000,142.69,0,stuck
1779722098.235,crossing_person,0,fusion_with_risk_avoidance,1,0.0000,0.0000,0.0000,8.00,0.00,8.0000,0.0000,0.0000,5.3143,0,0,0,0,0.0,0.0,0,0,0,0,0.0000,0.0000,142.79,0,stuck
1779722098.335,crossing_person,0,fusion_with_risk_avoidance,1,0.0000,0.0000,0.0000,8.00,0.00,8.0000,0.0000,0.0000,5.3561,0,0,0,0,0.0,0.0,0,0,0,0,0.0000,0.0000,142.89,0,stuck
1779722098.435,crossing_person,0,fusion_with_risk_avoidance,1,0.0000,0.0000,0.0000,8.00,0.00,8.0000,0.0000,0.0000,5.3703,0,0,0,0,0.0,0.0,0,0,0,0,0.0000,0.0000,142.99,0,stuck
1779722098.535,crossing_person,0,fusion_with_risk_avoidance,1,0.0000,0.0000,0.0000,8.00,0.00,8.0000,0.0000,0.0000,5.3276,0,0,0,0,0.0,0.0,0,0,0,0,0.0000,0.0000,143.09,0,stuck
1779722098.635,crossing_person,0,fusion_with_risk_avoidance,1,0.0000,0.0000,0.0000,8.00,0.00,8.0000,0.0000,0.0000,5.2875,0,0,0,0,0.0,0.0,0,0,0,0,0.0000,0.0000,143.19,0,stuck
1779722098.735,crossing_person,0,fusion_with_risk_avoidance,1,0.0000,0.0000,0.0000,8.00,0.00,8.0000,0.0000,0.0000,5.2497,0,0,0,0,0.0,0.0,0,0,0,0,0.0000,0.0000,143.29,0,stuck
1779722098.835,crossing_person,0,fusion_with_risk_avoidance,1,0.0000,0.0000,0.0000,8.00,0.00,8.0000,0.0000,0.0000,5.2144,0,0,0,0,0.0,0.0,0,0,0,0,0.0000,0.0000,143.39,0,stuck
1779722098.935,crossing_person,0,fusion_with_risk_avoidance,1,0.0000,0.0000,0.0000,8.00,0.00,8.0000,0.0000,0.0000,5.1816,0,0,0,0,0.0,0.0,0,0,0,0,0.0000,0.0000,143.49,0,stuck
1779722099.035,crossing_person,0,fusion_with_risk_avoidance,1,0.0000,0.0000,0.0000,8.00,0.00,8.0000,0.0000,0.0000,5.1514,0,0,0,0,0.0,0.0,0,0,0,0,0.0000,0.0000,143.59,0,stuck
1779722099.135,crossing_person,0,fusion_with_risk_avoidance,1,0.0000,0.0000,0.0000,8.00,0.00,8.0000,0.0000,0.0000,5.1238,0,0,0,0,0.0,0.0,0,0,0,0,0.0000,0.0000,143.69,0,stuck
1779722099.235,crossing_person,0,fusion_with_risk_avoidance,1,0.0000,0.0000,0.0000,8.00,0.00,8.0000,0.0000,0.0000,5.0989,0,0,0,0,0.0,0.0,0,0,0,0,0.0000,0.0000,143.79,0,stuck
1779722099.335,crossing_person,0,fusion_with_risk_avoidance,1,0.0000,0.0000,0.0000,8.00,0.00,8.0000,0.0000,0.0000,5.0768,0,0,0,0,0.0,0.0,0,0,0,0,0.0000,0.0000,143.89,0,stuck
1779722099.435,crossing_person,0,fusion_with_risk_avoidance,1,0.0000,0.0000,0.0000,8.00,0.00,8.0000,0.0000,0.0000,5.0574,0,0,0,0,0.0,0.0,0,0,0,0,0.0000,0.0000,143.99,0,stuck
1779722099.535,crossing_person,0,fusion_with_risk_avoidance,1,0.0000,0.0000,0.0000,8.00,0.00,8.0000,0.0000,0.0000,5.0408,0,0,0,0,0.0,0.0,0,0,0,0,0.0000,0.0000,144.09,0,stuck
1779722099.635,crossing_person,0,fusion_with_risk_avoidance,1,0.0000,0.0000,0.0000,8.00,0.00,8.0000,0.0000,0.0000,5.0269,0,0,0,0,0.0,0.0,0,0,0,0,0.0000,0.0000,144.19,0,stuck
1779722099.735,crossing_person,0,fusion_with_risk_avoidance,1,0.0000,0.0000,0.0000,8.00,0.00,8.0000,0.0000,0.0000,5.0158,0,0,0,0,0.0,0.0,0,0,0,0,0.0000,0.0000,144.29,0,stuck
1779722099.836,crossing_person,0,fusion_with_risk_avoidance,1,0.0000,0.0000,0.0000,8.00,0.00,8.0000,0.0000,0.0000,5.0078,0,0,0,0,0.0,0.0,0,0,0,0,0.0000,0.0000,144.39,0,stuck
1779722099.935,crossing_person,0,fusion_with_risk_avoidance,1,0.0000,0.0000,0.0000,8.00,0.00,8.0000,0.0000,0.0000,5.0025,0,0,0,0,0.0,0.0,0,0,0,0,0.0000,0.0000,144.49,0,stuck
1779722100.035,crossing_person,0,fusion_with_risk_avoidance,1,0.0000,0.0000,0.0000,8.00,0.00,8.0000,0.0000,0.0000,5.0002,0,0,0,0,0.0,0.0,0,0,0,0,0.0000,0.0000,144.59,0,stuck
1779722100.135,crossing_person,0,fusion_with_risk_avoidance,1,0.0000,0.0000,0.0000,8.00,0.00,8.0000,0.0000,0.0000,5.0007,0,0,0,0,0.0,0.0,0,0,0,0,0.0000,0.0000,144.69,0,stuck
1779722100.235,crossing_person,0,fusion_with_risk_avoidance,1,0.0000,0.0000,0.0000,8.00,0.00,8.0000,0.0000,0.0000,5.0040,0,0,0,0,0.0,0.0,0,0,0,0,0.0000,0.0000,144.79,0,stuck
1779722100.335,crossing_person,0,fusion_with_risk_avoidance,1,0.0000,0.0000,0.0000,8.00,0.00,8.0000,0.0000,0.0000,5.0103,0,0,0,0,0.0,0.0,0,0,0,0,0.0000,0.0000,144.89,0,stuck
1779722100.435,crossing_person,0,fusion_with_risk_avoidance,1,0.0000,0.0000,0.0000,8.00,0.00,8.0000,0.0000,0.0000,5.0194,0,0,0,0,0.0,0.0,0,0,0,0,0.0000,0.0000,144.99,0,stuck
1779722100.535,crossing_person,0,fusion_with_risk_avoidance,1,0.0000,0.0000,0.0000,8.00,0.00,8.0000,0.0000,0.0000,5.0314,0,0,0,0,0.0,0.0,0,0,0,0,0.0000,0.0000,145.09,0,stuck
1779722100.635,crossing_person,0,fusion_with_risk_avoidance,1,0.0000,0.0000,0.0000,8.00,0.00,8.0000,0.0000,0.0000,5.0461,0,0,0,0,0.0,0.0,0,0,0,0,0.0000,0.0000,145.19,0,stuck
1779722100.735,crossing_person,0,fusion_with_risk_avoidance,1,0.0000,0.0000,0.0000,8.00,0.00,8.0000,0.0000,0.0000,5.0636,0,0,0,0,0.0,0.0,0,0,0,0,0.0000,0.0000,145.29,0,stuck
1779722100.835,crossing_person,0,fusion_with_risk_avoidance,1,0.0000,0.0000,0.0000,8.00,0.00,8.0000,0.0000,0.0000,5.0840,0,0,0,0,0.0,0.0,0,0,0,0,0.0000,0.0000,145.39,0,stuck
1779722100.935,crossing_person,0,fusion_with_risk_avoidance,1,0.0000,0.0000,0.0000,8.00,0.00,8.0000,0.0000,0.0000,5.1071,0,0,0,0,0.0,0.0,0,0,0,0,0.0000,0.0000,145.49,0,stuck
1779722101.035,crossing_person,0,fusion_with_risk_avoidance,1,0.0000,0.0000,0.0000,8.00,0.00,8.0000,0.0000,0.0000,5.1329,0,0,0,0,0.0,0.0,0,0,0,0,0.0000,0.0000,145.59,0,stuck
1779722101.135,crossing_person,0,fusion_with_risk_avoidance,1,0.0000,0.0000,0.0000,8.00,0.00,8.0000,0.0000,0.0000,5.1613,0,0,0,0,0.0,0.0,0,0,0,0,0.0000,0.0000,145.69,0,stuck
1779722101.235,crossing_person,0,fusion_with_risk_avoidance,1,0.0000,0.0000,0.0000,8.00,0.00,8.0000,0.0000,0.0000,5.1924,0,0,0,0,0.0,0.0,0,0,0,0,0.0000,0.0000,145.79,0,stuck
1779722101.335,crossing_person,0,fusion_with_risk_avoidance,1,0.0000,0.0000,0.0000,8.00,0.00,8.0000,0.0000,0.0000,5.2260,0,0,0,0,0.0,0.0,0,0,0,0,0.0000,0.0000,145.89,0,stuck
1779722101.435,crossing_person,0,fusion_with_risk_avoidance,1,0.0000,0.0000,0.0000,8.00,0.00,8.0000,0.0000,0.0000,5.2622,0,0,0,0,0.0,0.0,0,0,0,0,0.0000,0.0000,145.99,0,stuck
1779722101.536,crossing_person,0,fusion_with_risk_avoidance,1,0.0000,0.0000,0.0000,8.00,0.00,8.0000,0.0000,0.0000,5.3008,0,0,0,0,0.0,0.0,0,0,0,0,0.0000,0.0000,146.09,0,stuck
1779722101.635,crossing_person,0,fusion_with_risk_avoidance,1,0.0000,0.0000,0.0000,8.00,0.00,8.0000,0.0000,0.0000,5.3419,0,0,0,0,0.0,0.0,0,0,0,0,0.0000,0.0000,146.19,0,stuck
1779722101.735,crossing_person,0,fusion_with_risk_avoidance,1,0.0000,0.0000,0.0000,8.00,0.00,8.0000,0.0000,0.0000,5.3850,0,0,0,0,0.0,0.0,0,0,0,0,0.0000,0.0000,146.29,0,stuck
1779722101.835,crossing_person,0,fusion_with_risk_avoidance,1,0.0000,0.0000,0.0000,8.00,0.00,8.0000,0.0000,0.0000,5.3417,0,0,0,0,0.0,0.0,0,0,0,0,0.0000,0.0000,146.39,0,stuck
1779722101.935,crossing_person,0,fusion_with_risk_avoidance,1,0.0000,0.0000,0.0000,8.00,0.00,8.0000,0.0000,0.0000,5.3006,0,0,0,0,0.0,0.0,0,0,0,0,0.0000,0.0000,146.49,0,stuck
1779722102.035,crossing_person,0,fusion_with_risk_avoidance,1,0.0000,0.0000,0.0000,8.00,0.00,8.0000,0.0000,0.0000,5.2620,0,0,0,0,0.0,0.0,0,0,0,0,0.0000,0.0000,146.59,0,stuck
1779722102.135,crossing_person,0,fusion_with_risk_avoidance,1,0.0000,0.0000,0.0000,8.00,0.00,8.0000,0.0000,0.0000,5.2258,0,0,0,0,0.0,0.0,0,0,0,0,0.0000,0.0000,146.69,0,stuck
1779722102.235,crossing_person,0,fusion_with_risk_avoidance,1,0.0000,0.0000,0.0000,8.00,0.00,8.0000,0.0000,0.0000,5.1922,0,0,0,0,0.0,0.0,0,0,0,0,0.0000,0.0000,146.79,0,stuck
1779722102.335,crossing_person,0,fusion_with_risk_avoidance,1,0.0000,0.0000,0.0000,8.00,0.00,8.0000,0.0000,0.0000,5.1612,0,0,0,0,0.0,0.0,0,0,0,0,0.0000,0.0000,146.89,0,stuck
1779722102.435,crossing_person,0,fusion_with_risk_avoidance,1,0.0000,0.0000,0.0000,8.00,0.00,8.0000,0.0000,0.0000,5.1327,0,0,0,0,0.0,0.0,0,0,0,0,0.0000,0.0000,146.99,0,stuck
1779722102.535,crossing_person,0,fusion_with_risk_avoidance,1,0.0000,0.0000,0.0000,8.00,0.00,8.0000,0.0000,0.0000,5.1069,0,0,0,0,0.0,0.0,0,0,0,0,0.0000,0.0000,147.09,0,stuck
1779722102.635,crossing_person,0,fusion_with_risk_avoidance,1,0.0000,0.0000,0.0000,8.00,0.00,8.0000,0.0000,0.0000,5.0839,0,0,0,0,0.0,0.0,0,0,0,0,0.0000,0.0000,147.19,0,stuck
1779722102.735,crossing_person,0,fusion_with_risk_avoidance,1,0.0000,0.0000,0.0000,8.00,0.00,8.0000,0.0000,0.0000,5.0635,0,0,0,0,0.0,0.0,0,0,0,0,0.0000,0.0000,147.29,0,stuck
1779722102.835,crossing_person,0,fusion_with_risk_avoidance,1,0.0000,0.0000,0.0000,8.00,0.00,8.0000,0.0000,0.0000,5.0460,0,0,0,0,0.0,0.0,0,0,0,0,0.0000,0.0000,147.39,0,stuck
1779722102.935,crossing_person,0,fusion_with_risk_avoidance,1,0.0000,0.0000,0.0000,8.00,0.00,8.0000,0.0000,0.0000,5.0312,0,0,0,0,0.0,0.0,0,0,0,0,0.0000,0.0000,147.49,0,stuck
1779722103.035,crossing_person,0,fusion_with_risk_avoidance,1,0.0000,0.0000,0.0000,8.00,0.00,8.0000,0.0000,0.0000,5.0193,0,0,0,0,0.0,0.0,0,0,0,0,0.0000,0.0000,147.59,0,stuck
1779722103.135,crossing_person,0,fusion_with_risk_avoidance,1,0.0000,0.0000,0.0000,8.00,0.00,8.0000,0.0000,0.0000,5.0102,0,0,0,0,0.0,0.0,0,0,0,0,0.0000,0.0000,147.69,0,stuck
1779722103.235,crossing_person,0,fusion_with_risk_avoidance,1,0.0000,0.0000,0.0000,8.00,0.00,8.0000,0.0000,0.0000,5.0040,0,0,0,0,0.0,0.0,0,0,0,0,0.0000,0.0000,147.79,0,stuck
1779722103.335,crossing_person,0,fusion_with_risk_avoidance,1,0.0000,0.0000,0.0000,8.00,0.00,8.0000,0.0000,0.0000,5.0006,0,0,0,0,0.0,0.0,0,0,0,0,0.0000,0.0000,147.89,0,stuck
1779722103.435,crossing_person,0,fusion_with_risk_avoidance,1,0.0000,0.0000,0.0000,8.00,0.00,8.0000,0.0000,0.0000,5.0002,0,0,0,0,0.0,0.0,0,0,0,0,0.0000,0.0000,147.99,0,stuck
1779722103.535,crossing_person,0,fusion_with_risk_avoidance,1,0.0000,0.0000,0.0000,8.00,0.00,8.0000,0.0000,0.0000,5.0026,0,0,0,0,0.0,0.0,0,0,0,0,0.0000,0.0000,148.09,0,stuck
1779722103.635,crossing_person,0,fusion_with_risk_avoidance,1,0.0000,0.0000,0.0000,8.00,0.00,8.0000,0.0000,0.0000,5.0079,0,0,0,0,0.0,0.0,0,0,0,0,0.0000,0.0000,148.19,0,stuck
1779722103.735,crossing_person,0,fusion_with_risk_avoidance,1,0.0000,0.0000,0.0000,8.00,0.00,8.0000,0.0000,0.0000,5.0160,0,0,0,0,0.0,0.0,0,0,0,0,0.0000,0.0000,148.29,0,stuck
1779722103.835,crossing_person,0,fusion_with_risk_avoidance,1,0.0000,0.0000,0.0000,8.00,0.00,8.0000,0.0000,0.0000,5.0270,0,0,0,0,0.0,0.0,0,0,0,0,0.0000,0.0000,148.39,0,stuck
1779722103.935,crossing_person,0,fusion_with_risk_avoidance,1,0.0000,0.0000,0.0000,8.00,0.00,8.0000,0.0000,0.0000,5.0408,0,0,0,0,0.0,0.0,0,0,0,0,0.0000,0.0000,148.49,0,stuck
1779722104.035,crossing_person,0,fusion_with_risk_avoidance,1,0.0000,0.0000,0.0000,8.00,0.00,8.0000,0.0000,0.0000,5.0575,0,0,0,0,0.0,0.0,0,0,0,0,0.0000,0.0000,148.59,0,stuck
1779722104.135,crossing_person,0,fusion_with_risk_avoidance,1,0.0000,0.0000,0.0000,8.00,0.00,8.0000,0.0000,0.0000,5.0769,0,0,0,0,0.0,0.0,0,0,0,0,0.0000,0.0000,148.69,0,stuck
1779722104.235,crossing_person,0,fusion_with_risk_avoidance,1,0.0000,0.0000,0.0000,8.00,0.00,8.0000,0.0000,0.0000,5.0991,0,0,0,0,0.0,0.0,0,0,0,0,0.0000,0.0000,148.79,0,stuck
1779722104.335,crossing_person,0,fusion_with_risk_avoidance,1,0.0000,0.0000,0.0000,8.00,0.00,8.0000,0.0000,0.0000,5.1240,0,0,0,0,0.0,0.0,0,0,0,0,0.0000,0.0000,148.89,0,stuck
1779722104.435,crossing_person,0,fusion_with_risk_avoidance,1,0.0000,0.0000,0.0000,8.00,0.00,8.0000,0.0000,0.0000,5.1515,0,0,0,0,0.0,0.0,0,0,0,0,0.0000,0.0000,148.99,0,stuck
1779722104.535,crossing_person,0,fusion_with_risk_avoidance,1,0.0000,0.0000,0.0000,8.00,0.00,8.0000,0.0000,0.0000,5.1817,0,0,0,0,0.0,0.0,0,0,0,0,0.0000,0.0000,149.09,0,stuck
1779722104.635,crossing_person,0,fusion_with_risk_avoidance,1,0.0000,0.0000,0.0000,8.00,0.00,8.0000,0.0000,0.0000,5.2146,0,0,0,0,0.0,0.0,0,0,0,0,0.0000,0.0000,149.19,0,stuck
1779722104.735,crossing_person,0,fusion_with_risk_avoidance,1,0.0000,0.0000,0.0000,8.00,0.00,8.0000,0.0000,0.0000,5.2500,0,0,0,0,0.0,0.0,0,0,0,0,0.0000,0.0000,149.29,0,stuck
1779722104.835,crossing_person,0,fusion_with_risk_avoidance,1,0.0000,0.0000,0.0000,8.00,0.00,8.0000,0.0000,0.0000,5.2878,0,0,0,0,0.0,0.0,0,0,0,0,0.0000,0.0000,149.39,0,stuck
1779722104.935,crossing_person,0,fusion_with_risk_avoidance,1,0.0000,0.0000,0.0000,8.00,0.00,8.0000,0.0000,0.0000,5.3279,0,0,0,0,0.0,0.0,0,0,0,0,0.0000,0.0000,149.49,0,stuck
1779722105.035,crossing_person,0,fusion_with_risk_avoidance,1,0.0000,0.0000,0.0000,8.00,0.00,8.0000,0.0000,0.0000,5.3705,0,0,0,0,0.0,0.0,0,0,0,0,0.0000,0.0000,149.59,0,stuck
1779722105.135,crossing_person,0,fusion_with_risk_avoidance,1,0.0000,0.0000,0.0000,8.00,0.00,8.0000,0.0000,0.0000,5.3559,0,0,0,0,0.0,0.0,0,0,0,0,0.0000,0.0000,149.69,0,stuck
1779722105.235,crossing_person,0,fusion_with_risk_avoidance,1,0.0000,0.0000,0.0000,8.00,0.00,8.0000,0.0000,0.0000,5.3140,0,0,0,0,0.0,0.0,0,0,0,0,0.0000,0.0000,149.79,0,stuck
1779722105.335,crossing_person,0,fusion_with_risk_avoidance,1,0.0000,0.0000,0.0000,8.00,0.00,8.0000,0.0000,0.0000,5.2746,0,0,0,0,0.0,0.0,0,0,0,0,0.0000,0.0000,149.89,0,stuck
1779722105.435,crossing_person,0,fusion_with_risk_avoidance,1,0.0000,0.0000,0.0000,8.00,0.00,8.0000,0.0000,0.0000,5.2376,0,0,0,0,0.0,0.0,0,0,0,0,0.0000,0.0000,149.99,0,stuck
1779722105.535,crossing_person,0,fusion_with_risk_avoidance,1,0.0000,0.0000,0.0000,8.00,0.00,8.0000,0.0000,0.0000,5.2031,0,0,0,0,0.0,0.0,0,0,0,0,0.0000,0.0000,150.09,0,stuck
1779722105.635,crossing_person,0,fusion_with_risk_avoidance,1,0.0000,0.0000,0.0000,8.00,0.00,8.0000,0.0000,0.0000,5.1712,0,0,0,0,0.0,0.0,0,0,0,0,0.0000,0.0000,150.19,0,stuck
1779722105.735,crossing_person,0,fusion_with_risk_avoidance,1,0.0000,0.0000,0.0000,8.00,0.00,8.0000,0.0000,0.0000,5.1419,0,0,0,0,0.0,0.0,0,0,0,0,0.0000,0.0000,150.29,0,stuck
1779722105.835,crossing_person,0,fusion_with_risk_avoidance,1,0.0000,0.0000,0.0000,8.00,0.00,8.0000,0.0000,0.0000,5.1152,0,0,0,0,0.0,0.0,0,0,0,0,0.0000,0.0000,150.39,0,stuck
1779722105.935,crossing_person,0,fusion_with_risk_avoidance,1,0.0000,0.0000,0.0000,8.00,0.00,8.0000,0.0000,0.0000,5.0913,0,0,0,0,0.0,0.0,0,0,0,0,0.0000,0.0000,150.49,0,stuck
1779722106.035,crossing_person,0,fusion_with_risk_avoidance,1,0.0000,0.0000,0.0000,8.00,0.00,8.0000,0.0000,0.0000,5.0700,0,0,0,0,0.0,0.0,0,0,0,0,0.0000,0.0000,150.59,0,stuck
1779722106.135,crossing_person,0,fusion_with_risk_avoidance,1,0.0000,0.0000,0.0000,8.00,0.00,8.0000,0.0000,0.0000,5.0515,0,0,0,0,0.0,0.0,0,0,0,0,0.0000,0.0000,150.69,0,stuck
1779722106.235,crossing_person,0,fusion_with_risk_avoidance,1,0.0000,0.0000,0.0000,8.00,0.00,8.0000,0.0000,0.0000,5.0358,0,0,0,0,0.0,0.0,0,0,0,0,0.0000,0.0000,150.79,0,stuck
1779722106.335,crossing_person,0,fusion_with_risk_avoidance,1,0.0000,0.0000,0.0000,8.00,0.00,8.0000,0.0000,0.0000,5.0230,0,0,0,0,0.0,0.0,0,0,0,0,0.0000,0.0000,150.89,0,stuck
1779722106.435,crossing_person,0,fusion_with_risk_avoidance,1,0.0000,0.0000,0.0000,8.00,0.00,8.0000,0.0000,0.0000,5.0129,0,0,0,0,0.0,0.0,0,0,0,0,0.0000,0.0000,150.99,0,stuck
1779722106.535,crossing_person,0,fusion_with_risk_avoidance,1,0.0000,0.0000,0.0000,8.00,0.00,8.0000,0.0000,0.0000,5.0057,0,0,0,0,0.0,0.0,0,0,0,0,0.0000,0.0000,151.09,0,stuck
1779722106.635,crossing_person,0,fusion_with_risk_avoidance,1,0.0000,0.0000,0.0000,8.00,0.00,8.0000,0.0000,0.0000,5.0014,0,0,0,0,0.0,0.0,0,0,0,0,0.0000,0.0000,151.19,0,stuck
1779722106.735,crossing_person,0,fusion_with_risk_avoidance,1,0.0000,0.0000,0.0000,8.00,0.00,8.0000,0.0000,0.0000,5.0000,0,0,0,0,0.0,0.0,0,0,0,0,0.0000,0.0000,151.29,0,stuck
1779722106.835,crossing_person,0,fusion_with_risk_avoidance,1,0.0000,0.0000,0.0000,8.00,0.00,8.0000,0.0000,0.0000,5.0014,0,0,0,0,0.0,0.0,0,0,0,0,0.0000,0.0000,151.39,0,stuck
1779722106.935,crossing_person,0,fusion_with_risk_avoidance,1,0.0000,0.0000,0.0000,8.00,0.00,8.0000,0.0000,0.0000,5.0058,0,0,0,0,0.0,0.0,0,0,0,0,0.0000,0.0000,151.49,0,stuck
1779722107.035,crossing_person,0,fusion_with_risk_avoidance,1,0.0000,0.0000,0.0000,8.00,0.00,8.0000,0.0000,0.0000,5.0130,0,0,0,0,0.0,0.0,0,0,0,0,0.0000,0.0000,151.59,0,stuck
1779722107.135,crossing_person,0,fusion_with_risk_avoidance,1,0.0000,0.0000,0.0000,8.00,0.00,8.0000,0.0000,0.0000,5.0230,0,0,0,0,0.0,0.0,0,0,0,0,0.0000,0.0000,151.69,0,stuck
1779722107.235,crossing_person,0,fusion_with_risk_avoidance,1,0.0000,0.0000,0.0000,8.00,0.00,8.0000,0.0000,0.0000,5.0359,0,0,0,0,0.0,0.0,0,0,0,0,0.0000,0.0000,151.79,0,stuck
1779722107.335,crossing_person,0,fusion_with_risk_avoidance,1,0.0000,0.0000,0.0000,8.00,0.00,8.0000,0.0000,0.0000,5.0516,0,0,0,0,0.0,0.0,0,0,0,0,0.0000,0.0000,151.89,0,stuck
1779722107.435,crossing_person,0,fusion_with_risk_avoidance,1,0.0000,0.0000,0.0000,8.00,0.00,8.0000,0.0000,0.0000,5.0701,0,0,0,0,0.0,0.0,0,0,0,0,0.0000,0.0000,151.99,0,stuck
1779722107.535,crossing_person,0,fusion_with_risk_avoidance,1,0.0000,0.0000,0.0000,8.00,0.00,8.0000,0.0000,0.0000,5.0914,0,0,0,0,0.0,0.0,0,0,0,0,0.0000,0.0000,152.09,0,stuck
1779722107.635,crossing_person,0,fusion_with_risk_avoidance,1,0.0000,0.0000,0.0000,8.00,0.00,8.0000,0.0000,0.0000,5.1154,0,0,0,0,0.0,0.0,0,0,0,0,0.0000,0.0000,152.19,0,stuck
1779722107.735,crossing_person,0,fusion_with_risk_avoidance,1,0.0000,0.0000,0.0000,8.00,0.00,8.0000,0.0000,0.0000,5.1421,0,0,0,0,0.0,0.0,0,0,0,0,0.0000,0.0000,152.29,0,stuck
1779722107.835,crossing_person,0,fusion_with_risk_avoidance,1,0.0000,0.0000,0.0000,8.00,0.00,8.0000,0.0000,0.0000,5.1714,0,0,0,0,0.0,0.0,0,0,0,0,0.0000,0.0000,152.39,0,stuck
1779722107.935,crossing_person,0,fusion_with_risk_avoidance,1,0.0000,0.0000,0.0000,8.00,0.00,8.0000,0.0000,0.0000,5.2033,0,0,0,0,0.0,0.0,0,0,0,0,0.0000,0.0000,152.49,0,stuck
1779722108.035,crossing_person,0,fusion_with_risk_avoidance,1,0.0000,0.0000,0.0000,8.00,0.00,8.0000,0.0000,0.0000,5.2378,0,0,0,0,0.0,0.0,0,0,0,0,0.0000,0.0000,152.59,0,stuck
1779722108.135,crossing_person,0,fusion_with_risk_avoidance,1,0.0000,0.0000,0.0000,8.00,0.00,8.0000,0.0000,0.0000,5.2748,0,0,0,0,0.0,0.0,0,0,0,0,0.0000,0.0000,152.69,0,stuck
1779722108.235,crossing_person,0,fusion_with_risk_avoidance,1,0.0000,0.0000,0.0000,8.00,0.00,8.0000,0.0000,0.0000,5.3142,0,0,0,0,0.0,0.0,0,0,0,0,0.0000,0.0000,152.79,0,stuck
1779722108.335,crossing_person,0,fusion_with_risk_avoidance,1,0.0000,0.0000,0.0000,8.00,0.00,8.0000,0.0000,0.0000,5.3561,0,0,0,0,0.0,0.0,0,0,0,0,0.0000,0.0000,152.89,0,stuck
1779722108.438,crossing_person,0,fusion_with_risk_avoidance,1,0.0000,0.0000,0.0000,8.00,0.00,8.0000,0.0000,0.0000,5.3703,0,0,0,0,0.0,0.0,0,0,0,0,0.0000,0.0000,152.99,0,stuck
1779722108.535,crossing_person,0,fusion_with_risk_avoidance,1,0.0000,0.0000,0.0000,8.00,0.00,8.0000,0.0000,0.0000,5.3277,0,0,0,0,0.0,0.0,0,0,0,0,0.0000,0.0000,153.09,0,stuck
1779722108.635,crossing_person,0,fusion_with_risk_avoidance,1,0.0000,0.0000,0.0000,8.00,0.00,8.0000,0.0000,0.0000,5.2875,0,0,0,0,0.0,0.0,0,0,0,0,0.0000,0.0000,153.19,0,stuck
1779722108.735,crossing_person,0,fusion_with_risk_avoidance,1,0.0000,0.0000,0.0000,8.00,0.00,8.0000,0.0000,0.0000,5.2497,0,0,0,0,0.0,0.0,0,0,0,0,0.0000,0.0000,153.29,0,stuck
1779722108.835,crossing_person,0,fusion_with_risk_avoidance,1,0.0000,0.0000,0.0000,8.00,0.00,8.0000,0.0000,0.0000,5.2144,0,0,0,0,0.0,0.0,0,0,0,0,0.0000,0.0000,153.39,0,stuck
1779722108.935,crossing_person,0,fusion_with_risk_avoidance,1,0.0000,0.0000,0.0000,8.00,0.00,8.0000,0.0000,0.0000,5.1816,0,0,0,0,0.0,0.0,0,0,0,0,0.0000,0.0000,153.49,0,stuck
1779722109.035,crossing_person,0,fusion_with_risk_avoidance,1,0.0000,0.0000,0.0000,8.00,0.00,8.0000,0.0000,0.0000,5.1514,0,0,0,0,0.0,0.0,0,0,0,0,0.0000,0.0000,153.59,0,stuck
1779722109.135,crossing_person,0,fusion_with_risk_avoidance,1,0.0000,0.0000,0.0000,8.00,0.00,8.0000,0.0000,0.0000,5.1238,0,0,0,0,0.0,0.0,0,0,0,0,0.0000,0.0000,153.69,0,stuck
1779722109.235,crossing_person,0,fusion_with_risk_avoidance,1,0.0000,0.0000,0.0000,8.00,0.00,8.0000,0.0000,0.0000,5.0990,0,0,0,0,0.0,0.0,0,0,0,0,0.0000,0.0000,153.79,0,stuck
1779722109.335,crossing_person,0,fusion_with_risk_avoidance,1,0.0000,0.0000,0.0000,8.00,0.00,8.0000,0.0000,0.0000,5.0768,0,0,0,0,0.0,0.0,0,0,0,0,0.0000,0.0000,153.89,0,stuck
1779722109.435,crossing_person,0,fusion_with_risk_avoidance,1,0.0000,0.0000,0.0000,8.00,0.00,8.0000,0.0000,0.0000,5.0574,0,0,0,0,0.0,0.0,0,0,0,0,0.0000,0.0000,153.99,0,stuck
1779722109.535,crossing_person,0,fusion_with_risk_avoidance,1,0.0000,0.0000,0.0000,8.00,0.00,8.0000,0.0000,0.0000,5.0408,0,0,0,0,0.0,0.0,0,0,0,0,0.0000,0.0000,154.09,0,stuck
1779722109.635,crossing_person,0,fusion_with_risk_avoidance,1,0.0000,0.0000,0.0000,8.00,0.00,8.0000,0.0000,0.0000,5.0269,0,0,0,0,0.0,0.0,0,0,0,0,0.0000,0.0000,154.19,0,stuck
1779722109.735,crossing_person,0,fusion_with_risk_avoidance,1,0.0000,0.0000,0.0000,8.00,0.00,8.0000,0.0000,0.0000,5.0160,0,0,0,0,0.0,0.0,0,0,0,0,0.0000,0.0000,154.29,0,stuck
1779722109.835,crossing_person,0,fusion_with_risk_avoidance,1,0.0000,0.0000,0.0000,8.00,0.00,8.0000,0.0000,0.0000,5.0078,0,0,0,0,0.0,0.0,0,0,0,0,0.0000,0.0000,154.39,0,stuck
1779722109.935,crossing_person,0,fusion_with_risk_avoidance,1,0.0000,0.0000,0.0000,8.00,0.00,8.0000,0.0000,0.0000,5.0026,0,0,0,0,0.0,0.0,0,0,0,0,0.0000,0.0000,154.49,0,stuck
1779722110.035,crossing_person,0,fusion_with_risk_avoidance,1,0.0000,0.0000,0.0000,8.00,0.00,8.0000,0.0000,0.0000,5.0002,0,0,0,0,0.0,0.0,0,0,0,0,0.0000,0.0000,154.59,0,stuck
1779722110.135,crossing_person,0,fusion_with_risk_avoidance,1,0.0000,0.0000,0.0000,8.00,0.00,8.0000,0.0000,0.0000,5.0006,0,0,0,0,0.0,0.0,0,0,0,0,0.0000,0.0000,154.69,0,stuck
1779722110.235,crossing_person,0,fusion_with_risk_avoidance,1,0.0000,0.0000,0.0000,8.00,0.00,8.0000,0.0000,0.0000,5.0040,0,0,0,0,0.0,0.0,0,0,0,0,0.0000,0.0000,154.79,0,stuck
1779722110.335,crossing_person,0,fusion_with_risk_avoidance,1,0.0000,0.0000,0.0000,8.00,0.00,8.0000,0.0000,0.0000,5.0102,0,0,0,0,0.0,0.0,0,0,0,0,0.0000,0.0000,154.89,0,stuck
1779722110.435,crossing_person,0,fusion_with_risk_avoidance,1,0.0000,0.0000,0.0000,8.00,0.00,8.0000,0.0000,0.0000,5.0193,0,0,0,0,0.0,0.0,0,0,0,0,0.0000,0.0000,154.99,0,stuck
1779722110.535,crossing_person,0,fusion_with_risk_avoidance,1,0.0000,0.0000,0.0000,8.00,0.00,8.0000,0.0000,0.0000,5.0313,0,0,0,0,0.0,0.0,0,0,0,0,0.0000,0.0000,155.09,0,stuck
1779722110.635,crossing_person,0,fusion_with_risk_avoidance,1,0.0000,0.0000,0.0000,8.00,0.00,8.0000,0.0000,0.0000,5.0461,0,0,0,0,0.0,0.0,0,0,0,0,0.0000,0.0000,155.19,0,stuck
1779722110.735,crossing_person,0,fusion_with_risk_avoidance,1,0.0000,0.0000,0.0000,8.00,0.00,8.0000,0.0000,0.0000,5.0636,0,0,0,0,0.0,0.0,0,0,0,0,0.0000,0.0000,155.29,0,stuck
1779722110.835,crossing_person,0,fusion_with_risk_avoidance,1,0.0000,0.0000,0.0000,8.00,0.00,8.0000,0.0000,0.0000,5.0840,0,0,0,0,0.0,0.0,0,0,0,0,0.0000,0.0000,155.39,0,stuck
1779722110.935,crossing_person,0,fusion_with_risk_avoidance,1,0.0000,0.0000,0.0000,8.00,0.00,8.0000,0.0000,0.0000,5.1071,0,0,0,0,0.0,0.0,0,0,0,0,0.0000,0.0000,155.49,0,stuck
1779722111.035,crossing_person,0,fusion_with_risk_avoidance,1,0.0000,0.0000,0.0000,8.00,0.00,8.0000,0.0000,0.0000,5.1329,0,0,0,0,0.0,0.0,0,0,0,0,0.0000,0.0000,155.59,0,stuck
1779722111.135,crossing_person,0,fusion_with_risk_avoidance,1,0.0000,0.0000,0.0000,8.00,0.00,8.0000,0.0000,0.0000,5.1613,0,0,0,0,0.0,0.0,0,0,0,0,0.0000,0.0000,155.69,0,stuck
1779722111.235,crossing_person,0,fusion_with_risk_avoidance,1,0.0000,0.0000,0.0000,8.00,0.00,8.0000,0.0000,0.0000,5.1925,0,0,0,0,0.0,0.0,0,0,0,0,0.0000,0.0000,155.79,0,stuck
1779722111.335,crossing_person,0,fusion_with_risk_avoidance,1,0.0000,0.0000,0.0000,8.00,0.00,8.0000,0.0000,0.0000,5.2262,0,0,0,0,0.0,0.0,0,0,0,0,0.0000,0.0000,155.89,0,stuck
1779722111.435,crossing_person,0,fusion_with_risk_avoidance,1,0.0000,0.0000,0.0000,8.00,0.00,8.0000,0.0000,0.0000,5.2622,0,0,0,0,0.0,0.0,0,0,0,0,0.0000,0.0000,155.99,0,stuck
1779722111.535,crossing_person,0,fusion_with_risk_avoidance,1,0.0000,0.0000,0.0000,8.00,0.00,8.0000,0.0000,0.0000,5.3008,0,0,0,0,0.0,0.0,0,0,0,0,0.0000,0.0000,156.09,0,stuck
1779722111.635,crossing_person,0,fusion_with_risk_avoidance,1,0.0000,0.0000,0.0000,8.00,0.00,8.0000,0.0000,0.0000,5.3419,0,0,0,0,0.0,0.0,0,0,0,0,0.0000,0.0000,156.19,0,stuck
1779722111.735,crossing_person,0,fusion_with_risk_avoidance,1,0.0000,0.0000,0.0000,8.00,0.00,8.0000,0.0000,0.0000,5.3851,0,0,0,0,0.0,0.0,0,0,0,0,0.0000,0.0000,156.29,0,stuck
1779722111.835,crossing_person,0,fusion_with_risk_avoidance,1,0.0000,0.0000,0.0000,8.00,0.00,8.0000,0.0000,0.0000,5.3417,0,0,0,0,0.0,0.0,0,0,0,0,0.0000,0.0000,156.39,0,stuck
1779722111.935,crossing_person,0,fusion_with_risk_avoidance,1,0.0000,0.0000,0.0000,8.00,0.00,8.0000,0.0000,0.0000,5.3006,0,0,0,0,0.0,0.0,0,0,0,0,0.0000,0.0000,156.49,0,stuck
1779722112.035,crossing_person,0,fusion_with_risk_avoidance,1,0.0000,0.0000,0.0000,8.00,0.00,8.0000,0.0000,0.0000,5.2620,0,0,0,0,0.0,0.0,0,0,0,0,0.0000,0.0000,156.59,0,stuck
1779722112.135,crossing_person,0,fusion_with_risk_avoidance,1,0.0000,0.0000,0.0000,8.00,0.00,8.0000,0.0000,0.0000,5.2259,0,0,0,0,0.0,0.0,0,0,0,0,0.0000,0.0000,156.69,0,stuck
1779722112.235,crossing_person,0,fusion_with_risk_avoidance,1,0.0000,0.0000,0.0000,8.00,0.00,8.0000,0.0000,0.0000,5.1922,0,0,0,0,0.0,0.0,0,0,0,0,0.0000,0.0000,156.79,0,stuck
1779722112.335,crossing_person,0,fusion_with_risk_avoidance,1,0.0000,0.0000,0.0000,8.00,0.00,8.0000,0.0000,0.0000,5.1611,0,0,0,0,0.0,0.0,0,0,0,0,0.0000,0.0000,156.89,0,stuck
1779722112.435,crossing_person,0,fusion_with_risk_avoidance,1,0.0000,0.0000,0.0000,8.00,0.00,8.0000,0.0000,0.0000,5.1327,0,0,0,0,0.0,0.0,0,0,0,0,0.0000,0.0000,156.99,0,stuck
1779722112.535,crossing_person,0,fusion_with_risk_avoidance,1,0.0000,0.0000,0.0000,8.00,0.00,8.0000,0.0000,0.0000,5.1069,0,0,0,0,0.0,0.0,0,0,0,0,0.0000,0.0000,157.09,0,stuck
1779722112.635,crossing_person,0,fusion_with_risk_avoidance,1,0.0000,0.0000,0.0000,8.00,0.00,8.0000,0.0000,0.0000,5.0839,0,0,0,0,0.0,0.0,0,0,0,0,0.0000,0.0000,157.19,0,stuck
1779722112.735,crossing_person,0,fusion_with_risk_avoidance,1,0.0000,0.0000,0.0000,8.00,0.00,8.0000,0.0000,0.0000,5.0635,0,0,0,0,0.0,0.0,0,0,0,0,0.0000,0.0000,157.29,0,stuck
1779722112.835,crossing_person,0,fusion_with_risk_avoidance,1,0.0000,0.0000,0.0000,8.00,0.00,8.0000,0.0000,0.0000,5.0460,0,0,0,0,0.0,0.0,0,0,0,0,0.0000,0.0000,157.39,0,stuck
1779722112.935,crossing_person,0,fusion_with_risk_avoidance,1,0.0000,0.0000,0.0000,8.00,0.00,8.0000,0.0000,0.0000,5.0312,0,0,0,0,0.0,0.0,0,0,0,0,0.0000,0.0000,157.49,0,stuck
1779722113.035,crossing_person,0,fusion_with_risk_avoidance,1,0.0000,0.0000,0.0000,8.00,0.00,8.0000,0.0000,0.0000,5.0193,0,0,0,0,0.0,0.0,0,0,0,0,0.0000,0.0000,157.59,0,stuck
1779722113.135,crossing_person,0,fusion_with_risk_avoidance,1,0.0000,0.0000,0.0000,8.00,0.00,8.0000,0.0000,0.0000,5.0102,0,0,0,0,0.0,0.0,0,0,0,0,0.0000,0.0000,157.69,0,stuck
1779722113.235,crossing_person,0,fusion_with_risk_avoidance,1,0.0000,0.0000,0.0000,8.00,0.00,8.0000,0.0000,0.0000,5.0040,0,0,0,0,0.0,0.0,0,0,0,0,0.0000,0.0000,157.79,0,stuck
1779722113.335,crossing_person,0,fusion_with_risk_avoidance,1,0.0000,0.0000,0.0000,8.00,0.00,8.0000,0.0000,0.0000,5.0006,0,0,0,0,0.0,0.0,0,0,0,0,0.0000,0.0000,157.89,0,stuck
1779722113.435,crossing_person,0,fusion_with_risk_avoidance,1,0.0000,0.0000,0.0000,8.00,0.00,8.0000,0.0000,0.0000,5.0002,0,0,0,0,0.0,0.0,0,0,0,0,0.0000,0.0000,157.99,0,stuck
1779722113.535,crossing_person,0,fusion_with_risk_avoidance,1,0.0000,0.0000,0.0000,8.00,0.00,8.0000,0.0000,0.0000,5.0026,0,0,0,0,0.0,0.0,0,0,0,0,0.0000,0.0000,158.09,0,stuck
1779722113.635,crossing_person,0,fusion_with_risk_avoidance,1,0.0000,0.0000,0.0000,8.00,0.00,8.0000,0.0000,0.0000,5.0079,0,0,0,0,0.0,0.0,0,0,0,0,0.0000,0.0000,158.19,0,stuck
1779722113.735,crossing_person,0,fusion_with_risk_avoidance,1,0.0000,0.0000,0.0000,8.00,0.00,8.0000,0.0000,0.0000,5.0160,0,0,0,0,0.0,0.0,0,0,0,0,0.0000,0.0000,158.29,0,stuck
1779722113.835,crossing_person,0,fusion_with_risk_avoidance,1,0.0000,0.0000,0.0000,8.00,0.00,8.0000,0.0000,0.0000,5.0270,0,0,0,0,0.0,0.0,0,0,0,0,0.0000,0.0000,158.39,0,stuck
1779722113.935,crossing_person,0,fusion_with_risk_avoidance,1,0.0000,0.0000,0.0000,8.00,0.00,8.0000,0.0000,0.0000,5.0408,0,0,0,0,0.0,0.0,0,0,0,0,0.0000,0.0000,158.49,0,stuck
1779722114.035,crossing_person,0,fusion_with_risk_avoidance,1,0.0000,0.0000,0.0000,8.00,0.00,8.0000,0.0000,0.0000,5.0575,0,0,0,0,0.0,0.0,0,0,0,0,0.0000,0.0000,158.59,0,stuck
1779722114.135,crossing_person,0,fusion_with_risk_avoidance,1,0.0000,0.0000,0.0000,8.00,0.00,8.0000,0.0000,0.0000,5.0769,0,0,0,0,0.0,0.0,0,0,0,0,0.0000,0.0000,158.69,0,stuck
1779722114.235,crossing_person,0,fusion_with_risk_avoidance,1,0.0000,0.0000,0.0000,8.00,0.00,8.0000,0.0000,0.0000,5.0991,0,0,0,0,0.0,0.0,0,0,0,0,0.0000,0.0000,158.79,0,stuck
1779722114.335,crossing_person,0,fusion_with_risk_avoidance,1,0.0000,0.0000,0.0000,8.00,0.00,8.0000,0.0000,0.0000,5.1240,0,0,0,0,0.0,0.0,0,0,0,0,0.0000,0.0000,158.89,0,stuck
1779722114.435,crossing_person,0,fusion_with_risk_avoidance,1,0.0000,0.0000,0.0000,8.00,0.00,8.0000,0.0000,0.0000,5.1516,0,0,0,0,0.0,0.0,0,0,0,0,0.0000,0.0000,158.99,0,stuck
1779722114.535,crossing_person,0,fusion_with_risk_avoidance,1,0.0000,0.0000,0.0000,8.00,0.00,8.0000,0.0000,0.0000,5.1817,0,0,0,0,0.0,0.0,0,0,0,0,0.0000,0.0000,159.09,0,stuck
1779722114.635,crossing_person,0,fusion_with_risk_avoidance,1,0.0000,0.0000,0.0000,8.00,0.00,8.0000,0.0000,0.0000,5.2145,0,0,0,0,0.0,0.0,0,0,0,0,0.0000,0.0000,159.19,0,stuck
1779722114.735,crossing_person,0,fusion_with_risk_avoidance,1,0.0000,0.0000,0.0000,8.00,0.00,8.0000,0.0000,0.0000,5.2499,0,0,0,0,0.0,0.0,0,0,0,0,0.0000,0.0000,159.29,0,stuck
1779722114.835,crossing_person,0,fusion_with_risk_avoidance,1,0.0000,0.0000,0.0000,8.00,0.00,8.0000,0.0000,0.0000,5.2877,0,0,0,0,0.0,0.0,0,0,0,0,0.0000,0.0000,159.39,0,stuck
1779722114.935,crossing_person,0,fusion_with_risk_avoidance,1,0.0000,0.0000,0.0000,8.00,0.00,8.0000,0.0000,0.0000,5.3279,0,0,0,0,0.0,0.0,0,0,0,0,0.0000,0.0000,159.49,0,stuck
1779722115.035,crossing_person,0,fusion_with_risk_avoidance,1,0.0000,0.0000,0.0000,8.00,0.00,8.0000,0.0000,0.0000,5.3705,0,0,0,0,0.0,0.0,0,0,0,0,0.0000,0.0000,159.59,0,stuck
1779722115.135,crossing_person,0,fusion_with_risk_avoidance,1,0.0000,0.0000,0.0000,8.00,0.00,8.0000,0.0000,0.0000,5.3559,0,0,0,0,0.0,0.0,0,0,0,0,0.0000,0.0000,159.69,0,stuck
1779722115.235,crossing_person,0,fusion_with_risk_avoidance,1,0.0000,0.0000,0.0000,8.00,0.00,8.0000,0.0000,0.0000,5.3140,0,0,0,0,0.0,0.0,0,0,0,0,0.0000,0.0000,159.79,0,stuck
1779722115.335,crossing_person,0,fusion_with_risk_avoidance,1,0.0000,0.0000,0.0000,8.00,0.00,8.0000,0.0000,0.0000,5.2746,0,0,0,0,0.0,0.0,0,0,0,0,0.0000,0.0000,159.89,0,stuck
1779722115.435,crossing_person,0,fusion_with_risk_avoidance,1,0.0000,0.0000,0.0000,8.00,0.00,8.0000,0.0000,0.0000,5.2376,0,0,0,0,0.0,0.0,0,0,0,0,0.0000,0.0000,159.99,0,stuck
1779722115.535,crossing_person,0,fusion_with_risk_avoidance,1,0.0000,0.0000,0.0000,8.00,0.00,8.0000,0.0000,0.0000,5.2031,0,0,0,0,0.0,0.0,0,0,0,0,0.0000,0.0000,160.09,0,stuck
1779722115.635,crossing_person,0,fusion_with_risk_avoidance,1,0.0000,0.0000,0.0000,8.00,0.00,8.0000,0.0000,0.0000,5.1712,0,0,0,0,0.0,0.0,0,0,0,0,0.0000,0.0000,160.19,0,stuck
1779722115.735,crossing_person,0,fusion_with_risk_avoidance,1,0.0000,0.0000,0.0000,8.00,0.00,8.0000,0.0000,0.0000,5.1419,0,0,0,0,0.0,0.0,0,0,0,0,0.0000,0.0000,160.29,0,stuck
1779722115.835,crossing_person,0,fusion_with_risk_avoidance,1,0.0000,0.0000,0.0000,8.00,0.00,8.0000,0.0000,0.0000,5.1153,0,0,0,0,0.0,0.0,0,0,0,0,0.0000,0.0000,160.39,0,stuck
1779722115.935,crossing_person,0,fusion_with_risk_avoidance,1,0.0000,0.0000,0.0000,8.00,0.00,8.0000,0.0000,0.0000,5.0913,0,0,0,0,0.0,0.0,0,0,0,0,0.0000,0.0000,160.49,0,stuck
1779722116.035,crossing_person,0,fusion_with_risk_avoidance,1,0.0000,0.0000,0.0000,8.00,0.00,8.0000,0.0000,0.0000,5.0700,0,0,0,0,0.0,0.0,0,0,0,0,0.0000,0.0000,160.59,0,stuck
1779722116.135,crossing_person,0,fusion_with_risk_avoidance,1,0.0000,0.0000,0.0000,8.00,0.00,8.0000,0.0000,0.0000,5.0515,0,0,0,0,0.0,0.0,0,0,0,0,0.0000,0.0000,160.69,0,stuck
1779722116.235,crossing_person,0,fusion_with_risk_avoidance,1,0.0000,0.0000,0.0000,8.00,0.00,8.0000,0.0000,0.0000,5.0358,0,0,0,0,0.0,0.0,0,0,0,0,0.0000,0.0000,160.79,0,stuck
1779722116.335,crossing_person,0,fusion_with_risk_avoidance,1,0.0000,0.0000,0.0000,8.00,0.00,8.0000,0.0000,0.0000,5.0229,0,0,0,0,0.0,0.0,0,0,0,0,0.0000,0.0000,160.89,0,stuck
1779722116.435,crossing_person,0,fusion_with_risk_avoidance,1,0.0000,0.0000,0.0000,8.00,0.00,8.0000,0.0000,0.0000,5.0129,0,0,0,0,0.0,0.0,0,0,0,0,0.0000,0.0000,160.99,0,stuck
1779722116.535,crossing_person,0,fusion_with_risk_avoidance,1,0.0000,0.0000,0.0000,8.00,0.00,8.0000,0.0000,0.0000,5.0057,0,0,0,0,0.0,0.0,0,0,0,0,0.0000,0.0000,161.09,0,stuck
1779722116.635,crossing_person,0,fusion_with_risk_avoidance,1,0.0000,0.0000,0.0000,8.00,0.00,8.0000,0.0000,0.0000,5.0014,0,0,0,0,0.0,0.0,0,0,0,0,0.0000,0.0000,161.19,0,stuck
1779722116.735,crossing_person,0,fusion_with_risk_avoidance,1,0.0000,0.0000,0.0000,8.00,0.00,8.0000,0.0000,0.0000,5.0000,0,0,0,0,0.0,0.0,0,0,0,0,0.0000,0.0000,161.29,0,stuck
1779722116.835,crossing_person,0,fusion_with_risk_avoidance,1,0.0000,0.0000,0.0000,8.00,0.00,8.0000,0.0000,0.0000,5.0014,0,0,0,0,0.0,0.0,0,0,0,0,0.0000,0.0000,161.39,0,stuck
1779722116.935,crossing_person,0,fusion_with_risk_avoidance,1,0.0000,0.0000,0.0000,8.00,0.00,8.0000,0.0000,0.0000,5.0058,0,0,0,0,0.0,0.0,0,0,0,0,0.0000,0.0000,161.49,0,stuck
1779722117.035,crossing_person,0,fusion_with_risk_avoidance,1,0.0000,0.0000,0.0000,8.00,0.00,8.0000,0.0000,0.0000,5.0130,0,0,0,0,0.0,0.0,0,0,0,0,0.0000,0.0000,161.59,0,stuck
1779722117.135,crossing_person,0,fusion_with_risk_avoidance,1,0.0000,0.0000,0.0000,8.00,0.00,8.0000,0.0000,0.0000,5.0230,0,0,0,0,0.0,0.0,0,0,0,0,0.0000,0.0000,161.69,0,stuck
1779722117.235,crossing_person,0,fusion_with_risk_avoidance,1,0.0000,0.0000,0.0000,8.00,0.00,8.0000,0.0000,0.0000,5.0359,0,0,0,0,0.0,0.0,0,0,0,0,0.0000,0.0000,161.79,0,stuck
1779722117.335,crossing_person,0,fusion_with_risk_avoidance,1,0.0000,0.0000,0.0000,8.00,0.00,8.0000,0.0000,0.0000,5.0516,0,0,0,0,0.0,0.0,0,0,0,0,0.0000,0.0000,161.89,0,stuck
1779722117.435,crossing_person,0,fusion_with_risk_avoidance,1,0.0000,0.0000,0.0000,8.00,0.00,8.0000,0.0000,0.0000,5.0701,0,0,0,0,0.0,0.0,0,0,0,0,0.0000,0.0000,161.99,0,stuck
1779722117.535,crossing_person,0,fusion_with_risk_avoidance,1,0.0000,0.0000,0.0000,8.00,0.00,8.0000,0.0000,0.0000,5.0914,0,0,0,0,0.0,0.0,0,0,0,0,0.0000,0.0000,162.09,0,stuck
1779722117.635,crossing_person,0,fusion_with_risk_avoidance,1,0.0000,0.0000,0.0000,8.00,0.00,8.0000,0.0000,0.0000,5.1154,0,0,0,0,0.0,0.0,0,0,0,0,0.0000,0.0000,162.19,0,stuck
1779722117.735,crossing_person,0,fusion_with_risk_avoidance,1,0.0000,0.0000,0.0000,8.00,0.00,8.0000,0.0000,0.0000,5.1421,0,0,0,0,0.0,0.0,0,0,0,0,0.0000,0.0000,162.29,0,stuck
1779722117.835,crossing_person,0,fusion_with_risk_avoidance,1,0.0000,0.0000,0.0000,8.00,0.00,8.0000,0.0000,0.0000,5.1714,0,0,0,0,0.0,0.0,0,0,0,0,0.0000,0.0000,162.39,0,stuck
1779722117.935,crossing_person,0,fusion_with_risk_avoidance,1,0.0000,0.0000,0.0000,8.00,0.00,8.0000,0.0000,0.0000,5.2033,0,0,0,0,0.0,0.0,0,0,0,0,0.0000,0.0000,162.49,0,stuck
1779722118.035,crossing_person,0,fusion_with_risk_avoidance,1,0.0000,0.0000,0.0000,8.00,0.00,8.0000,0.0000,0.0000,5.2379,0,0,0,0,0.0,0.0,0,0,0,0,0.0000,0.0000,162.59,0,stuck
1779722118.135,crossing_person,0,fusion_with_risk_avoidance,1,0.0000,0.0000,0.0000,8.00,0.00,8.0000,0.0000,0.0000,5.2748,0,0,0,0,0.0,0.0,0,0,0,0,0.0000,0.0000,162.69,0,stuck
1779722118.235,crossing_person,0,fusion_with_risk_avoidance,1,0.0000,0.0000,0.0000,8.00,0.00,8.0000,0.0000,0.0000,5.3143,0,0,0,0,0.0,0.0,0,0,0,0,0.0000,0.0000,162.79,0,stuck
1779722118.335,crossing_person,0,fusion_with_risk_avoidance,1,0.0000,0.0000,0.0000,8.00,0.00,8.0000,0.0000,0.0000,5.3561,0,0,0,0,0.0,0.0,0,0,0,0,0.0000,0.0000,162.89,0,stuck
1779722118.435,crossing_person,0,fusion_with_risk_avoidance,1,0.0000,0.0000,0.0000,8.00,0.00,8.0000,0.0000,0.0000,5.3703,0,0,0,0,0.0,0.0,0,0,0,0,0.0000,0.0000,162.99,0,stuck
1779722118.535,crossing_person,0,fusion_with_risk_avoidance,1,0.0000,0.0000,0.0000,8.00,0.00,8.0000,0.0000,0.0000,5.3277,0,0,0,0,0.0,0.0,0,0,0,0,0.0000,0.0000,163.09,0,stuck
1779722118.635,crossing_person,0,fusion_with_risk_avoidance,1,0.0000,0.0000,0.0000,8.00,0.00,8.0000,0.0000,0.0000,5.2875,0,0,0,0,0.0,0.0,0,0,0,0,0.0000,0.0000,163.19,0,stuck
1779722118.735,crossing_person,0,fusion_with_risk_avoidance,1,0.0000,0.0000,0.0000,8.00,0.00,8.0000,0.0000,0.0000,5.2497,0,0,0,0,0.0,0.0,0,0,0,0,0.0000,0.0000,163.29,0,stuck
1779722118.836,crossing_person,0,fusion_with_risk_avoidance,1,0.0000,0.0000,0.0000,8.00,0.00,8.0000,0.0000,0.0000,5.2144,0,0,0,0,0.0,0.0,0,0,0,0,0.0000,0.0000,163.39,0,stuck
1779722118.935,crossing_person,0,fusion_with_risk_avoidance,1,0.0000,0.0000,0.0000,8.00,0.00,8.0000,0.0000,0.0000,5.1816,0,0,0,0,0.0,0.0,0,0,0,0,0.0000,0.0000,163.49,0,stuck
1779722119.035,crossing_person,0,fusion_with_risk_avoidance,1,0.0000,0.0000,0.0000,8.00,0.00,8.0000,0.0000,0.0000,5.1512,0,0,0,0,0.0,0.0,0,0,0,0,0.0000,0.0000,163.59,0,stuck
1779722119.135,crossing_person,0,fusion_with_risk_avoidance,1,0.0000,0.0000,0.0000,8.00,0.00,8.0000,0.0000,0.0000,5.1238,0,0,0,0,0.0,0.0,0,0,0,0,0.0000,0.0000,163.69,0,stuck
1779722119.235,crossing_person,0,fusion_with_risk_avoidance,1,0.0000,0.0000,0.0000,8.00,0.00,8.0000,0.0000,0.0000,5.0990,0,0,0,0,0.0,0.0,0,0,0,0,0.0000,0.0000,163.79,0,stuck
1779722119.335,crossing_person,0,fusion_with_risk_avoidance,1,0.0000,0.0000,0.0000,8.00,0.00,8.0000,0.0000,0.0000,5.0768,0,0,0,0,0.0,0.0,0,0,0,0,0.0000,0.0000,163.89,0,stuck
1779722119.435,crossing_person,0,fusion_with_risk_avoidance,1,0.0000,0.0000,0.0000,8.00,0.00,8.0000,0.0000,0.0000,5.0574,0,0,0,0,0.0,0.0,0,0,0,0,0.0000,0.0000,163.99,0,stuck
1779722119.535,crossing_person,0,fusion_with_risk_avoidance,1,0.0000,0.0000,0.0000,8.00,0.00,8.0000,0.0000,0.0000,5.0408,0,0,0,0,0.0,0.0,0,0,0,0,0.0000,0.0000,164.09,0,stuck
1779722119.635,crossing_person,0,fusion_with_risk_avoidance,1,0.0000,0.0000,0.0000,8.00,0.00,8.0000,0.0000,0.0000,5.0269,0,0,0,0,0.0,0.0,0,0,0,0,0.0000,0.0000,164.19,0,stuck
1779722119.735,crossing_person,0,fusion_with_risk_avoidance,1,0.0000,0.0000,0.0000,8.00,0.00,8.0000,0.0000,0.0000,5.0160,0,0,0,0,0.0,0.0,0,0,0,0,0.0000,0.0000,164.29,0,stuck
1779722119.835,crossing_person,0,fusion_with_risk_avoidance,1,0.0000,0.0000,0.0000,8.00,0.00,8.0000,0.0000,0.0000,5.0078,0,0,0,0,0.0,0.0,0,0,0,0,0.0000,0.0000,164.39,0,stuck
1779722119.935,crossing_person,0,fusion_with_risk_avoidance,1,0.0000,0.0000,0.0000,8.00,0.00,8.0000,0.0000,0.0000,5.0026,0,0,0,0,0.0,0.0,0,0,0,0,0.0000,0.0000,164.49,0,stuck
1779722120.035,crossing_person,0,fusion_with_risk_avoidance,1,0.0000,0.0000,0.0000,8.00,0.00,8.0000,0.0000,0.0000,5.0002,0,0,0,0,0.0,0.0,0,0,0,0,0.0000,0.0000,164.59,0,stuck
1779722120.135,crossing_person,0,fusion_with_risk_avoidance,1,0.0000,0.0000,0.0000,8.00,0.00,8.0000,0.0000,0.0000,5.0006,0,0,0,0,0.0,0.0,0,0,0,0,0.0000,0.0000,164.69,0,stuck
1779722120.235,crossing_person,0,fusion_with_risk_avoidance,1,0.0000,0.0000,0.0000,8.00,0.00,8.0000,0.0000,0.0000,5.0040,0,0,0,0,0.0,0.0,0,0,0,0,0.0000,0.0000,164.79,0,stuck
1779722120.335,crossing_person,0,fusion_with_risk_avoidance,1,0.0000,0.0000,0.0000,8.00,0.00,8.0000,0.0000,0.0000,5.0103,0,0,0,0,0.0,0.0,0,0,0,0,0.0000,0.0000,164.89,0,stuck
1779722120.435,crossing_person,0,fusion_with_risk_avoidance,1,0.0000,0.0000,0.0000,8.00,0.00,8.0000,0.0000,0.0000,5.0194,0,0,0,0,0.0,0.0,0,0,0,0,0.0000,0.0000,164.99,0,stuck
1779722120.535,crossing_person,0,fusion_with_risk_avoidance,1,0.0000,0.0000,0.0000,8.00,0.00,8.0000,0.0000,0.0000,5.0313,0,0,0,0,0.0,0.0,0,0,0,0,0.0000,0.0000,165.09,0,stuck
1779722120.635,crossing_person,0,fusion_with_risk_avoidance,1,0.0000,0.0000,0.0000,8.00,0.00,8.0000,0.0000,0.0000,5.0461,0,0,0,0,0.0,0.0,0,0,0,0,0.0000,0.0000,165.19,0,stuck
1779722120.735,crossing_person,0,fusion_with_risk_avoidance,1,0.0000,0.0000,0.0000,8.00,0.00,8.0000,0.0000,0.0000,5.0637,0,0,0,0,0.0,0.0,0,0,0,0,0.0000,0.0000,165.29,0,stuck
1779722120.835,crossing_person,0,fusion_with_risk_avoidance,1,0.0000,0.0000,0.0000,8.00,0.00,8.0000,0.0000,0.0000,5.0840,0,0,0,0,0.0,0.0,0,0,0,0,0.0000,0.0000,165.39,0,stuck
1779722120.935,crossing_person,0,fusion_with_risk_avoidance,1,0.0000,0.0000,0.0000,8.00,0.00,8.0000,0.0000,0.0000,5.1071,0,0,0,0,0.0,0.0,0,0,0,0,0.0000,0.0000,165.49,0,stuck
1779722121.035,crossing_person,0,fusion_with_risk_avoidance,1,0.0000,0.0000,0.0000,8.00,0.00,8.0000,0.0000,0.0000,5.1329,0,0,0,0,0.0,0.0,0,0,0,0,0.0000,0.0000,165.59,0,stuck
1779722121.135,crossing_person,0,fusion_with_risk_avoidance,1,0.0000,0.0000,0.0000,8.00,0.00,8.0000,0.0000,0.0000,5.1614,0,0,0,0,0.0,0.0,0,0,0,0,0.0000,0.0000,165.69,0,stuck
1779722121.235,crossing_person,0,fusion_with_risk_avoidance,1,0.0000,0.0000,0.0000,8.00,0.00,8.0000,0.0000,0.0000,5.1924,0,0,0,0,0.0,0.0,0,0,0,0,0.0000,0.0000,165.79,0,stuck
1779722121.335,crossing_person,0,fusion_with_risk_avoidance,1,0.0000,0.0000,0.0000,8.00,0.00,8.0000,0.0000,0.0000,5.2260,0,0,0,0,0.0,0.0,0,0,0,0,0.0000,0.0000,165.89,0,stuck
1779722121.435,crossing_person,0,fusion_with_risk_avoidance,1,0.0000,0.0000,0.0000,8.00,0.00,8.0000,0.0000,0.0000,5.2622,0,0,0,0,0.0,0.0,0,0,0,0,0.0000,0.0000,165.99,0,stuck
1779722121.535,crossing_person,0,fusion_with_risk_avoidance,1,0.0000,0.0000,0.0000,8.00,0.00,8.0000,0.0000,0.0000,5.3008,0,0,0,0,0.0,0.0,0,0,0,0,0.0000,0.0000,166.09,0,stuck
1779722121.636,crossing_person,0,fusion_with_risk_avoidance,1,0.0000,0.0000,0.0000,8.00,0.00,8.0000,0.0000,0.0000,5.3419,0,0,0,0,0.0,0.0,0,0,0,0,0.0000,0.0000,166.19,0,stuck
1779722121.735,crossing_person,0,fusion_with_risk_avoidance,1,0.0000,0.0000,0.0000,8.00,0.00,8.0000,0.0000,0.0000,5.3851,0,0,0,0,0.0,0.0,0,0,0,0,0.0000,0.0000,166.29,0,stuck
1779722121.835,crossing_person,0,fusion_with_risk_avoidance,1,0.0000,0.0000,0.0000,8.00,0.00,8.0000,0.0000,0.0000,5.3417,0,0,0,0,0.0,0.0,0,0,0,0,0.0000,0.0000,166.39,0,stuck
1779722121.935,crossing_person,0,fusion_with_risk_avoidance,1,0.0000,0.0000,0.0000,8.00,0.00,8.0000,0.0000,0.0000,5.3006,0,0,0,0,0.0,0.0,0,0,0,0,0.0000,0.0000,166.49,0,stuck
1779722122.035,crossing_person,0,fusion_with_risk_avoidance,1,0.0000,0.0000,0.0000,8.00,0.00,8.0000,0.0000,0.0000,5.2620,0,0,0,0,0.0,0.0,0,0,0,0,0.0000,0.0000,166.59,0,stuck
1779722122.135,crossing_person,0,fusion_with_risk_avoidance,1,0.0000,0.0000,0.0000,8.00,0.00,8.0000,0.0000,0.0000,5.2258,0,0,0,0,0.0,0.0,0,0,0,0,0.0000,0.0000,166.69,0,stuck
1779722122.235,crossing_person,0,fusion_with_risk_avoidance,1,0.0000,0.0000,0.0000,8.00,0.00,8.0000,0.0000,0.0000,5.1921,0,0,0,0,0.0,0.0,0,0,0,0,0.0000,0.0000,166.79,0,stuck
1779722122.335,crossing_person,0,fusion_with_risk_avoidance,1,0.0000,0.0000,0.0000,8.00,0.00,8.0000,0.0000,0.0000,5.1612,0,0,0,0,0.0,0.0,0,0,0,0,0.0000,0.0000,166.89,0,stuck
1779722122.435,crossing_person,0,fusion_with_risk_avoidance,1,0.0000,0.0000,0.0000,8.00,0.00,8.0000,0.0000,0.0000,5.1327,0,0,0,0,0.0,0.0,0,0,0,0,0.0000,0.0000,166.99,0,stuck
1779722122.535,crossing_person,0,fusion_with_risk_avoidance,1,0.0000,0.0000,0.0000,8.00,0.00,8.0000,0.0000,0.0000,5.1069,0,0,0,0,0.0,0.0,0,0,0,0,0.0000,0.0000,167.09,0,stuck
1779722122.635,crossing_person,0,fusion_with_risk_avoidance,1,0.0000,0.0000,0.0000,8.00,0.00,8.0000,0.0000,0.0000,5.0839,0,0,0,0,0.0,0.0,0,0,0,0,0.0000,0.0000,167.19,0,stuck
1779722122.737,crossing_person,0,fusion_with_risk_avoidance,1,0.0000,0.0000,0.0000,8.00,0.00,8.0000,0.0000,0.0000,5.0635,0,0,0,0,0.0,0.0,0,0,0,0,0.0000,0.0000,167.29,0,stuck
1779722122.835,crossing_person,0,fusion_with_risk_avoidance,1,0.0000,0.0000,0.0000,8.00,0.00,8.0000,0.0000,0.0000,5.0460,0,0,0,0,0.0,0.0,0,0,0,0,0.0000,0.0000,167.39,0,stuck
1779722122.935,crossing_person,0,fusion_with_risk_avoidance,1,0.0000,0.0000,0.0000,8.00,0.00,8.0000,0.0000,0.0000,5.0312,0,0,0,0,0.0,0.0,0,0,0,0,0.0000,0.0000,167.49,0,stuck
1779722123.035,crossing_person,0,fusion_with_risk_avoidance,1,0.0000,0.0000,0.0000,8.00,0.00,8.0000,0.0000,0.0000,5.0193,0,0,0,0,0.0,0.0,0,0,0,0,0.0000,0.0000,167.59,0,stuck
1779722123.135,crossing_person,0,fusion_with_risk_avoidance,1,0.0000,0.0000,0.0000,8.00,0.00,8.0000,0.0000,0.0000,5.0102,0,0,0,0,0.0,0.0,0,0,0,0,0.0000,0.0000,167.69,0,stuck
1779722123.236,crossing_person,0,fusion_with_risk_avoidance,1,0.0000,0.0000,0.0000,8.00,0.00,8.0000,0.0000,0.0000,5.0040,0,0,0,0,0.0,0.0,0,0,0,0,0.0000,0.0000,167.79,0,stuck
1779722123.335,crossing_person,0,fusion_with_risk_avoidance,1,0.0000,0.0000,0.0000,8.00,0.00,8.0000,0.0000,0.0000,5.0006,0,0,0,0,0.0,0.0,0,0,0,0,0.0000,0.0000,167.89,0,stuck
1779722123.435,crossing_person,0,fusion_with_risk_avoidance,1,0.0000,0.0000,0.0000,8.00,0.00,8.0000,0.0000,0.0000,5.0002,0,0,0,0,0.0,0.0,0,0,0,0,0.0000,0.0000,167.99,0,stuck
1779722123.535,crossing_person,0,fusion_with_risk_avoidance,1,0.0000,0.0000,0.0000,8.00,0.00,8.0000,0.0000,0.0000,5.0026,0,0,0,0,0.0,0.0,0,0,0,0,0.0000,0.0000,168.09,0,stuck
1779722123.635,crossing_person,0,fusion_with_risk_avoidance,1,0.0000,0.0000,0.0000,8.00,0.00,8.0000,0.0000,0.0000,5.0079,0,0,0,0,0.0,0.0,0,0,0,0,0.0000,0.0000,168.19,0,stuck
1779722123.735,crossing_person,0,fusion_with_risk_avoidance,1,0.0000,0.0000,0.0000,8.00,0.00,8.0000,0.0000,0.0000,5.0160,0,0,0,0,0.0,0.0,0,0,0,0,0.0000,0.0000,168.29,0,stuck
1779722123.835,crossing_person,0,fusion_with_risk_avoidance,1,0.0000,0.0000,0.0000,8.00,0.00,8.0000,0.0000,0.0000,5.0270,0,0,0,0,0.0,0.0,0,0,0,0,0.0000,0.0000,168.39,0,stuck
1779722123.935,crossing_person,0,fusion_with_risk_avoidance,1,0.0000,0.0000,0.0000,8.00,0.00,8.0000,0.0000,0.0000,5.0408,0,0,0,0,0.0,0.0,0,0,0,0,0.0000,0.0000,168.49,0,stuck
1779722124.035,crossing_person,0,fusion_with_risk_avoidance,1,0.0000,0.0000,0.0000,8.00,0.00,8.0000,0.0000,0.0000,5.0575,0,0,0,0,0.0,0.0,0,0,0,0,0.0000,0.0000,168.59,0,stuck
1779722124.135,crossing_person,0,fusion_with_risk_avoidance,1,0.0000,0.0000,0.0000,8.00,0.00,8.0000,0.0000,0.0000,5.0769,0,0,0,0,0.0,0.0,0,0,0,0,0.0000,0.0000,168.69,0,stuck
1779722124.235,crossing_person,0,fusion_with_risk_avoidance,1,0.0000,0.0000,0.0000,8.00,0.00,8.0000,0.0000,0.0000,5.0991,0,0,0,0,0.0,0.0,0,0,0,0,0.0000,0.0000,168.79,0,stuck
1779722124.335,crossing_person,0,fusion_with_risk_avoidance,1,0.0000,0.0000,0.0000,8.00,0.00,8.0000,0.0000,0.0000,5.1240,0,0,0,0,0.0,0.0,0,0,0,0,0.0000,0.0000,168.89,0,stuck
1779722124.436,crossing_person,0,fusion_with_risk_avoidance,1,0.0000,0.0000,0.0000,8.00,0.00,8.0000,0.0000,0.0000,5.1515,0,0,0,0,0.0,0.0,0,0,0,0,0.0000,0.0000,168.99,0,stuck
1779722124.535,crossing_person,0,fusion_with_risk_avoidance,1,0.0000,0.0000,0.0000,8.00,0.00,8.0000,0.0000,0.0000,5.1817,0,0,0,0,0.0,0.0,0,0,0,0,0.0000,0.0000,169.09,0,stuck
1779722124.635,crossing_person,0,fusion_with_risk_avoidance,1,0.0000,0.0000,0.0000,8.00,0.00,8.0000,0.0000,0.0000,5.2145,0,0,0,0,0.0,0.0,0,0,0,0,0.0000,0.0000,169.19,0,stuck
1779722124.735,crossing_person,0,fusion_with_risk_avoidance,1,0.0000,0.0000,0.0000,8.00,0.00,8.0000,0.0000,0.0000,5.2498,0,0,0,0,0.0,0.0,0,0,0,0,0.0000,0.0000,169.29,0,stuck
1779722124.835,crossing_person,0,fusion_with_risk_avoidance,1,0.0000,0.0000,0.0000,8.00,0.00,8.0000,0.0000,0.0000,5.2876,0,0,0,0,0.0,0.0,0,0,0,0,0.0000,0.0000,169.39,0,stuck
1779722124.935,crossing_person,0,fusion_with_risk_avoidance,1,0.0000,0.0000,0.0000,8.00,0.00,8.0000,0.0000,0.0000,5.3280,0,0,0,0,0.0,0.0,0,0,0,0,0.0000,0.0000,169.49,0,stuck
1779722125.035,crossing_person,0,fusion_with_risk_avoidance,1,0.0000,0.0000,0.0000,8.00,0.00,8.0000,0.0000,0.0000,5.3705,0,0,0,0,0.0,0.0,0,0,0,0,0.0000,0.0000,169.59,0,stuck
1779722125.135,crossing_person,0,fusion_with_risk_avoidance,1,0.0000,0.0000,0.0000,8.00,0.00,8.0000,0.0000,0.0000,5.3559,0,0,0,0,0.0,0.0,0,0,0,0,0.0000,0.0000,169.69,0,stuck
1779722125.235,crossing_person,0,fusion_with_risk_avoidance,1,0.0000,0.0000,0.0000,8.00,0.00,8.0000,0.0000,0.0000,5.3140,0,0,0,0,0.0,0.0,0,0,0,0,0.0000,0.0000,169.79,0,stuck
1779722125.335,crossing_person,0,fusion_with_risk_avoidance,1,0.0000,0.0000,0.0000,8.00,0.00,8.0000,0.0000,0.0000,5.2746,0,0,0,0,0.0,0.0,0,0,0,0,0.0000,0.0000,169.89,0,stuck
1779722125.435,crossing_person,0,fusion_with_risk_avoidance,1,0.0000,0.0000,0.0000,8.00,0.00,8.0000,0.0000,0.0000,5.2376,0,0,0,0,0.0,0.0,0,0,0,0,0.0000,0.0000,169.99,0,stuck
1779722125.535,crossing_person,0,fusion_with_risk_avoidance,1,0.0000,0.0000,0.0000,8.00,0.00,8.0000,0.0000,0.0000,5.2032,0,0,0,0,0.0,0.0,0,0,0,0,0.0000,0.0000,170.09,0,stuck
1779722125.635,crossing_person,0,fusion_with_risk_avoidance,1,0.0000,0.0000,0.0000,8.00,0.00,8.0000,0.0000,0.0000,5.1712,0,0,0,0,0.0,0.0,0,0,0,0,0.0000,0.0000,170.19,0,stuck
1779722125.735,crossing_person,0,fusion_with_risk_avoidance,1,0.0000,0.0000,0.0000,8.00,0.00,8.0000,0.0000,0.0000,5.1419,0,0,0,0,0.0,0.0,0,0,0,0,0.0000,0.0000,170.29,0,stuck
1779722125.835,crossing_person,0,fusion_with_risk_avoidance,1,0.0000,0.0000,0.0000,8.00,0.00,8.0000,0.0000,0.0000,5.1152,0,0,0,0,0.0,0.0,0,0,0,0,0.0000,0.0000,170.39,0,stuck
1779722125.935,crossing_person,0,fusion_with_risk_avoidance,1,0.0000,0.0000,0.0000,8.00,0.00,8.0000,0.0000,0.0000,5.0913,0,0,0,0,0.0,0.0,0,0,0,0,0.0000,0.0000,170.49,0,stuck
1779722126.035,crossing_person,0,fusion_with_risk_avoidance,1,0.0000,0.0000,0.0000,8.00,0.00,8.0000,0.0000,0.0000,5.0700,0,0,0,0,0.0,0.0,0,0,0,0,0.0000,0.0000,170.59,0,stuck
1779722126.135,crossing_person,0,fusion_with_risk_avoidance,1,0.0000,0.0000,0.0000,8.00,0.00,8.0000,0.0000,0.0000,5.0515,0,0,0,0,0.0,0.0,0,0,0,0,0.0000,0.0000,170.69,0,stuck
1779722126.235,crossing_person,0,fusion_with_risk_avoidance,1,0.0000,0.0000,0.0000,8.00,0.00,8.0000,0.0000,0.0000,5.0358,0,0,0,0,0.0,0.0,0,0,0,0,0.0000,0.0000,170.79,0,stuck
1779722126.335,crossing_person,0,fusion_with_risk_avoidance,1,0.0000,0.0000,0.0000,8.00,0.00,8.0000,0.0000,0.0000,5.0230,0,0,0,0,0.0,0.0,0,0,0,0,0.0000,0.0000,170.89,0,stuck
1779722126.435,crossing_person,0,fusion_with_risk_avoidance,1,0.0000,0.0000,0.0000,8.00,0.00,8.0000,0.0000,0.0000,5.0129,0,0,0,0,0.0,0.0,0,0,0,0,0.0000,0.0000,170.99,0,stuck
1779722126.535,crossing_person,0,fusion_with_risk_avoidance,1,0.0000,0.0000,0.0000,8.00,0.00,8.0000,0.0000,0.0000,5.0057,0,0,0,0,0.0,0.0,0,0,0,0,0.0000,0.0000,171.09,0,stuck
1779722126.635,crossing_person,0,fusion_with_risk_avoidance,1,0.0000,0.0000,0.0000,8.00,0.00,8.0000,0.0000,0.0000,5.0014,0,0,0,0,0.0,0.0,0,0,0,0,0.0000,0.0000,171.19,0,stuck
1779722126.735,crossing_person,0,fusion_with_risk_avoidance,1,0.0000,0.0000,0.0000,8.00,0.00,8.0000,0.0000,0.0000,5.0000,0,0,0,0,0.0,0.0,0,0,0,0,0.0000,0.0000,171.29,0,stuck
1779722126.835,crossing_person,0,fusion_with_risk_avoidance,1,0.0000,0.0000,0.0000,8.00,0.00,8.0000,0.0000,0.0000,5.0014,0,0,0,0,0.0,0.0,0,0,0,0,0.0000,0.0000,171.39,0,stuck
1779722126.935,crossing_person,0,fusion_with_risk_avoidance,1,0.0000,0.0000,0.0000,8.00,0.00,8.0000,0.0000,0.0000,5.0058,0,0,0,0,0.0,0.0,0,0,0,0,0.0000,0.0000,171.49,0,stuck
1779722127.035,crossing_person,0,fusion_with_risk_avoidance,1,0.0000,0.0000,0.0000,8.00,0.00,8.0000,0.0000,0.0000,5.0130,0,0,0,0,0.0,0.0,0,0,0,0,0.0000,0.0000,171.59,0,stuck
1779722127.135,crossing_person,0,fusion_with_risk_avoidance,1,0.0000,0.0000,0.0000,8.00,0.00,8.0000,0.0000,0.0000,5.0230,0,0,0,0,0.0,0.0,0,0,0,0,0.0000,0.0000,171.69,0,stuck
1779722127.235,crossing_person,0,fusion_with_risk_avoidance,1,0.0000,0.0000,0.0000,8.00,0.00,8.0000,0.0000,0.0000,5.0359,0,0,0,0,0.0,0.0,0,0,0,0,0.0000,0.0000,171.79,0,stuck
1779722127.335,crossing_person,0,fusion_with_risk_avoidance,1,0.0000,0.0000,0.0000,8.00,0.00,8.0000,0.0000,0.0000,5.0516,0,0,0,0,0.0,0.0,0,0,0,0,0.0000,0.0000,171.89,0,stuck
1779722127.435,crossing_person,0,fusion_with_risk_avoidance,1,0.0000,0.0000,0.0000,8.00,0.00,8.0000,0.0000,0.0000,5.0701,0,0,0,0,0.0,0.0,0,0,0,0,0.0000,0.0000,171.99,0,stuck
1779722127.535,crossing_person,0,fusion_with_risk_avoidance,1,0.0000,0.0000,0.0000,8.00,0.00,8.0000,0.0000,0.0000,5.0914,0,0,0,0,0.0,0.0,0,0,0,0,0.0000,0.0000,172.09,0,stuck
1779722127.635,crossing_person,0,fusion_with_risk_avoidance,1,0.0000,0.0000,0.0000,8.00,0.00,8.0000,0.0000,0.0000,5.1154,0,0,0,0,0.0,0.0,0,0,0,0,0.0000,0.0000,172.19,0,stuck
1779722127.735,crossing_person,0,fusion_with_risk_avoidance,1,0.0000,0.0000,0.0000,8.00,0.00,8.0000,0.0000,0.0000,5.1421,0,0,0,0,0.0,0.0,0,0,0,0,0.0000,0.0000,172.29,0,stuck
1779722127.835,crossing_person,0,fusion_with_risk_avoidance,1,0.0000,0.0000,0.0000,8.00,0.00,8.0000,0.0000,0.0000,5.1714,0,0,0,0,0.0,0.0,0,0,0,0,0.0000,0.0000,172.39,0,stuck
1779722127.935,crossing_person,0,fusion_with_risk_avoidance,1,0.0000,0.0000,0.0000,8.00,0.00,8.0000,0.0000,0.0000,5.2034,0,0,0,0,0.0,0.0,0,0,0,0,0.0000,0.0000,172.49,0,stuck
1779722128.035,crossing_person,0,fusion_with_risk_avoidance,1,0.0000,0.0000,0.0000,8.00,0.00,8.0000,0.0000,0.0000,5.2378,0,0,0,0,0.0,0.0,0,0,0,0,0.0000,0.0000,172.59,0,stuck
1779722128.135,crossing_person,0,fusion_with_risk_avoidance,1,0.0000,0.0000,0.0000,8.00,0.00,8.0000,0.0000,0.0000,5.2748,0,0,0,0,0.0,0.0,0,0,0,0,0.0000,0.0000,172.69,0,stuck
1779722128.235,crossing_person,0,fusion_with_risk_avoidance,1,0.0000,0.0000,0.0000,8.00,0.00,8.0000,0.0000,0.0000,5.3142,0,0,0,0,0.0,0.0,0,0,0,0,0.0000,0.0000,172.79,0,stuck
1779722128.335,crossing_person,0,fusion_with_risk_avoidance,1,0.0000,0.0000,0.0000,8.00,0.00,8.0000,0.0000,0.0000,5.3561,0,0,0,0,0.0,0.0,0,0,0,0,0.0000,0.0000,172.89,0,stuck
1779722128.435,crossing_person,0,fusion_with_risk_avoidance,1,0.0000,0.0000,0.0000,8.00,0.00,8.0000,0.0000,0.0000,5.3703,0,0,0,0,0.0,0.0,0,0,0,0,0.0000,0.0000,172.99,0,stuck
1779722128.535,crossing_person,0,fusion_with_risk_avoidance,1,0.0000,0.0000,0.0000,8.00,0.00,8.0000,0.0000,0.0000,5.3277,0,0,0,0,0.0,0.0,0,0,0,0,0.0000,0.0000,173.09,0,stuck
1779722128.635,crossing_person,0,fusion_with_risk_avoidance,1,0.0000,0.0000,0.0000,8.00,0.00,8.0000,0.0000,0.0000,5.2875,0,0,0,0,0.0,0.0,0,0,0,0,0.0000,0.0000,173.19,0,stuck
1779722128.735,crossing_person,0,fusion_with_risk_avoidance,1,0.0000,0.0000,0.0000,8.00,0.00,8.0000,0.0000,0.0000,5.2497,0,0,0,0,0.0,0.0,0,0,0,0,0.0000,0.0000,173.29,0,stuck
1779722128.835,crossing_person,0,fusion_with_risk_avoidance,1,0.0000,0.0000,0.0000,8.00,0.00,8.0000,0.0000,0.0000,5.2144,0,0,0,0,0.0,0.0,0,0,0,0,0.0000,0.0000,173.39,0,stuck
1779722128.935,crossing_person,0,fusion_with_risk_avoidance,1,0.0000,0.0000,0.0000,8.00,0.00,8.0000,0.0000,0.0000,5.1814,0,0,0,0,0.0,0.0,0,0,0,0,0.0000,0.0000,173.49,0,stuck
1779722129.035,crossing_person,0,fusion_with_risk_avoidance,1,0.0000,0.0000,0.0000,8.00,0.00,8.0000,0.0000,0.0000,5.1514,0,0,0,0,0.0,0.0,0,0,0,0,0.0000,0.0000,173.59,0,stuck
1779722129.135,crossing_person,0,fusion_with_risk_avoidance,1,0.0000,0.0000,0.0000,8.00,0.00,8.0000,0.0000,0.0000,5.1239,0,0,0,0,0.0,0.0,0,0,0,0,0.0000,0.0000,173.69,0,stuck
1779722129.235,crossing_person,0,fusion_with_risk_avoidance,1,0.0000,0.0000,0.0000,8.00,0.00,8.0000,0.0000,0.0000,5.0990,0,0,0,0,0.0,0.0,0,0,0,0,0.0000,0.0000,173.79,0,stuck
1779722129.335,crossing_person,0,fusion_with_risk_avoidance,1,0.0000,0.0000,0.0000,8.00,0.00,8.0000,0.0000,0.0000,5.0768,0,0,0,0,0.0,0.0,0,0,0,0,0.0000,0.0000,173.89,0,stuck
1779722129.435,crossing_person,0,fusion_with_risk_avoidance,1,0.0000,0.0000,0.0000,8.00,0.00,8.0000,0.0000,0.0000,5.0574,0,0,0,0,0.0,0.0,0,0,0,0,0.0000,0.0000,173.99,0,stuck
1779722129.535,crossing_person,0,fusion_with_risk_avoidance,1,0.0000,0.0000,0.0000,8.00,0.00,8.0000,0.0000,0.0000,5.0407,0,0,0,0,0.0,0.0,0,0,0,0,0.0000,0.0000,174.09,0,stuck
1779722129.635,crossing_person,0,fusion_with_risk_avoidance,1,0.0000,0.0000,0.0000,8.00,0.00,8.0000,0.0000,0.0000,5.0269,0,0,0,0,0.0,0.0,0,0,0,0,0.0000,0.0000,174.19,0,stuck
1779722129.735,crossing_person,0,fusion_with_risk_avoidance,1,0.0000,0.0000,0.0000,8.00,0.00,8.0000,0.0000,0.0000,5.0159,0,0,0,0,0.0,0.0,0,0,0,0,0.0000,0.0000,174.29,0,stuck
1779722129.836,crossing_person,0,fusion_with_risk_avoidance,1,0.0000,0.0000,0.0000,8.00,0.00,8.0000,0.0000,0.0000,5.0078,0,0,0,0,0.0,0.0,0,0,0,0,0.0000,0.0000,174.39,0,stuck
1779722129.935,crossing_person,0,fusion_with_risk_avoidance,1,0.0000,0.0000,0.0000,8.00,0.00,8.0000,0.0000,0.0000,5.0025,0,0,0,0,0.0,0.0,0,0,0,0,0.0000,0.0000,174.49,0,stuck
1779722130.035,crossing_person,0,fusion_with_risk_avoidance,1,0.0000,0.0000,0.0000,8.00,0.00,8.0000,0.0000,0.0000,5.0002,0,0,0,0,0.0,0.0,0,0,0,0,0.0000,0.0000,174.59,0,stuck
1779722130.135,crossing_person,0,fusion_with_risk_avoidance,1,0.0000,0.0000,0.0000,8.00,0.00,8.0000,0.0000,0.0000,5.0006,0,0,0,0,0.0,0.0,0,0,0,0,0.0000,0.0000,174.69,0,stuck
1779722130.235,crossing_person,0,fusion_with_risk_avoidance,1,0.0000,0.0000,0.0000,8.00,0.00,8.0000,0.0000,0.0000,5.0040,0,0,0,0,0.0,0.0,0,0,0,0,0.0000,0.0000,174.79,0,stuck
1779722130.335,crossing_person,0,fusion_with_risk_avoidance,1,0.0000,0.0000,0.0000,8.00,0.00,8.0000,0.0000,0.0000,5.0102,0,0,0,0,0.0,0.0,0,0,0,0,0.0000,0.0000,174.89,0,stuck
1779722130.435,crossing_person,0,fusion_with_risk_avoidance,1,0.0000,0.0000,0.0000,8.00,0.00,8.0000,0.0000,0.0000,5.0194,0,0,0,0,0.0,0.0,0,0,0,0,0.0000,0.0000,174.99,0,stuck
1779722130.535,crossing_person,0,fusion_with_risk_avoidance,1,0.0000,0.0000,0.0000,8.00,0.00,8.0000,0.0000,0.0000,5.0313,0,0,0,0,0.0,0.0,0,0,0,0,0.0000,0.0000,175.09,0,stuck
1779722130.635,crossing_person,0,fusion_with_risk_avoidance,1,0.0000,0.0000,0.0000,8.00,0.00,8.0000,0.0000,0.0000,5.0461,0,0,0,0,0.0,0.0,0,0,0,0,0.0000,0.0000,175.19,0,stuck
1779722130.735,crossing_person,0,fusion_with_risk_avoidance,1,0.0000,0.0000,0.0000,8.00,0.00,8.0000,0.0000,0.0000,5.0636,0,0,0,0,0.0,0.0,0,0,0,0,0.0000,0.0000,175.29,0,stuck
1779722130.835,crossing_person,0,fusion_with_risk_avoidance,1,0.0000,0.0000,0.0000,8.00,0.00,8.0000,0.0000,0.0000,5.0840,0,0,0,0,0.0,0.0,0,0,0,0,0.0000,0.0000,175.39,0,stuck
1779722130.935,crossing_person,0,fusion_with_risk_avoidance,1,0.0000,0.0000,0.0000,8.00,0.00,8.0000,0.0000,0.0000,5.1071,0,0,0,0,0.0,0.0,0,0,0,0,0.0000,0.0000,175.49,0,stuck
1779722131.035,crossing_person,0,fusion_with_risk_avoidance,1,0.0000,0.0000,0.0000,8.00,0.00,8.0000,0.0000,0.0000,5.1328,0,0,0,0,0.0,0.0,0,0,0,0,0.0000,0.0000,175.59,0,stuck
1779722131.135,crossing_person,0,fusion_with_risk_avoidance,1,0.0000,0.0000,0.0000,8.00,0.00,8.0000,0.0000,0.0000,5.1613,0,0,0,0,0.0,0.0,0,0,0,0,0.0000,0.0000,175.69,0,stuck
1779722131.235,crossing_person,0,fusion_with_risk_avoidance,1,0.0000,0.0000,0.0000,8.00,0.00,8.0000,0.0000,0.0000,5.1924,0,0,0,0,0.0,0.0,0,0,0,0,0.0000,0.0000,175.79,0,stuck
1779722131.335,crossing_person,0,fusion_with_risk_avoidance,1,0.0000,0.0000,0.0000,8.00,0.00,8.0000,0.0000,0.0000,5.2260,0,0,0,0,0.0,0.0,0,0,0,0,0.0000,0.0000,175.89,0,stuck
1779722131.435,crossing_person,0,fusion_with_risk_avoidance,1,0.0000,0.0000,0.0000,8.00,0.00,8.0000,0.0000,0.0000,5.2627,0,0,0,0,0.0,0.0,0,0,0,0,0.0000,0.0000,175.99,0,stuck
1779722131.535,crossing_person,0,fusion_with_risk_avoidance,1,0.0000,0.0000,0.0000,8.00,0.00,8.0000,0.0000,0.0000,5.3008,0,0,0,0,0.0,0.0,0,0,0,0,0.0000,0.0000,176.09,0,stuck
1779722131.635,crossing_person,0,fusion_with_risk_avoidance,1,0.0000,0.0000,0.0000,8.00,0.00,8.0000,0.0000,0.0000,5.3419,0,0,0,0,0.0,0.0,0,0,0,0,0.0000,0.0000,176.19,0,stuck
1779722131.735,crossing_person,0,fusion_with_risk_avoidance,1,0.0000,0.0000,0.0000,8.00,0.00,8.0000,0.0000,0.0000,5.3850,0,0,0,0,0.0,0.0,0,0,0,0,0.0000,0.0000,176.29,0,stuck
1779722131.835,crossing_person,0,fusion_with_risk_avoidance,1,0.0000,0.0000,0.0000,8.00,0.00,8.0000,0.0000,0.0000,5.3417,0,0,0,0,0.0,0.0,0,0,0,0,0.0000,0.0000,176.39,0,stuck
1779722131.935,crossing_person,0,fusion_with_risk_avoidance,1,0.0000,0.0000,0.0000,8.00,0.00,8.0000,0.0000,0.0000,5.3006,0,0,0,0,0.0,0.0,0,0,0,0,0.0000,0.0000,176.49,0,stuck
1779722132.035,crossing_person,0,fusion_with_risk_avoidance,1,0.0000,0.0000,0.0000,8.00,0.00,8.0000,0.0000,0.0000,5.2620,0,0,0,0,0.0,0.0,0,0,0,0,0.0000,0.0000,176.59,0,stuck
1779722132.135,crossing_person,0,fusion_with_risk_avoidance,1,0.0000,0.0000,0.0000,8.00,0.00,8.0000,0.0000,0.0000,5.2259,0,0,0,0,0.0,0.0,0,0,0,0,0.0000,0.0000,176.69,0,stuck
1779722132.235,crossing_person,0,fusion_with_risk_avoidance,1,0.0000,0.0000,0.0000,8.00,0.00,8.0000,0.0000,0.0000,5.1922,0,0,0,0,0.0,0.0,0,0,0,0,0.0000,0.0000,176.79,0,stuck
1779722132.335,crossing_person,0,fusion_with_risk_avoidance,1,0.0000,0.0000,0.0000,8.00,0.00,8.0000,0.0000,0.0000,5.1612,0,0,0,0,0.0,0.0,0,0,0,0,0.0000,0.0000,176.89,0,stuck
1779722132.435,crossing_person,0,fusion_with_risk_avoidance,1,0.0000,0.0000,0.0000,8.00,0.00,8.0000,0.0000,0.0000,5.1327,0,0,0,0,0.0,0.0,0,0,0,0,0.0000,0.0000,176.99,0,stuck
1779722132.535,crossing_person,0,fusion_with_risk_avoidance,1,0.0000,0.0000,0.0000,8.00,0.00,8.0000,0.0000,0.0000,5.1070,0,0,0,0,0.0,0.0,0,0,0,0,0.0000,0.0000,177.09,0,stuck
1779722132.635,crossing_person,0,fusion_with_risk_avoidance,1,0.0000,0.0000,0.0000,8.00,0.00,8.0000,0.0000,0.0000,5.0838,0,0,0,0,0.0,0.0,0,0,0,0,0.0000,0.0000,177.19,0,stuck
1779722132.735,crossing_person,0,fusion_with_risk_avoidance,1,0.0000,0.0000,0.0000,8.00,0.00,8.0000,0.0000,0.0000,5.0635,0,0,0,0,0.0,0.0,0,0,0,0,0.0000,0.0000,177.29,0,stuck
1779722132.835,crossing_person,0,fusion_with_risk_avoidance,1,0.0000,0.0000,0.0000,8.00,0.00,8.0000,0.0000,0.0000,5.0460,0,0,0,0,0.0,0.0,0,0,0,0,0.0000,0.0000,177.39,0,stuck
1779722132.935,crossing_person,0,fusion_with_risk_avoidance,1,0.0000,0.0000,0.0000,8.00,0.00,8.0000,0.0000,0.0000,5.0312,0,0,0,0,0.0,0.0,0,0,0,0,0.0000,0.0000,177.49,0,stuck
1779722133.035,crossing_person,0,fusion_with_risk_avoidance,1,0.0000,0.0000,0.0000,8.00,0.00,8.0000,0.0000,0.0000,5.0193,0,0,0,0,0.0,0.0,0,0,0,0,0.0000,0.0000,177.59,0,stuck
1779722133.135,crossing_person,0,fusion_with_risk_avoidance,1,0.0000,0.0000,0.0000,8.00,0.00,8.0000,0.0000,0.0000,5.0102,0,0,0,0,0.0,0.0,0,0,0,0,0.0000,0.0000,177.69,0,stuck
1779722133.235,crossing_person,0,fusion_with_risk_avoidance,1,0.0000,0.0000,0.0000,8.00,0.00,8.0000,0.0000,0.0000,5.0040,0,0,0,0,0.0,0.0,0,0,0,0,0.0000,0.0000,177.79,0,stuck
1779722133.335,crossing_person,0,fusion_with_risk_avoidance,1,0.0000,0.0000,0.0000,8.00,0.00,8.0000,0.0000,0.0000,5.0006,0,0,0,0,0.0,0.0,0,0,0,0,0.0000,0.0000,177.89,0,stuck
1779722133.436,crossing_person,0,fusion_with_risk_avoidance,1,0.0000,0.0000,0.0000,8.00,0.00,8.0000,0.0000,0.0000,5.0002,0,0,0,0,0.0,0.0,0,0,0,0,0.0000,0.0000,177.99,0,stuck
1779722133.535,crossing_person,0,fusion_with_risk_avoidance,1,0.0000,0.0000,0.0000,8.00,0.00,8.0000,0.0000,0.0000,5.0026,0,0,0,0,0.0,0.0,0,0,0,0,0.0000,0.0000,178.09,0,stuck
1779722133.635,crossing_person,0,fusion_with_risk_avoidance,1,0.0000,0.0000,0.0000,8.00,0.00,8.0000,0.0000,0.0000,5.0078,0,0,0,0,0.0,0.0,0,0,0,0,0.0000,0.0000,178.19,0,stuck
1779722133.735,crossing_person,0,fusion_with_risk_avoidance,1,0.0000,0.0000,0.0000,8.00,0.00,8.0000,0.0000,0.0000,5.0160,0,0,0,0,0.0,0.0,0,0,0,0,0.0000,0.0000,178.29,0,stuck
1779722133.835,crossing_person,0,fusion_with_risk_avoidance,1,0.0000,0.0000,0.0000,8.00,0.00,8.0000,0.0000,0.0000,5.0270,0,0,0,0,0.0,0.0,0,0,0,0,0.0000,0.0000,178.39,0,stuck
1779722133.935,crossing_person,0,fusion_with_risk_avoidance,1,0.0000,0.0000,0.0000,8.00,0.00,8.0000,0.0000,0.0000,5.0409,0,0,0,0,0.0,0.0,0,0,0,0,0.0000,0.0000,178.49,0,stuck
1779722134.035,crossing_person,0,fusion_with_risk_avoidance,1,0.0000,0.0000,0.0000,8.00,0.00,8.0000,0.0000,0.0000,5.0575,0,0,0,0,0.0,0.0,0,0,0,0,0.0000,0.0000,178.59,0,stuck
1779722134.135,crossing_person,0,fusion_with_risk_avoidance,1,0.0000,0.0000,0.0000,8.00,0.00,8.0000,0.0000,0.0000,5.0769,0,0,0,0,0.0,0.0,0,0,0,0,0.0000,0.0000,178.69,0,stuck
1779722134.235,crossing_person,0,fusion_with_risk_avoidance,1,0.0000,0.0000,0.0000,8.00,0.00,8.0000,0.0000,0.0000,5.0991,0,0,0,0,0.0,0.0,0,0,0,0,0.0000,0.0000,178.79,0,stuck
1779722134.336,crossing_person,0,fusion_with_risk_avoidance,1,0.0000,0.0000,0.0000,8.00,0.00,8.0000,0.0000,0.0000,5.1242,0,0,0,0,0.0,0.0,0,0,0,0,0.0000,0.0000,178.89,0,stuck
1779722134.435,crossing_person,0,fusion_with_risk_avoidance,1,0.0000,0.0000,0.0000,8.00,0.00,8.0000,0.0000,0.0000,5.1518,0,0,0,0,0.0,0.0,0,0,0,0,0.0000,0.0000,178.99,0,stuck
1779722134.535,crossing_person,0,fusion_with_risk_avoidance,1,0.0000,0.0000,0.0000,8.00,0.00,8.0000,0.0000,0.0000,5.1817,0,0,0,0,0.0,0.0,0,0,0,0,0.0000,0.0000,179.09,0,stuck
1779722134.635,crossing_person,0,fusion_with_risk_avoidance,1,0.0000,0.0000,0.0000,8.00,0.00,8.0000,0.0000,0.0000,5.2145,0,0,0,0,0.0,0.0,0,0,0,0,0.0000,0.0000,179.19,0,stuck
1779722134.735,crossing_person,0,fusion_with_risk_avoidance,1,0.0000,0.0000,0.0000,8.00,0.00,8.0000,0.0000,0.0000,5.2499,0,0,0,0,0.0,0.0,0,0,0,0,0.0000,0.0000,179.29,0,stuck
1779722134.835,crossing_person,0,fusion_with_risk_avoidance,1,0.0000,0.0000,0.0000,8.00,0.00,8.0000,0.0000,0.0000,5.2877,0,0,0,0,0.0,0.0,0,0,0,0,0.0000,0.0000,179.39,0,stuck
1779722134.935,crossing_person,0,fusion_with_risk_avoidance,1,0.0000,0.0000,0.0000,8.00,0.00,8.0000,0.0000,0.0000,5.3279,0,0,0,0,0.0,0.0,0,0,0,0,0.0000,0.0000,179.49,0,stuck
1779722135.035,crossing_person,0,fusion_with_risk_avoidance,1,0.0000,0.0000,0.0000,8.00,0.00,8.0000,0.0000,0.0000,5.3705,0,0,0,0,0.0,0.0,0,0,0,0,0.0000,0.0000,179.59,0,stuck
1779722135.135,crossing_person,0,fusion_with_risk_avoidance,1,0.0000,0.0000,0.0000,8.00,0.00,8.0000,0.0000,0.0000,5.3559,0,0,0,0,0.0,0.0,0,0,0,0,0.0000,0.0000,179.69,0,stuck
1779722135.235,crossing_person,0,fusion_with_risk_avoidance,1,0.0000,0.0000,0.0000,8.00,0.00,8.0000,0.0000,0.0000,5.3140,0,0,0,0,0.0,0.0,0,0,0,0,0.0000,0.0000,179.79,0,stuck
1779722135.335,crossing_person,0,fusion_with_risk_avoidance,1,0.0000,0.0000,0.0000,8.00,0.00,8.0000,0.0000,0.0000,5.2746,0,0,0,0,0.0,0.0,0,0,0,0,0.0000,0.0000,179.89,0,stuck
1779722135.435,crossing_person,0,fusion_with_risk_avoidance,1,0.0000,0.0000,0.0000,8.00,0.00,8.0000,0.0000,0.0000,5.2376,0,0,0,0,0.0,0.0,0,0,0,0,0.0000,0.0000,179.99,0,stuck
1779722135.535,crossing_person,0,fusion_with_risk_avoidance,1,0.0000,0.0000,0.0000,8.00,0.00,8.0000,0.0000,0.0000,5.2031,0,0,0,0,0.0,0.0,0,0,0,0,0.0000,0.0000,180.09,0,stuck
1779722135.635,crossing_person,0,fusion_with_risk_avoidance,1,0.0000,0.0000,0.0000,8.00,0.00,8.0000,0.0000,0.0000,5.1712,0,0,0,0,0.0,0.0,0,0,0,0,0.0000,0.0000,180.19,0,stuck
1779722135.735,crossing_person,0,fusion_with_risk_avoidance,1,0.0000,0.0000,0.0000,8.00,0.00,8.0000,0.0000,0.0000,5.1419,0,0,0,0,0.0,0.0,0,0,0,0,0.0000,0.0000,180.29,0,stuck
1779722135.835,crossing_person,0,fusion_with_risk_avoidance,1,0.0000,0.0000,0.0000,8.00,0.00,8.0000,0.0000,0.0000,5.1152,0,0,0,0,0.0,0.0,0,0,0,0,0.0000,0.0000,180.39,0,stuck
1779722135.935,crossing_person,0,fusion_with_risk_avoidance,1,0.0000,0.0000,0.0000,8.00,0.00,8.0000,0.0000,0.0000,5.0913,0,0,0,0,0.0,0.0,0,0,0,0,0.0000,0.0000,180.49,0,stuck
1779722136.035,crossing_person,0,fusion_with_risk_avoidance,1,0.0000,0.0000,0.0000,8.00,0.00,8.0000,0.0000,0.0000,5.0700,0,0,0,0,0.0,0.0,0,0,0,0,0.0000,0.0000,180.59,0,stuck
1779722136.135,crossing_person,0,fusion_with_risk_avoidance,1,0.0000,0.0000,0.0000,8.00,0.00,8.0000,0.0000,0.0000,5.0515,0,0,0,0,0.0,0.0,0,0,0,0,0.0000,0.0000,180.69,0,stuck
1779722136.235,crossing_person,0,fusion_with_risk_avoidance,1,0.0000,0.0000,0.0000,8.00,0.00,8.0000,0.0000,0.0000,5.0358,0,0,0,0,0.0,0.0,0,0,0,0,0.0000,0.0000,180.79,0,stuck
1779722136.335,crossing_person,0,fusion_with_risk_avoidance,1,0.0000,0.0000,0.0000,8.00,0.00,8.0000,0.0000,0.0000,5.0230,0,0,0,0,0.0,0.0,0,0,0,0,0.0000,0.0000,180.89,0,stuck
1779722136.435,crossing_person,0,fusion_with_risk_avoidance,1,0.0000,0.0000,0.0000,8.00,0.00,8.0000,0.0000,0.0000,5.0129,0,0,0,0,0.0,0.0,0,0,0,0,0.0000,0.0000,180.99,0,stuck
1779722136.535,crossing_person,0,fusion_with_risk_avoidance,1,0.0000,0.0000,0.0000,8.00,0.00,8.0000,0.0000,0.0000,5.0057,0,0,0,0,0.0,0.0,0,0,0,0,0.0000,0.0000,181.09,0,stuck
1779722136.635,crossing_person,0,fusion_with_risk_avoidance,1,0.0000,0.0000,0.0000,8.00,0.00,8.0000,0.0000,0.0000,5.0014,0,0,0,0,0.0,0.0,0,0,0,0,0.0000,0.0000,181.19,0,stuck
1779722136.735,crossing_person,0,fusion_with_risk_avoidance,1,0.0000,0.0000,0.0000,8.00,0.00,8.0000,0.0000,0.0000,5.0000,0,0,0,0,0.0,0.0,0,0,0,0,0.0000,0.0000,181.29,0,stuck
1779722136.835,crossing_person,0,fusion_with_risk_avoidance,1,0.0000,0.0000,0.0000,8.00,0.00,8.0000,0.0000,0.0000,5.0014,0,0,0,0,0.0,0.0,0,0,0,0,0.0000,0.0000,181.39,0,stuck
1779722136.935,crossing_person,0,fusion_with_risk_avoidance,1,0.0000,0.0000,0.0000,8.00,0.00,8.0000,0.0000,0.0000,5.0058,0,0,0,0,0.0,0.0,0,0,0,0,0.0000,0.0000,181.49,0,stuck
1779722137.035,crossing_person,0,fusion_with_risk_avoidance,1,0.0000,0.0000,0.0000,8.00,0.00,8.0000,0.0000,0.0000,5.0130,0,0,0,0,0.0,0.0,0,0,0,0,0.0000,0.0000,181.59,0,stuck
1779722137.135,crossing_person,0,fusion_with_risk_avoidance,1,0.0000,0.0000,0.0000,8.00,0.00,8.0000,0.0000,0.0000,5.0230,0,0,0,0,0.0,0.0,0,0,0,0,0.0000,0.0000,181.69,0,stuck
1779722137.235,crossing_person,0,fusion_with_risk_avoidance,1,0.0000,0.0000,0.0000,8.00,0.00,8.0000,0.0000,0.0000,5.0359,0,0,0,0,0.0,0.0,0,0,0,0,0.0000,0.0000,181.79,0,stuck
1779722137.335,crossing_person,0,fusion_with_risk_avoidance,1,0.0000,0.0000,0.0000,8.00,0.00,8.0000,0.0000,0.0000,5.0516,0,0,0,0,0.0,0.0,0,0,0,0,0.0000,0.0000,181.89,0,stuck
1779722137.435,crossing_person,0,fusion_with_risk_avoidance,1,0.0000,0.0000,0.0000,8.00,0.00,8.0000,0.0000,0.0000,5.0701,0,0,0,0,0.0,0.0,0,0,0,0,0.0000,0.0000,181.99,0,stuck
1779722137.535,crossing_person,0,fusion_with_risk_avoidance,1,0.0000,0.0000,0.0000,8.00,0.00,8.0000,0.0000,0.0000,5.0914,0,0,0,0,0.0,0.0,0,0,0,0,0.0000,0.0000,182.09,0,stuck
1779722137.635,crossing_person,0,fusion_with_risk_avoidance,1,0.0000,0.0000,0.0000,8.00,0.00,8.0000,0.0000,0.0000,5.1156,0,0,0,0,0.0,0.0,0,0,0,0,0.0000,0.0000,182.19,0,stuck
1779722137.735,crossing_person,0,fusion_with_risk_avoidance,1,0.0000,0.0000,0.0000,8.00,0.00,8.0000,0.0000,0.0000,5.1420,0,0,0,0,0.0,0.0,0,0,0,0,0.0000,0.0000,182.29,0,stuck
1779722137.835,crossing_person,0,fusion_with_risk_avoidance,1,0.0000,0.0000,0.0000,8.00,0.00,8.0000,0.0000,0.0000,5.1714,0,0,0,0,0.0,0.0,0,0,0,0,0.0000,0.0000,182.39,0,stuck
1779722137.935,crossing_person,0,fusion_with_risk_avoidance,1,0.0000,0.0000,0.0000,8.00,0.00,8.0000,0.0000,0.0000,5.2033,0,0,0,0,0.0,0.0,0,0,0,0,0.0000,0.0000,182.49,0,stuck
1779722138.035,crossing_person,0,fusion_with_risk_avoidance,1,0.0000,0.0000,0.0000,8.00,0.00,8.0000,0.0000,0.0000,5.2378,0,0,0,0,0.0,0.0,0,0,0,0,0.0000,0.0000,182.59,0,stuck
1779722138.135,crossing_person,0,fusion_with_risk_avoidance,1,0.0000,0.0000,0.0000,8.00,0.00,8.0000,0.0000,0.0000,5.2748,0,0,0,0,0.0,0.0,0,0,0,0,0.0000,0.0000,182.69,0,stuck
1779722138.235,crossing_person,0,fusion_with_risk_avoidance,1,0.0000,0.0000,0.0000,8.00,0.00,8.0000,0.0000,0.0000,5.3142,0,0,0,0,0.0,0.0,0,0,0,0,0.0000,0.0000,182.79,0,stuck
1779722138.335,crossing_person,0,fusion_with_risk_avoidance,1,0.0000,0.0000,0.0000,8.00,0.00,8.0000,0.0000,0.0000,5.3561,0,0,0,0,0.0,0.0,0,0,0,0,0.0000,0.0000,182.89,0,stuck
1779722138.435,crossing_person,0,fusion_with_risk_avoidance,1,0.0000,0.0000,0.0000,8.00,0.00,8.0000,0.0000,0.0000,5.3703,0,0,0,0,0.0,0.0,0,0,0,0,0.0000,0.0000,182.99,0,stuck
1779722138.535,crossing_person,0,fusion_with_risk_avoidance,1,0.0000,0.0000,0.0000,8.00,0.00,8.0000,0.0000,0.0000,5.3277,0,0,0,0,0.0,0.0,0,0,0,0,0.0000,0.0000,183.09,0,stuck
1779722138.635,crossing_person,0,fusion_with_risk_avoidance,1,0.0000,0.0000,0.0000,8.00,0.00,8.0000,0.0000,0.0000,5.2874,0,0,0,0,0.0,0.0,0,0,0,0,0.0000,0.0000,183.19,0,stuck
1779722138.735,crossing_person,0,fusion_with_risk_avoidance,1,0.0000,0.0000,0.0000,8.00,0.00,8.0000,0.0000,0.0000,5.2497,0,0,0,0,0.0,0.0,0,0,0,0,0.0000,0.0000,183.29,0,stuck
1779722138.835,crossing_person,0,fusion_with_risk_avoidance,1,0.0000,0.0000,0.0000,8.00,0.00,8.0000,0.0000,0.0000,5.2144,0,0,0,0,0.0,0.0,0,0,0,0,0.0000,0.0000,183.39,0,stuck
1779722138.935,crossing_person,0,fusion_with_risk_avoidance,1,0.0000,0.0000,0.0000,8.00,0.00,8.0000,0.0000,0.0000,5.1816,0,0,0,0,0.0,0.0,0,0,0,0,0.0000,0.0000,183.49,0,stuck
1779722139.036,crossing_person,0,fusion_with_risk_avoidance,1,0.0000,0.0000,0.0000,8.00,0.00,8.0000,0.0000,0.0000,5.1514,0,0,0,0,0.0,0.0,0,0,0,0,0.0000,0.0000,183.59,0,stuck
1779722139.135,crossing_person,0,fusion_with_risk_avoidance,1,0.0000,0.0000,0.0000,8.00,0.00,8.0000,0.0000,0.0000,5.1238,0,0,0,0,0.0,0.0,0,0,0,0,0.0000,0.0000,183.69,0,stuck
1779722139.235,crossing_person,0,fusion_with_risk_avoidance,1,0.0000,0.0000,0.0000,8.00,0.00,8.0000,0.0000,0.0000,5.0990,0,0,0,0,0.0,0.0,0,0,0,0,0.0000,0.0000,183.79,0,stuck
1779722139.335,crossing_person,0,fusion_with_risk_avoidance,1,0.0000,0.0000,0.0000,8.00,0.00,8.0000,0.0000,0.0000,5.0768,0,0,0,0,0.0,0.0,0,0,0,0,0.0000,0.0000,183.89,0,stuck
1779722139.435,crossing_person,0,fusion_with_risk_avoidance,1,0.0000,0.0000,0.0000,8.00,0.00,8.0000,0.0000,0.0000,5.0574,0,0,0,0,0.0,0.0,0,0,0,0,0.0000,0.0000,183.99,0,stuck
1779722139.535,crossing_person,0,fusion_with_risk_avoidance,1,0.0000,0.0000,0.0000,8.00,0.00,8.0000,0.0000,0.0000,5.0406,0,0,0,0,0.0,0.0,0,0,0,0,0.0000,0.0000,184.09,0,stuck
1779722139.635,crossing_person,0,fusion_with_risk_avoidance,1,0.0000,0.0000,0.0000,8.00,0.00,8.0000,0.0000,0.0000,5.0269,0,0,0,0,0.0,0.0,0,0,0,0,0.0000,0.0000,184.19,0,stuck
1779722139.735,crossing_person,0,fusion_with_risk_avoidance,1,0.0000,0.0000,0.0000,8.00,0.00,8.0000,0.0000,0.0000,5.0159,0,0,0,0,0.0,0.0,0,0,0,0,0.0000,0.0000,184.29,0,stuck
1779722139.835,crossing_person,0,fusion_with_risk_avoidance,1,0.0000,0.0000,0.0000,8.00,0.00,8.0000,0.0000,0.0000,5.0078,0,0,0,0,0.0,0.0,0,0,0,0,0.0000,0.0000,184.39,0,stuck
1779722139.935,crossing_person,0,fusion_with_risk_avoidance,1,0.0000,0.0000,0.0000,8.00,0.00,8.0000,0.0000,0.0000,5.0026,0,0,0,0,0.0,0.0,0,0,0,0,0.0000,0.0000,184.49,0,stuck
1779722140.035,crossing_person,0,fusion_with_risk_avoidance,1,0.0000,0.0000,0.0000,8.00,0.00,8.0000,0.0000,0.0000,5.0002,0,0,0,0,0.0,0.0,0,0,0,0,0.0000,0.0000,184.59,0,stuck
1779722140.135,crossing_person,0,fusion_with_risk_avoidance,1,0.0000,0.0000,0.0000,8.00,0.00,8.0000,0.0000,0.0000,5.0006,0,0,0,0,0.0,0.0,0,0,0,0,0.0000,0.0000,184.69,0,stuck
1779722140.235,crossing_person,0,fusion_with_risk_avoidance,1,0.0000,0.0000,0.0000,8.00,0.00,8.0000,0.0000,0.0000,5.0041,0,0,0,0,0.0,0.0,0,0,0,0,0.0000,0.0000,184.79,0,stuck
1779722140.335,crossing_person,0,fusion_with_risk_avoidance,1,0.0000,0.0000,0.0000,8.00,0.00,8.0000,0.0000,0.0000,5.0102,0,0,0,0,0.0,0.0,0,0,0,0,0.0000,0.0000,184.89,0,stuck
1779722140.435,crossing_person,0,fusion_with_risk_avoidance,1,0.0000,0.0000,0.0000,8.00,0.00,8.0000,0.0000,0.0000,5.0194,0,0,0,0,0.0,0.0,0,0,0,0,0.0000,0.0000,184.99,0,stuck
1779722140.535,crossing_person,0,fusion_with_risk_avoidance,1,0.0000,0.0000,0.0000,8.00,0.00,8.0000,0.0000,0.0000,5.0315,0,0,0,0,0.0,0.0,0,0,0,0,0.0000,0.0000,185.09,0,stuck
1779722140.635,crossing_person,0,fusion_with_risk_avoidance,1,0.0000,0.0000,0.0000,8.00,0.00,8.0000,0.0000,0.0000,5.0461,0,0,0,0,0.0,0.0,0,0,0,0,0.0000,0.0000,185.19,0,stuck
1779722140.735,crossing_person,0,fusion_with_risk_avoidance,1,0.0000,0.0000,0.0000,8.00,0.00,8.0000,0.0000,0.0000,5.0636,0,0,0,0,0.0,0.0,0,0,0,0,0.0000,0.0000,185.29,0,stuck
1779722140.835,crossing_person,0,fusion_with_risk_avoidance,1,0.0000,0.0000,0.0000,8.00,0.00,8.0000,0.0000,0.0000,5.0840,0,0,0,0,0.0,0.0,0,0,0,0,0.0000,0.0000,185.39,0,stuck
1779722140.935,crossing_person,0,fusion_with_risk_avoidance,1,0.0000,0.0000,0.0000,8.00,0.00,8.0000,0.0000,0.0000,5.1071,0,0,0,0,0.0,0.0,0,0,0,0,0.0000,0.0000,185.49,0,stuck
1779722141.035,crossing_person,0,fusion_with_risk_avoidance,1,0.0000,0.0000,0.0000,8.00,0.00,8.0000,0.0000,0.0000,5.1329,0,0,0,0,0.0,0.0,0,0,0,0,0.0000,0.0000,185.59,0,stuck
1779722141.135,crossing_person,0,fusion_with_risk_avoidance,1,0.0000,0.0000,0.0000,8.00,0.00,8.0000,0.0000,0.0000,5.1613,0,0,0,0,0.0,0.0,0,0,0,0,0.0000,0.0000,185.69,0,stuck
1779722141.235,crossing_person,0,fusion_with_risk_avoidance,1,0.0000,0.0000,0.0000,8.00,0.00,8.0000,0.0000,0.0000,5.1924,0,0,0,0,0.0,0.0,0,0,0,0,0.0000,0.0000,185.79,0,stuck
1779722141.335,crossing_person,0,fusion_with_risk_avoidance,1,0.0000,0.0000,0.0000,8.00,0.00,8.0000,0.0000,0.0000,5.2260,0,0,0,0,0.0,0.0,0,0,0,0,0.0000,0.0000,185.89,0,stuck
1779722141.435,crossing_person,0,fusion_with_risk_avoidance,1,0.0000,0.0000,0.0000,8.00,0.00,8.0000,0.0000,0.0000,5.2624,0,0,0,0,0.0,0.0,0,0,0,0,0.0000,0.0000,185.99,0,stuck
1779722141.535,crossing_person,0,fusion_with_risk_avoidance,1,0.0000,0.0000,0.0000,8.00,0.00,8.0000,0.0000,0.0000,5.3012,0,0,0,0,0.0,0.0,0,0,0,0,0.0000,0.0000,186.09,0,stuck
1779722141.635,crossing_person,0,fusion_with_risk_avoidance,1,0.0000,0.0000,0.0000,8.00,0.00,8.0000,0.0000,0.0000,5.3420,0,0,0,0,0.0,0.0,0,0,0,0,0.0000,0.0000,186.19,0,stuck
1779722141.735,crossing_person,0,fusion_with_risk_avoidance,1,0.0000,0.0000,0.0000,8.00,0.00,8.0000,0.0000,0.0000,5.3851,0,0,0,0,0.0,0.0,0,0,0,0,0.0000,0.0000,186.29,0,stuck
1779722141.835,crossing_person,0,fusion_with_risk_avoidance,1,0.0000,0.0000,0.0000,8.00,0.00,8.0000,0.0000,0.0000,5.3417,0,0,0,0,0.0,0.0,0,0,0,0,0.0000,0.0000,186.39,0,stuck
1779722141.935,crossing_person,0,fusion_with_risk_avoidance,1,0.0000,0.0000,0.0000,8.00,0.00,8.0000,0.0000,0.0000,5.3006,0,0,0,0,0.0,0.0,0,0,0,0,0.0000,0.0000,186.49,0,stuck
1779722142.035,crossing_person,0,fusion_with_risk_avoidance,1,0.0000,0.0000,0.0000,8.00,0.00,8.0000,0.0000,0.0000,5.2620,0,0,0,0,0.0,0.0,0,0,0,0,0.0000,0.0000,186.59,0,stuck
1779722142.135,crossing_person,0,fusion_with_risk_avoidance,1,0.0000,0.0000,0.0000,8.00,0.00,8.0000,0.0000,0.0000,5.2258,0,0,0,0,0.0,0.0,0,0,0,0,0.0000,0.0000,186.69,0,stuck
1779722142.235,crossing_person,0,fusion_with_risk_avoidance,1,0.0000,0.0000,0.0000,8.00,0.00,8.0000,0.0000,0.0000,5.1922,0,0,0,0,0.0,0.0,0,0,0,0,0.0000,0.0000,186.79,0,stuck
1779722142.335,crossing_person,0,fusion_with_risk_avoidance,1,0.0000,0.0000,0.0000,8.00,0.00,8.0000,0.0000,0.0000,5.1612,0,0,0,0,0.0,0.0,0,0,0,0,0.0000,0.0000,186.89,0,stuck
1779722142.435,crossing_person,0,fusion_with_risk_avoidance,1,0.0000,0.0000,0.0000,8.00,0.00,8.0000,0.0000,0.0000,5.1327,0,0,0,0,0.0,0.0,0,0,0,0,0.0000,0.0000,186.99,0,stuck
1779722142.535,crossing_person,0,fusion_with_risk_avoidance,1,0.0000,0.0000,0.0000,8.00,0.00,8.0000,0.0000,0.0000,5.1070,0,0,0,0,0.0,0.0,0,0,0,0,0.0000,0.0000,187.09,0,stuck
1779722142.635,crossing_person,0,fusion_with_risk_avoidance,1,0.0000,0.0000,0.0000,8.00,0.00,8.0000,0.0000,0.0000,5.0839,0,0,0,0,0.0,0.0,0,0,0,0,0.0000,0.0000,187.19,0,stuck
1779722142.735,crossing_person,0,fusion_with_risk_avoidance,1,0.0000,0.0000,0.0000,8.00,0.00,8.0000,0.0000,0.0000,5.0635,0,0,0,0,0.0,0.0,0,0,0,0,0.0000,0.0000,187.29,0,stuck
1779722142.835,crossing_person,0,fusion_with_risk_avoidance,1,0.0000,0.0000,0.0000,8.00,0.00,8.0000,0.0000,0.0000,5.0460,0,0,0,0,0.0,0.0,0,0,0,0,0.0000,0.0000,187.39,0,stuck
1779722142.935,crossing_person,0,fusion_with_risk_avoidance,1,0.0000,0.0000,0.0000,8.00,0.00,8.0000,0.0000,0.0000,5.0312,0,0,0,0,0.0,0.0,0,0,0,0,0.0000,0.0000,187.49,0,stuck
1779722143.035,crossing_person,0,fusion_with_risk_avoidance,1,0.0000,0.0000,0.0000,8.00,0.00,8.0000,0.0000,0.0000,5.0193,0,0,0,0,0.0,0.0,0,0,0,0,0.0000,0.0000,187.59,0,stuck
1779722143.135,crossing_person,0,fusion_with_risk_avoidance,1,0.0000,0.0000,0.0000,8.00,0.00,8.0000,0.0000,0.0000,5.0102,0,0,0,0,0.0,0.0,0,0,0,0,0.0000,0.0000,187.69,0,stuck
1779722143.235,crossing_person,0,fusion_with_risk_avoidance,1,0.0000,0.0000,0.0000,8.00,0.00,8.0000,0.0000,0.0000,5.0040,0,0,0,0,0.0,0.0,0,0,0,0,0.0000,0.0000,187.79,0,stuck
1779722143.335,crossing_person,0,fusion_with_risk_avoidance,1,0.0000,0.0000,0.0000,8.00,0.00,8.0000,0.0000,0.0000,5.0006,0,0,0,0,0.0,0.0,0,0,0,0,0.0000,0.0000,187.89,0,stuck
1779722143.435,crossing_person,0,fusion_with_risk_avoidance,1,0.0000,0.0000,0.0000,8.00,0.00,8.0000,0.0000,0.0000,5.0002,0,0,0,0,0.0,0.0,0,0,0,0,0.0000,0.0000,187.99,0,stuck
1779722143.535,crossing_person,0,fusion_with_risk_avoidance,1,0.0000,0.0000,0.0000,8.00,0.00,8.0000,0.0000,0.0000,5.0026,0,0,0,0,0.0,0.0,0,0,0,0,0.0000,0.0000,188.09,0,stuck
1779722143.635,crossing_person,0,fusion_with_risk_avoidance,1,0.0000,0.0000,0.0000,8.00,0.00,8.0000,0.0000,0.0000,5.0079,0,0,0,0,0.0,0.0,0,0,0,0,0.0000,0.0000,188.19,0,stuck
1779722143.735,crossing_person,0,fusion_with_risk_avoidance,1,0.0000,0.0000,0.0000,8.00,0.00,8.0000,0.0000,0.0000,5.0160,0,0,0,0,0.0,0.0,0,0,0,0,0.0000,0.0000,188.29,0,stuck
1779722143.836,crossing_person,0,fusion_with_risk_avoidance,1,0.0000,0.0000,0.0000,8.00,0.00,8.0000,0.0000,0.0000,5.0270,0,0,0,0,0.0,0.0,0,0,0,0,0.0000,0.0000,188.39,0,stuck
1779722143.936,crossing_person,0,fusion_with_risk_avoidance,1,0.0000,0.0000,0.0000,8.00,0.00,8.0000,0.0000,0.0000,5.0409,0,0,0,0,0.0,0.0,0,0,0,0,0.0000,0.0000,188.49,0,stuck
1779722144.035,crossing_person,0,fusion_with_risk_avoidance,1,0.0000,0.0000,0.0000,8.00,0.00,8.0000,0.0000,0.0000,5.0580,0,0,0,0,0.0,0.0,0,0,0,0,0.0000,0.0000,188.59,0,stuck
1779722144.135,crossing_person,0,fusion_with_risk_avoidance,1,0.0000,0.0000,0.0000,8.00,0.00,8.0000,0.0000,0.0000,5.0769,0,0,0,0,0.0,0.0,0,0,0,0,0.0000,0.0000,188.69,0,stuck
1779722144.235,crossing_person,0,fusion_with_risk_avoidance,1,0.0000,0.0000,0.0000,8.00,0.00,8.0000,0.0000,0.0000,5.0991,0,0,0,0,0.0,0.0,0,0,0,0,0.0000,0.0000,188.79,0,stuck
1779722144.335,crossing_person,0,fusion_with_risk_avoidance,1,0.0000,0.0000,0.0000,8.00,0.00,8.0000,0.0000,0.0000,5.1240,0,0,0,0,0.0,0.0,0,0,0,0,0.0000,0.0000,188.89,0,stuck
1779722144.435,crossing_person,0,fusion_with_risk_avoidance,1,0.0000,0.0000,0.0000,8.00,0.00,8.0000,0.0000,0.0000,5.1516,0,0,0,0,0.0,0.0,0,0,0,0,0.0000,0.0000,188.99,0,stuck
1779722144.535,crossing_person,0,fusion_with_risk_avoidance,1,0.0000,0.0000,0.0000,8.00,0.00,8.0000,0.0000,0.0000,5.1818,0,0,0,0,0.0,0.0,0,0,0,0,0.0000,0.0000,189.09,0,stuck
1779722144.635,crossing_person,0,fusion_with_risk_avoidance,1,0.0000,0.0000,0.0000,8.00,0.00,8.0000,0.0000,0.0000,5.2146,0,0,0,0,0.0,0.0,0,0,0,0,0.0000,0.0000,189.19,0,stuck
1779722144.735,crossing_person,0,fusion_with_risk_avoidance,1,0.0000,0.0000,0.0000,8.00,0.00,8.0000,0.0000,0.0000,5.2499,0,0,0,0,0.0,0.0,0,0,0,0,0.0000,0.0000,189.29,0,stuck
1779722144.835,crossing_person,0,fusion_with_risk_avoidance,1,0.0000,0.0000,0.0000,8.00,0.00,8.0000,0.0000,0.0000,5.2877,0,0,0,0,0.0,0.0,0,0,0,0,0.0000,0.0000,189.39,0,stuck
1779722144.935,crossing_person,0,fusion_with_risk_avoidance,1,0.0000,0.0000,0.0000,8.00,0.00,8.0000,0.0000,0.0000,5.3279,0,0,0,0,0.0,0.0,0,0,0,0,0.0000,0.0000,189.49,0,stuck
1779722145.035,crossing_person,0,fusion_with_risk_avoidance,1,0.0000,0.0000,0.0000,8.00,0.00,8.0000,0.0000,0.0000,5.3705,0,0,0,0,0.0,0.0,0,0,0,0,0.0000,0.0000,189.59,0,stuck
1779722145.135,crossing_person,0,fusion_with_risk_avoidance,1,0.0000,0.0000,0.0000,8.00,0.00,8.0000,0.0000,0.0000,5.3558,0,0,0,0,0.0,0.0,0,0,0,0,0.0000,0.0000,189.69,0,stuck
1779722145.235,crossing_person,0,fusion_with_risk_avoidance,1,0.0000,0.0000,0.0000,8.00,0.00,8.0000,0.0000,0.0000,5.3140,0,0,0,0,0.0,0.0,0,0,0,0,0.0000,0.0000,189.79,0,stuck
1779722145.335,crossing_person,0,fusion_with_risk_avoidance,1,0.0000,0.0000,0.0000,8.00,0.00,8.0000,0.0000,0.0000,5.2746,0,0,0,0,0.0,0.0,0,0,0,0,0.0000,0.0000,189.89,0,stuck
1779722145.435,crossing_person,0,fusion_with_risk_avoidance,1,0.0000,0.0000,0.0000,8.00,0.00,8.0000,0.0000,0.0000,5.2376,0,0,0,0,0.0,0.0,0,0,0,0,0.0000,0.0000,189.99,0,stuck
1779722145.535,crossing_person,0,fusion_with_risk_avoidance,1,0.0000,0.0000,0.0000,8.00,0.00,8.0000,0.0000,0.0000,5.2031,0,0,0,0,0.0,0.0,0,0,0,0,0.0000,0.0000,190.09,0,stuck
1779722145.635,crossing_person,0,fusion_with_risk_avoidance,1,0.0000,0.0000,0.0000,8.00,0.00,8.0000,0.0000,0.0000,5.1712,0,0,0,0,0.0,0.0,0,0,0,0,0.0000,0.0000,190.19,0,stuck
1779722145.735,crossing_person,0,fusion_with_risk_avoidance,1,0.0000,0.0000,0.0000,8.00,0.00,8.0000,0.0000,0.0000,5.1419,0,0,0,0,0.0,0.0,0,0,0,0,0.0000,0.0000,190.29,0,stuck
1779722145.835,crossing_person,0,fusion_with_risk_avoidance,1,0.0000,0.0000,0.0000,8.00,0.00,8.0000,0.0000,0.0000,5.1152,0,0,0,0,0.0,0.0,0,0,0,0,0.0000,0.0000,190.39,0,stuck
1779722145.935,crossing_person,0,fusion_with_risk_avoidance,1,0.0000,0.0000,0.0000,8.00,0.00,8.0000,0.0000,0.0000,5.0913,0,0,0,0,0.0,0.0,0,0,0,0,0.0000,0.0000,190.49,0,stuck
1779722146.035,crossing_person,0,fusion_with_risk_avoidance,1,0.0000,0.0000,0.0000,8.00,0.00,8.0000,0.0000,0.0000,5.0700,0,0,0,0,0.0,0.0,0,0,0,0,0.0000,0.0000,190.59,0,stuck
1779722146.135,crossing_person,0,fusion_with_risk_avoidance,1,0.0000,0.0000,0.0000,8.00,0.00,8.0000,0.0000,0.0000,5.0515,0,0,0,0,0.0,0.0,0,0,0,0,0.0000,0.0000,190.69,0,stuck
1779722146.235,crossing_person,0,fusion_with_risk_avoidance,1,0.0000,0.0000,0.0000,8.00,0.00,8.0000,0.0000,0.0000,5.0358,0,0,0,0,0.0,0.0,0,0,0,0,0.0000,0.0000,190.79,0,stuck
1779722146.335,crossing_person,0,fusion_with_risk_avoidance,1,0.0000,0.0000,0.0000,8.00,0.00,8.0000,0.0000,0.0000,5.0230,0,0,0,0,0.0,0.0,0,0,0,0,0.0000,0.0000,190.89,0,stuck
1779722146.435,crossing_person,0,fusion_with_risk_avoidance,1,0.0000,0.0000,0.0000,8.00,0.00,8.0000,0.0000,0.0000,5.0129,0,0,0,0,0.0,0.0,0,0,0,0,0.0000,0.0000,190.99,0,stuck
1779722146.535,crossing_person,0,fusion_with_risk_avoidance,1,0.0000,0.0000,0.0000,8.00,0.00,8.0000,0.0000,0.0000,5.0057,0,0,0,0,0.0,0.0,0,0,0,0,0.0000,0.0000,191.09,0,stuck
1779722146.635,crossing_person,0,fusion_with_risk_avoidance,1,0.0000,0.0000,0.0000,8.00,0.00,8.0000,0.0000,0.0000,5.0014,0,0,0,0,0.0,0.0,0,0,0,0,0.0000,0.0000,191.19,0,stuck
1779722146.735,crossing_person,0,fusion_with_risk_avoidance,1,0.0000,0.0000,0.0000,8.00,0.00,8.0000,0.0000,0.0000,5.0000,0,0,0,0,0.0,0.0,0,0,0,0,0.0000,0.0000,191.29,0,stuck
1779722146.835,crossing_person,0,fusion_with_risk_avoidance,1,0.0000,0.0000,0.0000,8.00,0.00,8.0000,0.0000,0.0000,5.0014,0,0,0,0,0.0,0.0,0,0,0,0,0.0000,0.0000,191.39,0,stuck
1779722146.935,crossing_person,0,fusion_with_risk_avoidance,1,0.0000,0.0000,0.0000,8.00,0.00,8.0000,0.0000,0.0000,5.0058,0,0,0,0,0.0,0.0,0,0,0,0,0.0000,0.0000,191.49,0,stuck
1779722147.035,crossing_person,0,fusion_with_risk_avoidance,1,0.0000,0.0000,0.0000,8.00,0.00,8.0000,0.0000,0.0000,5.0130,0,0,0,0,0.0,0.0,0,0,0,0,0.0000,0.0000,191.59,0,stuck
1779722147.135,crossing_person,0,fusion_with_risk_avoidance,1,0.0000,0.0000,0.0000,8.00,0.00,8.0000,0.0000,0.0000,5.0230,0,0,0,0,0.0,0.0,0,0,0,0,0.0000,0.0000,191.69,0,stuck
1779722147.235,crossing_person,0,fusion_with_risk_avoidance,1,0.0000,0.0000,0.0000,8.00,0.00,8.0000,0.0000,0.0000,5.0359,0,0,0,0,0.0,0.0,0,0,0,0,0.0000,0.0000,191.79,0,stuck
1779722147.335,crossing_person,0,fusion_with_risk_avoidance,1,0.0000,0.0000,0.0000,8.00,0.00,8.0000,0.0000,0.0000,5.0516,0,0,0,0,0.0,0.0,0,0,0,0,0.0000,0.0000,191.89,0,stuck
1779722147.435,crossing_person,0,fusion_with_risk_avoidance,1,0.0000,0.0000,0.0000,8.00,0.00,8.0000,0.0000,0.0000,5.0701,0,0,0,0,0.0,0.0,0,0,0,0,0.0000,0.0000,191.99,0,stuck
1779722147.535,crossing_person,0,fusion_with_risk_avoidance,1,0.0000,0.0000,0.0000,8.00,0.00,8.0000,0.0000,0.0000,5.0914,0,0,0,0,0.0,0.0,0,0,0,0,0.0000,0.0000,192.09,0,stuck
1779722147.635,crossing_person,0,fusion_with_risk_avoidance,1,0.0000,0.0000,0.0000,8.00,0.00,8.0000,0.0000,0.0000,5.1154,0,0,0,0,0.0,0.0,0,0,0,0,0.0000,0.0000,192.19,0,stuck
1779722147.735,crossing_person,0,fusion_with_risk_avoidance,1,0.0000,0.0000,0.0000,8.00,0.00,8.0000,0.0000,0.0000,5.1420,0,0,0,0,0.0,0.0,0,0,0,0,0.0000,0.0000,192.29,0,stuck
1779722147.835,crossing_person,0,fusion_with_risk_avoidance,1,0.0000,0.0000,0.0000,8.00,0.00,8.0000,0.0000,0.0000,5.1714,0,0,0,0,0.0,0.0,0,0,0,0,0.0000,0.0000,192.39,0,stuck
1779722147.935,crossing_person,0,fusion_with_risk_avoidance,1,0.0000,0.0000,0.0000,8.00,0.00,8.0000,0.0000,0.0000,5.2033,0,0,0,0,0.0,0.0,0,0,0,0,0.0000,0.0000,192.49,0,stuck
1779722148.035,crossing_person,0,fusion_with_risk_avoidance,1,0.0000,0.0000,0.0000,8.00,0.00,8.0000,0.0000,0.0000,5.2378,0,0,0,0,0.0,0.0,0,0,0,0,0.0000,0.0000,192.59,0,stuck
1779722148.135,crossing_person,0,fusion_with_risk_avoidance,1,0.0000,0.0000,0.0000,8.00,0.00,8.0000,0.0000,0.0000,5.2749,0,0,0,0,0.0,0.0,0,0,0,0,0.0000,0.0000,192.69,0,stuck
1779722148.235,crossing_person,0,fusion_with_risk_avoidance,1,0.0000,0.0000,0.0000,8.00,0.00,8.0000,0.0000,0.0000,5.3143,0,0,0,0,0.0,0.0,0,0,0,0,0.0000,0.0000,192.79,0,stuck
1779722148.335,crossing_person,0,fusion_with_risk_avoidance,1,0.0000,0.0000,0.0000,8.00,0.00,8.0000,0.0000,0.0000,5.3561,0,0,0,0,0.0,0.0,0,0,0,0,0.0000,0.0000,192.89,0,stuck
1779722148.435,crossing_person,0,fusion_with_risk_avoidance,1,0.0000,0.0000,0.0000,8.00,0.00,8.0000,0.0000,0.0000,5.3703,0,0,0,0,0.0,0.0,0,0,0,0,0.0000,0.0000,192.99,0,stuck
1779722148.535,crossing_person,0,fusion_with_risk_avoidance,1,0.0000,0.0000,0.0000,8.00,0.00,8.0000,0.0000,0.0000,5.3275,0,0,0,0,0.0,0.0,0,0,0,0,0.0000,0.0000,193.09,0,stuck
1779722148.635,crossing_person,0,fusion_with_risk_avoidance,1,0.0000,0.0000,0.0000,8.00,0.00,8.0000,0.0000,0.0000,5.2874,0,0,0,0,0.0,0.0,0,0,0,0,0.0000,0.0000,193.19,0,stuck
1779722148.735,crossing_person,0,fusion_with_risk_avoidance,1,0.0000,0.0000,0.0000,8.00,0.00,8.0000,0.0000,0.0000,5.2497,0,0,0,0,0.0,0.0,0,0,0,0,0.0000,0.0000,193.29,0,stuck
1779722148.835,crossing_person,0,fusion_with_risk_avoidance,1,0.0000,0.0000,0.0000,8.00,0.00,8.0000,0.0000,0.0000,5.2144,0,0,0,0,0.0,0.0,0,0,0,0,0.0000,0.0000,193.39,0,stuck
1779722148.935,crossing_person,0,fusion_with_risk_avoidance,1,0.0000,0.0000,0.0000,8.00,0.00,8.0000,0.0000,0.0000,5.1816,0,0,0,0,0.0,0.0,0,0,0,0,0.0000,0.0000,193.49,0,stuck
1779722149.035,crossing_person,0,fusion_with_risk_avoidance,1,0.0000,0.0000,0.0000,8.00,0.00,8.0000,0.0000,0.0000,5.1514,0,0,0,0,0.0,0.0,0,0,0,0,0.0000,0.0000,193.59,0,stuck
1779722149.135,crossing_person,0,fusion_with_risk_avoidance,1,0.0000,0.0000,0.0000,8.00,0.00,8.0000,0.0000,0.0000,5.1238,0,0,0,0,0.0,0.0,0,0,0,0,0.0000,0.0000,193.69,0,stuck
1779722149.235,crossing_person,0,fusion_with_risk_avoidance,1,0.0000,0.0000,0.0000,8.00,0.00,8.0000,0.0000,0.0000,5.0990,0,0,0,0,0.0,0.0,0,0,0,0,0.0000,0.0000,193.79,0,stuck
1779722149.335,crossing_person,0,fusion_with_risk_avoidance,1,0.0000,0.0000,0.0000,8.00,0.00,8.0000,0.0000,0.0000,5.0768,0,0,0,0,0.0,0.0,0,0,0,0,0.0000,0.0000,193.89,0,stuck
1779722149.435,crossing_person,0,fusion_with_risk_avoidance,1,0.0000,0.0000,0.0000,8.00,0.00,8.0000,0.0000,0.0000,5.0574,0,0,0,0,0.0,0.0,0,0,0,0,0.0000,0.0000,193.99,0,stuck
1779722149.535,crossing_person,0,fusion_with_risk_avoidance,1,0.0000,0.0000,0.0000,8.00,0.00,8.0000,0.0000,0.0000,5.0408,0,0,0,0,0.0,0.0,0,0,0,0,0.0000,0.0000,194.09,0,stuck
1779722149.635,crossing_person,0,fusion_with_risk_avoidance,1,0.0000,0.0000,0.0000,8.00,0.00,8.0000,0.0000,0.0000,5.0269,0,0,0,0,0.0,0.0,0,0,0,0,0.0000,0.0000,194.19,0,stuck
1779722149.735,crossing_person,0,fusion_with_risk_avoidance,1,0.0000,0.0000,0.0000,8.00,0.00,8.0000,0.0000,0.0000,5.0160,0,0,0,0,0.0,0.0,0,0,0,0,0.0000,0.0000,194.29,0,stuck
1779722149.835,crossing_person,0,fusion_with_risk_avoidance,1,0.0000,0.0000,0.0000,8.00,0.00,8.0000,0.0000,0.0000,5.0078,0,0,0,0,0.0,0.0,0,0,0,0,0.0000,0.0000,194.39,0,stuck
1779722149.935,crossing_person,0,fusion_with_risk_avoidance,1,0.0000,0.0000,0.0000,8.00,0.00,8.0000,0.0000,0.0000,5.0026,0,0,0,0,0.0,0.0,0,0,0,0,0.0000,0.0000,194.49,0,stuck
1779722150.035,crossing_person,0,fusion_with_risk_avoidance,1,0.0000,0.0000,0.0000,8.00,0.00,8.0000,0.0000,0.0000,5.0002,0,0,0,0,0.0,0.0,0,0,0,0,0.0000,0.0000,194.59,0,stuck
1779722150.135,crossing_person,0,fusion_with_risk_avoidance,1,0.0000,0.0000,0.0000,8.00,0.00,8.0000,0.0000,0.0000,5.0006,0,0,0,0,0.0,0.0,0,0,0,0,0.0000,0.0000,194.69,0,stuck
1779722150.235,crossing_person,0,fusion_with_risk_avoidance,1,0.0000,0.0000,0.0000,8.00,0.00,8.0000,0.0000,0.0000,5.0040,0,0,0,0,0.0,0.0,0,0,0,0,0.0000,0.0000,194.79,0,stuck
1779722150.335,crossing_person,0,fusion_with_risk_avoidance,1,0.0000,0.0000,0.0000,8.00,0.00,8.0000,0.0000,0.0000,5.0102,0,0,0,0,0.0,0.0,0,0,0,0,0.0000,0.0000,194.89,0,stuck
1779722150.435,crossing_person,0,fusion_with_risk_avoidance,1,0.0000,0.0000,0.0000,8.00,0.00,8.0000,0.0000,0.0000,5.0193,0,0,0,0,0.0,0.0,0,0,0,0,0.0000,0.0000,194.99,0,stuck
1779722150.535,crossing_person,0,fusion_with_risk_avoidance,1,0.0000,0.0000,0.0000,8.00,0.00,8.0000,0.0000,0.0000,5.0313,0,0,0,0,0.0,0.0,0,0,0,0,0.0000,0.0000,195.09,0,stuck
1779722150.635,crossing_person,0,fusion_with_risk_avoidance,1,0.0000,0.0000,0.0000,8.00,0.00,8.0000,0.0000,0.0000,5.0461,0,0,0,0,0.0,0.0,0,0,0,0,0.0000,0.0000,195.19,0,stuck
1779722150.735,crossing_person,0,fusion_with_risk_avoidance,1,0.0000,0.0000,0.0000,8.00,0.00,8.0000,0.0000,0.0000,5.0636,0,0,0,0,0.0,0.0,0,0,0,0,0.0000,0.0000,195.29,0,stuck
1779722150.835,crossing_person,0,fusion_with_risk_avoidance,1,0.0000,0.0000,0.0000,8.00,0.00,8.0000,0.0000,0.0000,5.0840,0,0,0,0,0.0,0.0,0,0,0,0,0.0000,0.0000,195.39,0,stuck
1779722150.935,crossing_person,0,fusion_with_risk_avoidance,1,0.0000,0.0000,0.0000,8.00,0.00,8.0000,0.0000,0.0000,5.1071,0,0,0,0,0.0,0.0,0,0,0,0,0.0000,0.0000,195.49,0,stuck
1779722151.035,crossing_person,0,fusion_with_risk_avoidance,1,0.0000,0.0000,0.0000,8.00,0.00,8.0000,0.0000,0.0000,5.1329,0,0,0,0,0.0,0.0,0,0,0,0,0.0000,0.0000,195.59,0,stuck
1779722151.135,crossing_person,0,fusion_with_risk_avoidance,1,0.0000,0.0000,0.0000,8.00,0.00,8.0000,0.0000,0.0000,5.1613,0,0,0,0,0.0,0.0,0,0,0,0,0.0000,0.0000,195.69,0,stuck
1779722151.235,crossing_person,0,fusion_with_risk_avoidance,1,0.0000,0.0000,0.0000,8.00,0.00,8.0000,0.0000,0.0000,5.1924,0,0,0,0,0.0,0.0,0,0,0,0,0.0000,0.0000,195.79,0,stuck
1779722151.335,crossing_person,0,fusion_with_risk_avoidance,1,0.0000,0.0000,0.0000,8.00,0.00,8.0000,0.0000,0.0000,5.2260,0,0,0,0,0.0,0.0,0,0,0,0,0.0000,0.0000,195.89,0,stuck
1779722151.435,crossing_person,0,fusion_with_risk_avoidance,1,0.0000,0.0000,0.0000,8.00,0.00,8.0000,0.0000,0.0000,5.2622,0,0,0,0,0.0,0.0,0,0,0,0,0.0000,0.0000,195.99,0,stuck
1779722151.535,crossing_person,0,fusion_with_risk_avoidance,1,0.0000,0.0000,0.0000,8.00,0.00,8.0000,0.0000,0.0000,5.3008,0,0,0,0,0.0,0.0,0,0,0,0,0.0000,0.0000,196.09,0,stuck
1779722151.635,crossing_person,0,fusion_with_risk_avoidance,1,0.0000,0.0000,0.0000,8.00,0.00,8.0000,0.0000,0.0000,5.3419,0,0,0,0,0.0,0.0,0,0,0,0,0.0000,0.0000,196.19,0,stuck
1779722151.735,crossing_person,0,fusion_with_risk_avoidance,1,0.0000,0.0000,0.0000,8.00,0.00,8.0000,0.0000,0.0000,5.3851,0,0,0,0,0.0,0.0,0,0,0,0,0.0000,0.0000,196.29,0,stuck
1779722151.835,crossing_person,0,fusion_with_risk_avoidance,1,0.0000,0.0000,0.0000,8.00,0.00,8.0000,0.0000,0.0000,5.3417,0,0,0,0,0.0,0.0,0,0,0,0,0.0000,0.0000,196.39,0,stuck
1779722151.935,crossing_person,0,fusion_with_risk_avoidance,1,0.0000,0.0000,0.0000,8.00,0.00,8.0000,0.0000,0.0000,5.3006,0,0,0,0,0.0,0.0,0,0,0,0,0.0000,0.0000,196.49,0,stuck
1779722152.035,crossing_person,0,fusion_with_risk_avoidance,1,0.0000,0.0000,0.0000,8.00,0.00,8.0000,0.0000,0.0000,5.2615,0,0,0,0,0.0,0.0,0,0,0,0,0.0000,0.0000,196.59,0,stuck
1779722152.135,crossing_person,0,fusion_with_risk_avoidance,1,0.0000,0.0000,0.0000,8.00,0.00,8.0000,0.0000,0.0000,5.2259,0,0,0,0,0.0,0.0,0,0,0,0,0.0000,0.0000,196.69,0,stuck
1779722152.235,crossing_person,0,fusion_with_risk_avoidance,1,0.0000,0.0000,0.0000,8.00,0.00,8.0000,0.0000,0.0000,5.1922,0,0,0,0,0.0,0.0,0,0,0,0,0.0000,0.0000,196.79,0,stuck
1779722152.335,crossing_person,0,fusion_with_risk_avoidance,1,0.0000,0.0000,0.0000,8.00,0.00,8.0000,0.0000,0.0000,5.1612,0,0,0,0,0.0,0.0,0,0,0,0,0.0000,0.0000,196.89,0,stuck
1779722152.435,crossing_person,0,fusion_with_risk_avoidance,1,0.0000,0.0000,0.0000,8.00,0.00,8.0000,0.0000,0.0000,5.1327,0,0,0,0,0.0,0.0,0,0,0,0,0.0000,0.0000,196.99,0,stuck
1779722152.535,crossing_person,0,fusion_with_risk_avoidance,1,0.0000,0.0000,0.0000,8.00,0.00,8.0000,0.0000,0.0000,5.1070,0,0,0,0,0.0,0.0,0,0,0,0,0.0000,0.0000,197.09,0,stuck
1779722152.635,crossing_person,0,fusion_with_risk_avoidance,1,0.0000,0.0000,0.0000,8.00,0.00,8.0000,0.0000,0.0000,5.0839,0,0,0,0,0.0,0.0,0,0,0,0,0.0000,0.0000,197.19,0,stuck
1779722152.735,crossing_person,0,fusion_with_risk_avoidance,1,0.0000,0.0000,0.0000,8.00,0.00,8.0000,0.0000,0.0000,5.0635,0,0,0,0,0.0,0.0,0,0,0,0,0.0000,0.0000,197.29,0,stuck
1779722152.835,crossing_person,0,fusion_with_risk_avoidance,1,0.0000,0.0000,0.0000,8.00,0.00,8.0000,0.0000,0.0000,5.0460,0,0,0,0,0.0,0.0,0,0,0,0,0.0000,0.0000,197.39,0,stuck
1779722152.935,crossing_person,0,fusion_with_risk_avoidance,1,0.0000,0.0000,0.0000,8.00,0.00,8.0000,0.0000,0.0000,5.0312,0,0,0,0,0.0,0.0,0,0,0,0,0.0000,0.0000,197.49,0,stuck
1779722153.035,crossing_person,0,fusion_with_risk_avoidance,1,0.0000,0.0000,0.0000,8.00,0.00,8.0000,0.0000,0.0000,5.0193,0,0,0,0,0.0,0.0,0,0,0,0,0.0000,0.0000,197.59,0,stuck
1779722153.135,crossing_person,0,fusion_with_risk_avoidance,1,0.0000,0.0000,0.0000,8.00,0.00,8.0000,0.0000,0.0000,5.0102,0,0,0,0,0.0,0.0,0,0,0,0,0.0000,0.0000,197.69,0,stuck
1779722153.235,crossing_person,0,fusion_with_risk_avoidance,1,0.0000,0.0000,0.0000,8.00,0.00,8.0000,0.0000,0.0000,5.0040,0,0,0,0,0.0,0.0,0,0,0,0,0.0000,0.0000,197.79,0,stuck
1779722153.335,crossing_person,0,fusion_with_risk_avoidance,1,0.0000,0.0000,0.0000,8.00,0.00,8.0000,0.0000,0.0000,5.0006,0,0,0,0,0.0,0.0,0,0,0,0,0.0000,0.0000,197.89,0,stuck
1779722153.435,crossing_person,0,fusion_with_risk_avoidance,1,0.0000,0.0000,0.0000,8.00,0.00,8.0000,0.0000,0.0000,5.0002,0,0,0,0,0.0,0.0,0,0,0,0,0.0000,0.0000,197.99,0,stuck
1779722153.535,crossing_person,0,fusion_with_risk_avoidance,1,0.0000,0.0000,0.0000,8.00,0.00,8.0000,0.0000,0.0000,5.0026,0,0,0,0,0.0,0.0,0,0,0,0,0.0000,0.0000,198.09,0,stuck
1779722153.635,crossing_person,0,fusion_with_risk_avoidance,1,0.0000,0.0000,0.0000,8.00,0.00,8.0000,0.0000,0.0000,5.0079,0,0,0,0,0.0,0.0,0,0,0,0,0.0000,0.0000,198.19,0,stuck
1779722153.735,crossing_person,0,fusion_with_risk_avoidance,1,0.0000,0.0000,0.0000,8.00,0.00,8.0000,0.0000,0.0000,5.0160,0,0,0,0,0.0,0.0,0,0,0,0,0.0000,0.0000,198.29,0,stuck
1779722153.835,crossing_person,0,fusion_with_risk_avoidance,1,0.0000,0.0000,0.0000,8.00,0.00,8.0000,0.0000,0.0000,5.0270,0,0,0,0,0.0,0.0,0,0,0,0,0.0000,0.0000,198.39,0,stuck
1779722153.935,crossing_person,0,fusion_with_risk_avoidance,1,0.0000,0.0000,0.0000,8.00,0.00,8.0000,0.0000,0.0000,5.0408,0,0,0,0,0.0,0.0,0,0,0,0,0.0000,0.0000,198.49,0,stuck
1779722154.035,crossing_person,0,fusion_with_risk_avoidance,1,0.0000,0.0000,0.0000,8.00,0.00,8.0000,0.0000,0.0000,5.0575,0,0,0,0,0.0,0.0,0,0,0,0,0.0000,0.0000,198.59,0,stuck
1779722154.135,crossing_person,0,fusion_with_risk_avoidance,1,0.0000,0.0000,0.0000,8.00,0.00,8.0000,0.0000,0.0000,5.0769,0,0,0,0,0.0,0.0,0,0,0,0,0.0000,0.0000,198.69,0,stuck
1779722154.235,crossing_person,0,fusion_with_risk_avoidance,1,0.0000,0.0000,0.0000,8.00,0.00,8.0000,0.0000,0.0000,5.0991,0,0,0,0,0.0,0.0,0,0,0,0,0.0000,0.0000,198.79,0,stuck
1779722154.335,crossing_person,0,fusion_with_risk_avoidance,1,0.0000,0.0000,0.0000,8.00,0.00,8.0000,0.0000,0.0000,5.1239,0,0,0,0,0.0,0.0,0,0,0,0,0.0000,0.0000,198.89,0,stuck
1779722154.435,crossing_person,0,fusion_with_risk_avoidance,1,0.0000,0.0000,0.0000,8.00,0.00,8.0000,0.0000,0.0000,5.1515,0,0,0,0,0.0,0.0,0,0,0,0,0.0000,0.0000,198.99,0,stuck
1779722154.535,crossing_person,0,fusion_with_risk_avoidance,1,0.0000,0.0000,0.0000,8.00,0.00,8.0000,0.0000,0.0000,5.1818,0,0,0,0,0.0,0.0,0,0,0,0,0.0000,0.0000,199.09,0,stuck
1779722154.635,crossing_person,0,fusion_with_risk_avoidance,1,0.0000,0.0000,0.0000,8.00,0.00,8.0000,0.0000,0.0000,5.2145,0,0,0,0,0.0,0.0,0,0,0,0,0.0000,0.0000,199.19,0,stuck
1779722154.735,crossing_person,0,fusion_with_risk_avoidance,1,0.0000,0.0000,0.0000,8.00,0.00,8.0000,0.0000,0.0000,5.2498,0,0,0,0,0.0,0.0,0,0,0,0,0.0000,0.0000,199.29,0,stuck
1779722154.835,crossing_person,0,fusion_with_risk_avoidance,1,0.0000,0.0000,0.0000,8.00,0.00,8.0000,0.0000,0.0000,5.2877,0,0,0,0,0.0,0.0,0,0,0,0,0.0000,0.0000,199.39,0,stuck
1779722154.935,crossing_person,0,fusion_with_risk_avoidance,1,0.0000,0.0000,0.0000,8.00,0.00,8.0000,0.0000,0.0000,5.3279,0,0,0,0,0.0,0.0,0,0,0,0,0.0000,0.0000,199.49,0,stuck
1779722155.035,crossing_person,0,fusion_with_risk_avoidance,1,0.0000,0.0000,0.0000,8.00,0.00,8.0000,0.0000,0.0000,5.3705,0,0,0,0,0.0,0.0,0,0,0,0,0.0000,0.0000,199.59,0,stuck
1779722155.135,crossing_person,0,fusion_with_risk_avoidance,1,0.0000,0.0000,0.0000,8.00,0.00,8.0000,0.0000,0.0000,5.3559,0,0,0,0,0.0,0.0,0,0,0,0,0.0000,0.0000,199.69,0,stuck
1779722155.235,crossing_person,0,fusion_with_risk_avoidance,1,0.0000,0.0000,0.0000,8.00,0.00,8.0000,0.0000,0.0000,5.3140,0,0,0,0,0.0,0.0,0,0,0,0,0.0000,0.0000,199.79,0,stuck
1779722155.335,crossing_person,0,fusion_with_risk_avoidance,1,0.0000,0.0000,0.0000,8.00,0.00,8.0000,0.0000,0.0000,5.2746,0,0,0,0,0.0,0.0,0,0,0,0,0.0000,0.0000,199.89,0,stuck
1779722155.435,crossing_person,0,fusion_with_risk_avoidance,1,0.0000,0.0000,0.0000,8.00,0.00,8.0000,0.0000,0.0000,5.2376,0,0,0,0,0.0,0.0,0,0,0,0,0.0000,0.0000,199.99,0,stuck
1779722155.535,crossing_person,0,fusion_with_risk_avoidance,1,0.0000,0.0000,0.0000,8.00,0.00,8.0000,0.0000,0.0000,5.2032,0,0,0,0,0.0,0.0,0,0,0,0,0.0000,0.0000,200.09,0,stuck
1779722155.635,crossing_person,0,fusion_with_risk_avoidance,1,0.0000,0.0000,0.0000,8.00,0.00,8.0000,0.0000,0.0000,5.1712,0,0,0,0,0.0,0.0,0,0,0,0,0.0000,0.0000,200.19,0,stuck
1779722155.735,crossing_person,0,fusion_with_risk_avoidance,1,0.0000,0.0000,0.0000,8.00,0.00,8.0000,0.0000,0.0000,5.1419,0,0,0,0,0.0,0.0,0,0,0,0,0.0000,0.0000,200.29,0,stuck
1779722155.835,crossing_person,0,fusion_with_risk_avoidance,1,0.0000,0.0000,0.0000,8.00,0.00,8.0000,0.0000,0.0000,5.1153,0,0,0,0,0.0,0.0,0,0,0,0,0.0000,0.0000,200.39,0,stuck
1779722155.935,crossing_person,0,fusion_with_risk_avoidance,1,0.0000,0.0000,0.0000,8.00,0.00,8.0000,0.0000,0.0000,5.0913,0,0,0,0,0.0,0.0,0,0,0,0,0.0000,0.0000,200.49,0,stuck
1779722156.035,crossing_person,0,fusion_with_risk_avoidance,1,0.0000,0.0000,0.0000,8.00,0.00,8.0000,0.0000,0.0000,5.0700,0,0,0,0,0.0,0.0,0,0,0,0,0.0000,0.0000,200.59,0,stuck
1779722156.135,crossing_person,0,fusion_with_risk_avoidance,1,0.0000,0.0000,0.0000,8.00,0.00,8.0000,0.0000,0.0000,5.0515,0,0,0,0,0.0,0.0,0,0,0,0,0.0000,0.0000,200.69,0,stuck
1779722156.235,crossing_person,0,fusion_with_risk_avoidance,1,0.0000,0.0000,0.0000,8.00,0.00,8.0000,0.0000,0.0000,5.0358,0,0,0,0,0.0,0.0,0,0,0,0,0.0000,0.0000,200.79,0,stuck
1779722156.335,crossing_person,0,fusion_with_risk_avoidance,1,0.0000,0.0000,0.0000,8.00,0.00,8.0000,0.0000,0.0000,5.0230,0,0,0,0,0.0,0.0,0,0,0,0,0.0000,0.0000,200.89,0,stuck
1779722156.436,crossing_person,0,fusion_with_risk_avoidance,1,0.0000,0.0000,0.0000,8.00,0.00,8.0000,0.0000,0.0000,5.0128,0,0,0,0,0.0,0.0,0,0,0,0,0.0000,0.0000,200.99,0,stuck
1779722156.535,crossing_person,0,fusion_with_risk_avoidance,1,0.0000,0.0000,0.0000,8.00,0.00,8.0000,0.0000,0.0000,5.0057,0,0,0,0,0.0,0.0,0,0,0,0,0.0000,0.0000,201.09,0,stuck
1779722156.635,crossing_person,0,fusion_with_risk_avoidance,1,0.0000,0.0000,0.0000,8.00,0.00,8.0000,0.0000,0.0000,5.0014,0,0,0,0,0.0,0.0,0,0,0,0,0.0000,0.0000,201.19,0,stuck
1779722156.736,crossing_person,0,fusion_with_risk_avoidance,1,0.0000,0.0000,0.0000,8.00,0.00,8.0000,0.0000,0.0000,5.0000,0,0,0,0,0.0,0.0,0,0,0,0,0.0000,0.0000,201.29,0,stuck
1779722156.835,crossing_person,0,fusion_with_risk_avoidance,1,0.0000,0.0000,0.0000,8.00,0.00,8.0000,0.0000,0.0000,5.0014,0,0,0,0,0.0,0.0,0,0,0,0,0.0000,0.0000,201.39,0,stuck
1779722156.935,crossing_person,0,fusion_with_risk_avoidance,1,0.0000,0.0000,0.0000,8.00,0.00,8.0000,0.0000,0.0000,5.0058,0,0,0,0,0.0,0.0,0,0,0,0,0.0000,0.0000,201.49,0,stuck
1779722157.035,crossing_person,0,fusion_with_risk_avoidance,1,0.0000,0.0000,0.0000,8.00,0.00,8.0000,0.0000,0.0000,5.0130,0,0,0,0,0.0,0.0,0,0,0,0,0.0000,0.0000,201.59,0,stuck
1779722157.137,crossing_person,0,fusion_with_risk_avoidance,1,0.0000,0.0000,0.0000,8.00,0.00,8.0000,0.0000,0.0000,5.0230,0,0,0,0,0.0,0.0,0,0,0,0,0.0000,0.0000,201.69,0,stuck
1779722157.235,crossing_person,0,fusion_with_risk_avoidance,1,0.0000,0.0000,0.0000,8.00,0.00,8.0000,0.0000,0.0000,5.0359,0,0,0,0,0.0,0.0,0,0,0,0,0.0000,0.0000,201.79,0,stuck
1779722157.335,crossing_person,0,fusion_with_risk_avoidance,1,0.0000,0.0000,0.0000,8.00,0.00,8.0000,0.0000,0.0000,5.0516,0,0,0,0,0.0,0.0,0,0,0,0,0.0000,0.0000,201.89,0,stuck
1779722157.435,crossing_person,0,fusion_with_risk_avoidance,1,0.0000,0.0000,0.0000,8.00,0.00,8.0000,0.0000,0.0000,5.0701,0,0,0,0,0.0,0.0,0,0,0,0,0.0000,0.0000,201.99,0,stuck
1779722157.537,crossing_person,0,fusion_with_risk_avoidance,1,0.0000,0.0000,0.0000,8.00,0.00,8.0000,0.0000,0.0000,5.0914,0,0,0,0,0.0,0.0,0,0,0,0,0.0000,0.0000,202.09,0,stuck
1779722157.635,crossing_person,0,fusion_with_risk_avoidance,1,0.0000,0.0000,0.0000,8.00,0.00,8.0000,0.0000,0.0000,5.1154,0,0,0,0,0.0,0.0,0,0,0,0,0.0000,0.0000,202.19,0,stuck
1779722157.735,crossing_person,0,fusion_with_risk_avoidance,1,0.0000,0.0000,0.0000,8.00,0.00,8.0000,0.0000,0.0000,5.1420,0,0,0,0,0.0,0.0,0,0,0,0,0.0000,0.0000,202.29,0,stuck
1779722157.835,crossing_person,0,fusion_with_risk_avoidance,1,0.0000,0.0000,0.0000,8.00,0.00,8.0000,0.0000,0.0000,5.1714,0,0,0,0,0.0,0.0,0,0,0,0,0.0000,0.0000,202.39,0,stuck
1779722157.935,crossing_person,0,fusion_with_risk_avoidance,1,0.0000,0.0000,0.0000,8.00,0.00,8.0000,0.0000,0.0000,5.2033,0,0,0,0,0.0,0.0,0,0,0,0,0.0000,0.0000,202.49,0,stuck
1779722158.036,crossing_person,0,fusion_with_risk_avoidance,1,0.0000,0.0000,0.0000,8.00,0.00,8.0000,0.0000,0.0000,5.2378,0,0,0,0,0.0,0.0,0,0,0,0,0.0000,0.0000,202.59,0,stuck
1779722158.135,crossing_person,0,fusion_with_risk_avoidance,1,0.0000,0.0000,0.0000,8.00,0.00,8.0000,0.0000,0.0000,5.2748,0,0,0,0,0.0,0.0,0,0,0,0,0.0000,0.0000,202.69,0,stuck
1779722158.235,crossing_person,0,fusion_with_risk_avoidance,1,0.0000,0.0000,0.0000,8.00,0.00,8.0000,0.0000,0.0000,5.3142,0,0,0,0,0.0,0.0,0,0,0,0,0.0000,0.0000,202.79,0,stuck
1779722158.335,crossing_person,0,fusion_with_risk_avoidance,1,0.0000,0.0000,0.0000,8.00,0.00,8.0000,0.0000,0.0000,5.3572,0,0,0,0,0.0,0.0,0,0,0,0,0.0000,0.0000,202.89,0,stuck
1779722158.435,crossing_person,0,fusion_with_risk_avoidance,1,0.0000,0.0000,0.0000,8.00,0.00,8.0000,0.0000,0.0000,5.3703,0,0,0,0,0.0,0.0,0,0,0,0,0.0000,0.0000,202.99,0,stuck
1779722158.535,crossing_person,0,fusion_with_risk_avoidance,1,0.0000,0.0000,0.0000,8.00,0.00,8.0000,0.0000,0.0000,5.3277,0,0,0,0,0.0,0.0,0,0,0,0,0.0000,0.0000,203.09,0,stuck
1779722158.635,crossing_person,0,fusion_with_risk_avoidance,1,0.0000,0.0000,0.0000,8.00,0.00,8.0000,0.0000,0.0000,5.2875,0,0,0,0,0.0,0.0,0,0,0,0,0.0000,0.0000,203.19,0,stuck
1779722158.735,crossing_person,0,fusion_with_risk_avoidance,1,0.0000,0.0000,0.0000,8.00,0.00,8.0000,0.0000,0.0000,5.2497,0,0,0,0,0.0,0.0,0,0,0,0,0.0000,0.0000,203.29,0,stuck
1779722158.835,crossing_person,0,fusion_with_risk_avoidance,1,0.0000,0.0000,0.0000,8.00,0.00,8.0000,0.0000,0.0000,5.2143,0,0,0,0,0.0,0.0,0,0,0,0,0.0000,0.0000,203.39,0,stuck
1779722158.935,crossing_person,0,fusion_with_risk_avoidance,1,0.0000,0.0000,0.0000,8.00,0.00,8.0000,0.0000,0.0000,5.1815,0,0,0,0,0.0,0.0,0,0,0,0,0.0000,0.0000,203.49,0,stuck
1779722159.035,crossing_person,0,fusion_with_risk_avoidance,1,0.0000,0.0000,0.0000,8.00,0.00,8.0000,0.0000,0.0000,5.1513,0,0,0,0,0.0,0.0,0,0,0,0,0.0000,0.0000,203.59,0,stuck
1779722159.135,crossing_person,0,fusion_with_risk_avoidance,1,0.0000,0.0000,0.0000,8.00,0.00,8.0000,0.0000,0.0000,5.1238,0,0,0,0,0.0,0.0,0,0,0,0,0.0000,0.0000,203.69,0,stuck
1779722159.235,crossing_person,0,fusion_with_risk_avoidance,1,0.0000,0.0000,0.0000,8.00,0.00,8.0000,0.0000,0.0000,5.0988,0,0,0,0,0.0,0.0,0,0,0,0,0.0000,0.0000,203.79,0,stuck
1779722159.335,crossing_person,0,fusion_with_risk_avoidance,1,0.0000,0.0000,0.0000,8.00,0.00,8.0000,0.0000,0.0000,5.0765,0,0,0,0,0.0,0.0,0,0,0,0,0.0000,0.0000,203.89,0,stuck
1779722159.435,crossing_person,0,fusion_with_risk_avoidance,1,0.0000,0.0000,0.0000,8.00,0.00,8.0000,0.0000,0.0000,5.0574,0,0,0,0,0.0,0.0,0,0,0,0,0.0000,0.0000,203.99,0,stuck
1779722159.535,crossing_person,0,fusion_with_risk_avoidance,1,0.0000,0.0000,0.0000,8.00,0.00,8.0000,0.0000,0.0000,5.0407,0,0,0,0,0.0,0.0,0,0,0,0,0.0000,0.0000,204.09,0,stuck
1779722159.635,crossing_person,0,fusion_with_risk_avoidance,1,0.0000,0.0000,0.0000,8.00,0.00,8.0000,0.0000,0.0000,5.0269,0,0,0,0,0.0,0.0,0,0,0,0,0.0000,0.0000,204.19,0,stuck
1779722159.735,crossing_person,0,fusion_with_risk_avoidance,1,0.0000,0.0000,0.0000,8.00,0.00,8.0000,0.0000,0.0000,5.0160,0,0,0,0,0.0,0.0,0,0,0,0,0.0000,0.0000,204.29,0,stuck
