timestamp,scenario_name,random_seed,mode,person_count,robot_x,robot_y,robot_yaw,goal_x,goal_y,distance_to_goal,cmd_linear,cmd_angular,min_distance_to_person,collision_count,dangerous_close_count,yolo_detection_count,yolo_miss_count,detector_fps,detector_latency_ms,fused_obstacle_count,high_risk_count,stop_count,replan_count,path_length,average_speed,navigation_time,success,failure_reason
1779865531.583,crossing_person,0,fusion_with_risk_avoidance,1,0.0000,0.0000,0.0000,6.00,0.00,6.0000,0.0000,0.0000,5.3139,0,0,0,0,0.0,0.0,0,0,0,0,0.0000,0.0000,0.19,0,
1779865531.683,crossing_person,0,fusion_with_risk_avoidance,1,0.0000,0.0000,0.0000,6.00,0.00,6.0000,0.0000,0.0000,5.2746,0,0,0,0,0.0,0.0,0,0,0,0,0.0000,0.0000,0.29,0,
1779865531.783,crossing_person,0,fusion_with_risk_avoidance,1,0.0000,0.0000,0.0000,6.00,0.00,6.0000,0.0000,0.0000,5.2376,0,0,0,0,0.0,0.0,0,0,0,0,0.0000,0.0000,0.39,0,
1779865531.883,crossing_person,0,fusion_with_risk_avoidance,1,0.0000,0.0000,0.0000,6.00,0.00,6.0000,0.0000,0.0000,5.2032,0,0,0,0,0.0,0.0,0,0,0,0,0.0000,0.0000,0.49,0,
1779865531.983,crossing_person,0,fusion_with_risk_avoidance,1,0.0000,0.0000,0.0000,6.00,0.00,6.0000,0.0000,0.0000,5.1712,0,0,0,0,0.0,0.0,0,0,0,0,0.0000,0.0000,0.59,0,
1779865532.083,crossing_person,0,fusion_with_risk_avoidance,1,0.0000,0.0000,0.0000,6.00,0.00,6.0000,0.0000,0.0000,5.1419,0,0,0,0,0.0,0.0,0,0,0,0,0.0000,0.0000,0.69,0,
1779865532.183,crossing_person,0,fusion_with_risk_avoidance,1,0.0000,0.0000,0.0000,6.00,0.00,6.0000,0.0000,0.0000,5.1152,0,0,0,0,0.0,0.0,0,0,0,0,0.0000,0.0000,0.79,0,
1779865532.283,crossing_person,0,fusion_with_risk_avoidance,1,0.0000,0.0000,0.0000,6.00,0.00,6.0000,0.0000,0.0000,5.0913,0,0,0,0,0.0,0.0,0,0,0,0,0.0000,0.0000,0.89,0,
1779865532.383,crossing_person,0,fusion_with_risk_avoidance,1,0.0000,0.0000,0.0000,6.00,0.00,6.0000,0.0000,0.0000,5.0700,0,0,0,0,0.0,0.0,0,0,0,0,0.0000,0.0000,0.99,0,
1779865532.483,crossing_person,0,fusion_with_risk_avoidance,1,0.0000,0.0000,0.0000,6.00,0.00,6.0000,0.0000,0.0000,5.0515,0,0,0,0,0.0,0.0,0,0,0,0,0.0000,0.0000,1.09,0,
1779865532.583,crossing_person,0,fusion_with_risk_avoidance,1,0.0000,0.0000,0.0000,6.00,0.00,6.0000,0.0000,0.0000,5.0358,0,0,0,0,0.0,0.0,0,0,0,0,0.0000,0.0000,1.19,0,
1779865532.683,crossing_person,0,fusion_with_risk_avoidance,1,0.0000,0.0000,0.0000,6.00,0.00,6.0000,0.0000,0.0000,5.0230,0,0,0,0,0.0,0.0,0,0,0,0,0.0000,0.0000,1.29,0,
1779865532.783,crossing_person,0,fusion_with_risk_avoidance,1,0.0000,0.0000,0.0000,6.00,0.00,6.0000,0.0000,0.0000,5.0129,0,0,0,0,0.0,0.0,0,0,0,0,0.0000,0.0000,1.39,0,
1779865532.883,crossing_person,0,fusion_with_risk_avoidance,1,0.0000,0.0000,0.0000,6.00,0.00,6.0000,0.0000,0.0000,5.0057,0,0,0,0,0.0,0.0,0,0,0,0,0.0000,0.0000,1.49,0,
1779865532.983,crossing_person,0,fusion_with_risk_avoidance,1,0.0000,0.0000,0.0000,6.00,0.00,6.0000,0.0000,0.0000,5.0014,0,0,0,0,0.0,0.0,0,0,0,0,0.0000,0.0000,1.59,0,
1779865533.083,crossing_person,0,fusion_with_risk_avoidance,1,0.0000,0.0000,0.0000,6.00,0.00,6.0000,0.0000,0.0000,5.0000,0,0,0,0,0.0,0.0,0,0,0,0,0.0000,0.0000,1.69,0,
1779865533.183,crossing_person,0,fusion_with_risk_avoidance,1,0.0000,0.0000,0.0000,6.00,0.00,6.0000,0.0000,0.0000,5.0014,0,0,0,0,0.0,0.0,0,0,0,0,0.0000,0.0000,1.79,0,
1779865533.284,crossing_person,0,fusion_with_risk_avoidance,1,0.0000,0.0000,0.0000,6.00,0.00,6.0000,0.0000,0.0000,5.0058,0,0,0,0,0.0,0.0,0,0,0,0,0.0000,0.0000,1.89,0,
1779865533.383,crossing_person,0,fusion_with_risk_avoidance,1,0.0000,0.0000,0.0000,6.00,0.00,6.0000,0.0000,0.0000,5.0130,0,0,0,0,0.0,0.0,0,0,0,0,0.0000,0.0000,1.99,0,
1779865533.483,crossing_person,0,fusion_with_risk_avoidance,1,0.0000,0.0000,0.0000,6.00,0.00,6.0000,0.0000,0.0000,5.0230,0,0,0,0,0.0,0.0,0,0,0,0,0.0000,0.0000,2.09,0,
1779865533.583,crossing_person,0,fusion_with_risk_avoidance,1,0.0000,0.0000,0.0000,6.00,0.00,6.0000,0.0000,0.0000,5.0360,0,0,0,0,0.0,0.0,0,0,0,0,0.0000,0.0000,2.19,0,
1779865533.683,crossing_person,0,fusion_with_risk_avoidance,1,0.0000,0.0000,0.0000,6.00,0.00,6.0000,0.0000,0.0000,5.0516,0,0,0,0,0.0,0.0,0,0,0,0,0.0000,0.0000,2.29,0,
1779865533.783,crossing_person,0,fusion_with_risk_avoidance,1,0.0000,0.0000,0.0000,6.00,0.00,6.0000,0.0000,0.0000,5.0706,0,0,0,0,0.0,0.0,0,0,0,0,0.0000,0.0000,2.39,0,
1779865533.883,crossing_person,0,fusion_with_risk_avoidance,1,0.0000,0.0000,0.0000,6.00,0.00,6.0000,0.0000,0.0000,5.0914,0,0,0,0,0.0,0.0,0,0,0,0,0.0000,0.0000,2.49,0,
1779865533.983,crossing_person,0,fusion_with_risk_avoidance,1,0.0000,0.0000,0.0000,6.00,0.00,6.0000,0.0000,0.0000,5.1154,0,0,0,0,0.0,0.0,0,0,0,0,0.0000,0.0000,2.59,0,
1779865534.083,crossing_person,0,fusion_with_risk_avoidance,1,0.0000,0.0000,0.0000,6.00,0.00,6.0000,0.0000,0.0000,5.1421,0,0,0,0,0.0,0.0,0,0,0,0,0.0000,0.0000,2.69,0,
1779865534.183,crossing_person,0,fusion_with_risk_avoidance,1,0.0000,0.0000,0.0000,6.00,0.00,6.0000,0.0000,0.0000,5.1714,0,0,0,0,0.0,0.0,0,0,0,0,0.0000,0.0000,2.79,0,
1779865534.283,crossing_person,0,fusion_with_risk_avoidance,1,0.0000,0.0000,0.0000,6.00,0.00,6.0000,0.0000,0.0000,5.2033,0,0,0,0,0.0,0.0,0,0,0,0,0.0000,0.0000,2.89,0,
1779865534.383,crossing_person,0,fusion_with_risk_avoidance,1,0.0000,0.0000,0.0000,6.00,0.00,6.0000,0.0000,0.0000,5.2378,0,0,0,0,0.0,0.0,0,0,0,0,0.0000,0.0000,2.99,0,
1779865534.483,crossing_person,0,fusion_with_risk_avoidance,1,0.0000,0.0000,0.0000,6.00,0.00,6.0000,0.0000,0.0000,5.2748,0,0,0,0,0.0,0.0,0,0,0,0,0.0000,0.0000,3.09,0,
1779865534.583,crossing_person,0,fusion_with_risk_avoidance,1,0.0000,0.0000,0.0000,6.00,0.00,6.0000,0.0000,0.0000,5.3142,0,0,0,0,0.0,0.0,0,0,0,0,0.0000,0.0000,3.19,0,
1779865534.683,crossing_person,0,fusion_with_risk_avoidance,1,0.0000,0.0000,0.0000,6.00,0.00,6.0000,0.0000,0.0000,5.3561,0,0,0,0,0.0,0.0,0,0,0,0,0.0000,0.0000,3.29,0,
1779865534.783,crossing_person,0,fusion_with_risk_avoidance,1,0.0000,0.0000,0.0000,6.00,0.00,6.0000,0.0000,0.0000,5.3703,0,0,0,0,0.0,0.0,0,0,0,0,0.0000,0.0000,3.39,0,
1779865534.883,crossing_person,0,fusion_with_risk_avoidance,1,0.0000,0.0000,0.0000,6.00,0.00,6.0000,0.0000,0.0000,5.3277,0,0,0,0,0.0,0.0,0,0,0,0,0.0000,0.0000,3.49,0,
1779865534.983,crossing_person,0,fusion_with_risk_avoidance,1,0.0000,0.0000,0.0000,6.00,0.00,6.0000,0.0000,0.0000,5.2875,0,0,0,0,0.0,0.0,0,0,0,0,0.0000,0.0000,3.59,0,
1779865535.083,crossing_person,0,fusion_with_risk_avoidance,1,0.0000,0.0000,0.0000,6.00,0.00,6.0000,0.0000,0.0000,5.2497,0,0,0,0,0.0,0.0,0,0,0,0,0.0000,0.0000,3.69,0,
1779865535.183,crossing_person,0,fusion_with_risk_avoidance,1,0.0000,0.0000,0.0000,6.00,0.00,6.0000,0.0000,0.0000,5.2144,0,0,0,0,0.0,0.0,0,0,0,0,0.0000,0.0000,3.79,0,
1779865535.283,crossing_person,0,fusion_with_risk_avoidance,1,0.0000,0.0000,0.0000,6.00,0.00,6.0000,0.0000,0.0000,5.1816,0,0,0,0,0.0,0.0,0,0,0,0,0.0000,0.0000,3.89,0,
1779865535.383,crossing_person,0,fusion_with_risk_avoidance,1,0.0000,0.0000,0.0000,6.00,0.00,6.0000,0.0000,0.0000,5.1514,0,0,0,0,0.0,0.0,0,0,0,0,0.0000,0.0000,3.99,0,
1779865535.483,crossing_person,0,fusion_with_risk_avoidance,1,0.0000,0.0000,0.0000,6.00,0.00,6.0000,0.0000,0.0000,5.1238,0,0,0,0,0.0,0.0,0,0,0,0,0.0000,0.0000,4.09,0,
1779865535.583,crossing_person,0,fusion_with_risk_avoidance,1,0.0000,0.0000,0.0000,6.00,0.00,6.0000,0.0000,0.0000,5.0989,0,0,0,0,0.0,0.0,0,0,0,0,0.0000,0.0000,4.19,0,
1779865535.683,crossing_person,0,fusion_with_risk_avoidance,1,0.0000,0.0000,0.0000,6.00,0.00,6.0000,0.0000,0.0000,5.0768,0,0,0,0,0.0,0.0,0,0,0,0,0.0000,0.0000,4.29,0,
1779865535.783,crossing_person,0,fusion_with_risk_avoidance,1,0.0000,0.0000,0.0000,6.00,0.00,6.0000,0.0000,0.0000,5.0574,0,0,0,0,0.0,0.0,0,0,0,0,0.0000,0.0000,4.39,0,
1779865535.883,crossing_person,0,fusion_with_risk_avoidance,1,0.0000,0.0000,0.0000,6.00,0.00,6.0000,0.0000,0.0000,5.0408,0,0,0,0,0.0,0.0,0,0,0,0,0.0000,0.0000,4.49,0,
1779865535.983,crossing_person,0,fusion_with_risk_avoidance,1,0.0000,0.0000,0.0000,6.00,0.00,6.0000,0.0000,0.0000,5.0269,0,0,0,0,0.0,0.0,0,0,0,0,0.0000,0.0000,4.59,0,
1779865536.083,crossing_person,0,fusion_with_risk_avoidance,1,0.0000,0.0000,0.0000,6.00,0.00,6.0000,0.0000,0.0000,5.0160,0,0,0,0,0.0,0.0,0,0,0,0,0.0000,0.0000,4.69,0,
1779865536.183,crossing_person,0,fusion_with_risk_avoidance,1,0.0000,0.0000,0.0000,6.00,0.00,6.0000,0.0000,0.0000,5.0078,0,0,0,0,0.0,0.0,0,0,0,0,0.0000,0.0000,4.79,0,
1779865536.283,crossing_person,0,fusion_with_risk_avoidance,1,0.0000,0.0000,0.0000,6.00,0.00,6.0000,0.0000,0.0000,5.0026,0,0,0,0,0.0,0.0,0,0,0,0,0.0000,0.0000,4.89,0,
1779865536.383,crossing_person,0,fusion_with_risk_avoidance,1,0.0000,0.0000,0.0000,6.00,0.00,6.0000,0.0000,0.0000,5.0002,0,0,0,0,0.0,0.0,0,0,0,0,0.0000,0.0000,4.99,0,
1779865536.483,crossing_person,0,fusion_with_risk_avoidance,1,0.0000,0.0000,0.0000,6.00,0.00,6.0000,0.0000,0.0000,5.0006,0,0,0,0,0.0,0.0,0,0,0,0,0.0000,0.0000,5.09,0,
1779865536.583,crossing_person,0,fusion_with_risk_avoidance,1,0.0000,0.0000,0.0000,6.00,0.00,6.0000,0.0000,0.0000,5.0040,0,0,0,0,0.0,0.0,0,0,0,0,0.0000,0.0000,5.19,0,
1779865536.683,crossing_person,0,fusion_with_risk_avoidance,1,0.0000,0.0000,0.0000,6.00,0.00,6.0000,0.0000,0.0000,5.0102,0,0,0,0,0.0,0.0,0,0,0,0,0.0000,0.0000,5.29,0,
1779865536.783,crossing_person,0,fusion_with_risk_avoidance,1,0.0000,0.0000,0.0000,6.00,0.00,6.0000,0.0000,0.0000,5.0193,0,0,0,0,0.0,0.0,0,0,0,0,0.0000,0.0000,5.39,0,
1779865536.883,crossing_person,0,fusion_with_risk_avoidance,1,0.0000,0.0000,0.0000,6.00,0.00,6.0000,0.0000,0.0000,5.0313,0,0,0,0,0.0,0.0,0,0,0,0,0.0000,0.0000,5.49,0,
1779865536.983,crossing_person,0,fusion_with_risk_avoidance,1,0.0000,0.0000,0.0000,6.00,0.00,6.0000,0.0000,0.0000,5.0461,0,0,0,0,0.0,0.0,0,0,0,0,0.0000,0.0000,5.59,0,
1779865537.083,crossing_person,0,fusion_with_risk_avoidance,1,0.0000,0.0000,0.0000,6.00,0.00,6.0000,0.0000,0.0000,5.0636,0,0,0,0,0.0,0.0,0,0,0,0,0.0000,0.0000,5.69,0,
1779865537.183,crossing_person,0,fusion_with_risk_avoidance,1,0.0000,0.0000,0.0000,6.00,0.00,6.0000,0.0000,0.0000,5.0840,0,0,0,0,0.0,0.0,0,0,0,0,0.0000,0.0000,5.79,0,
1779865537.283,crossing_person,0,fusion_with_risk_avoidance,1,0.0000,0.0000,0.0000,6.00,0.00,6.0000,0.0000,0.0000,5.1071,0,0,0,0,0.0,0.0,0,0,0,0,0.0000,0.0000,5.89,0,
1779865537.383,crossing_person,0,fusion_with_risk_avoidance,1,0.0000,0.0000,0.0000,6.00,0.00,6.0000,0.0000,0.0000,5.1329,0,0,0,0,0.0,0.0,0,0,0,0,0.0000,0.0000,5.99,0,
1779865537.483,crossing_person,0,fusion_with_risk_avoidance,1,0.0000,0.0000,0.0000,6.00,0.00,6.0000,0.0000,0.0000,5.1613,0,0,0,0,0.0,0.0,0,0,0,0,0.0000,0.0000,6.09,0,
1779865537.583,crossing_person,0,fusion_with_risk_avoidance,1,0.0000,0.0000,0.0000,6.00,0.00,6.0000,0.0000,0.0000,5.1926,0,0,0,0,0.0,0.0,0,0,0,0,0.0000,0.0000,6.19,0,
1779865537.683,crossing_person,0,fusion_with_risk_avoidance,1,0.0000,0.0000,0.0000,6.00,0.00,6.0000,0.0000,0.0000,5.2260,0,0,0,0,0.0,0.0,0,0,0,0,0.0000,0.0000,6.29,0,
1779865537.783,crossing_person,0,fusion_with_risk_avoidance,1,0.0000,0.0000,0.0000,6.00,0.00,6.0000,0.0000,0.0000,5.2622,0,0,0,0,0.0,0.0,0,0,0,0,0.0000,0.0000,6.39,0,
1779865537.883,crossing_person,0,fusion_with_risk_avoidance,1,0.0000,0.0000,0.0000,6.00,0.00,6.0000,0.0000,0.0000,5.3008,0,0,0,0,0.0,0.0,0,0,0,0,0.0000,0.0000,6.49,0,
1779865537.983,crossing_person,0,fusion_with_risk_avoidance,1,0.0000,0.0000,0.0000,6.00,0.00,6.0000,0.0000,0.0000,5.3419,0,0,0,0,0.0,0.0,0,0,0,0,0.0000,0.0000,6.59,0,
1779865538.083,crossing_person,0,fusion_with_risk_avoidance,1,0.0000,0.0000,0.0000,6.00,0.00,6.0000,0.0000,0.0000,5.3850,0,0,0,0,0.0,0.0,0,0,0,0,0.0000,0.0000,6.69,0,
1779865538.183,crossing_person,0,fusion_with_risk_avoidance,1,0.0000,0.0000,0.0000,6.00,0.00,6.0000,0.0000,0.0000,5.3417,0,0,0,0,0.0,0.0,0,0,0,0,0.0000,0.0000,6.79,0,
1779865538.283,crossing_person,0,fusion_with_risk_avoidance,1,0.0000,0.0000,0.0000,6.00,0.00,6.0000,0.0000,0.0000,5.3006,0,0,0,0,0.0,0.0,0,0,0,0,0.0000,0.0000,6.89,0,
1779865538.383,crossing_person,0,fusion_with_risk_avoidance,1,0.0000,0.0000,0.0000,6.00,0.00,6.0000,0.0000,0.0000,5.2620,0,0,0,0,0.0,0.0,0,0,0,0,0.0000,0.0000,6.99,0,
1779865538.483,crossing_person,0,fusion_with_risk_avoidance,1,0.0000,0.0000,0.0000,6.00,0.00,6.0000,0.0000,0.0000,5.2258,0,0,0,0,0.0,0.0,0,0,0,0,0.0000,0.0000,7.09,0,
1779865538.583,crossing_person,0,fusion_with_risk_avoidance,1,0.0000,0.0000,0.0000,6.00,0.00,6.0000,0.0000,0.0000,5.1922,0,0,0,0,0.0,0.0,0,0,0,0,0.0000,0.0000,7.19,0,
1779865538.683,crossing_person,0,fusion_with_risk_avoidance,1,0.0000,0.0000,0.0000,6.00,0.00,6.0000,0.0000,0.0000,5.1612,0,0,0,0,0.0,0.0,0,0,0,0,0.0000,0.0000,7.29,0,
1779865538.783,crossing_person,0,fusion_with_risk_avoidance,1,0.0000,0.0000,0.0000,6.00,0.00,6.0000,0.0000,0.0000,5.1327,0,0,0,0,0.0,0.0,0,0,0,0,0.0000,0.0000,7.39,0,
1779865538.883,crossing_person,0,fusion_with_risk_avoidance,1,0.0000,0.0000,0.0000,6.00,0.00,6.0000,0.0000,0.0000,5.1070,0,0,0,0,0.0,0.0,0,0,0,0,0.0000,0.0000,7.49,0,
1779865538.983,crossing_person,0,fusion_with_risk_avoidance,1,0.0000,0.0000,0.0000,6.00,0.00,6.0000,0.0000,0.0000,5.0839,0,0,0,0,0.0,0.0,0,0,0,0,0.0000,0.0000,7.59,0,
1779865539.083,crossing_person,0,fusion_with_risk_avoidance,1,0.0000,0.0000,0.0000,6.00,0.00,6.0000,0.0000,0.0000,5.0636,0,0,0,0,0.0,0.0,0,0,0,0,0.0000,0.0000,7.69,0,
1779865539.183,crossing_person,0,fusion_with_risk_avoidance,1,0.0000,0.0000,0.0000,6.00,0.00,6.0000,0.0000,0.0000,5.0460,0,0,0,0,0.0,0.0,0,0,0,0,0.0000,0.0000,7.79,0,
1779865539.283,crossing_person,0,fusion_with_risk_avoidance,1,0.0000,0.0000,0.0000,6.00,0.00,6.0000,0.0000,0.0000,5.0312,0,0,0,0,0.0,0.0,0,0,0,0,0.0000,0.0000,7.89,0,
1779865539.383,crossing_person,0,fusion_with_risk_avoidance,1,0.0000,0.0000,0.0000,6.00,0.00,6.0000,0.0000,0.0000,5.0193,0,0,0,0,0.0,0.0,0,0,0,0,0.0000,0.0000,7.99,0,
1779865539.483,crossing_person,0,fusion_with_risk_avoidance,1,0.0000,0.0000,0.0000,6.00,0.00,6.0000,0.0000,0.0000,5.0102,0,0,0,0,0.0,0.0,0,0,0,0,0.0000,0.0000,8.09,0,
1779865539.583,crossing_person,0,fusion_with_risk_avoidance,1,0.0000,0.0000,0.0000,6.00,0.00,6.0000,0.0000,0.0000,5.0040,0,0,0,0,0.0,0.0,0,0,0,0,0.0000,0.0000,8.19,0,
1779865539.683,crossing_person,0,fusion_with_risk_avoidance,1,0.0000,0.0000,0.0000,6.00,0.00,6.0000,0.0000,0.0000,5.0006,0,0,0,0,0.0,0.0,0,0,0,0,0.0000,0.0000,8.29,0,
1779865539.783,crossing_person,0,fusion_with_risk_avoidance,1,0.0000,0.0000,0.0000,6.00,0.00,6.0000,0.0000,0.0000,5.0002,0,0,0,0,0.0,0.0,0,0,0,0,0.0000,0.0000,8.39,0,
1779865539.883,crossing_person,0,fusion_with_risk_avoidance,1,0.0000,0.0000,0.0000,6.00,0.00,6.0000,0.0000,0.0000,5.0026,0,0,0,0,0.0,0.0,0,0,0,0,0.0000,0.0000,8.49,0,
1779865539.983,crossing_person,0,fusion_with_risk_avoidance,1,0.0000,0.0000,0.0000,6.00,0.00,6.0000,0.0000,0.0000,5.0078,0,0,0,0,0.0,0.0,0,0,0,0,0.0000,0.0000,8.59,0,
1779865540.083,crossing_person,0,fusion_with_risk_avoidance,1,0.0000,0.0000,0.0000,6.00,0.00,6.0000,0.0000,0.0000,5.0160,0,0,0,0,0.0,0.0,0,0,0,0,0.0000,0.0000,8.69,0,
1779865540.183,crossing_person,0,fusion_with_risk_avoidance,1,0.0000,0.0000,0.0000,6.00,0.00,6.0000,0.0000,0.0000,5.0270,0,0,0,0,0.0,0.0,0,0,0,0,0.0000,0.0000,8.79,0,
1779865540.283,crossing_person,0,fusion_with_risk_avoidance,1,0.0000,0.0000,0.0000,6.00,0.00,6.0000,0.0000,0.0000,5.0408,0,0,0,0,0.0,0.0,0,0,0,0,0.0000,0.0000,8.89,0,
1779865540.383,crossing_person,0,fusion_with_risk_avoidance,1,0.0000,0.0000,0.0000,6.00,0.00,6.0000,0.0000,0.0000,5.0575,0,0,0,0,0.0,0.0,0,0,0,0,0.0000,0.0000,8.99,0,
1779865540.483,crossing_person,0,fusion_with_risk_avoidance,1,0.0000,0.0000,0.0000,6.00,0.00,6.0000,0.0000,0.0000,5.0769,0,0,0,0,0.0,0.0,0,0,0,0,0.0000,0.0000,9.09,0,
1779865540.583,crossing_person,0,fusion_with_risk_avoidance,1,0.0000,0.0000,0.0000,6.00,0.00,6.0000,0.0000,0.0000,5.0991,0,0,0,0,0.0,0.0,0,0,0,0,0.0000,0.0000,9.19,0,
1779865540.683,crossing_person,0,fusion_with_risk_avoidance,1,0.0000,0.0000,0.0000,6.00,0.00,6.0000,0.0000,0.0000,5.1240,0,0,0,0,0.0,0.0,0,0,0,0,0.0000,0.0000,9.29,0,
1779865540.783,crossing_person,0,fusion_with_risk_avoidance,1,0.0000,0.0000,0.0000,6.00,0.00,6.0000,0.0000,0.0000,5.1515,0,0,0,0,0.0,0.0,0,0,0,0,0.0000,0.0000,9.39,0,
1779865540.883,crossing_person,0,fusion_with_risk_avoidance,1,0.0000,0.0000,0.0000,6.00,0.00,6.0000,0.0000,0.0000,5.1817,0,0,0,0,0.0,0.0,0,0,0,0,0.0000,0.0000,9.49,0,
1779865540.983,crossing_person,0,fusion_with_risk_avoidance,1,0.0000,0.0000,0.0000,6.00,0.00,6.0000,0.0000,0.0000,5.2145,0,0,0,0,0.0,0.0,0,0,0,0,0.0000,0.0000,9.59,0,
1779865541.083,crossing_person,0,fusion_with_risk_avoidance,1,0.0000,0.0000,0.0000,6.00,0.00,6.0000,0.0000,0.0000,5.2499,0,0,0,0,0.0,0.0,0,0,0,0,0.0000,0.0000,9.69,0,
1779865541.183,crossing_person,0,fusion_with_risk_avoidance,1,0.0000,0.0000,0.0000,6.00,0.00,6.0000,0.0000,0.0000,5.2877,0,0,0,0,0.0,0.0,0,0,0,0,0.0000,0.0000,9.79,0,
1779865541.283,crossing_person,0,fusion_with_risk_avoidance,1,0.0000,0.0000,0.0000,6.00,0.00,6.0000,0.0000,0.0000,5.3279,0,0,0,0,0.0,0.0,0,0,0,0,0.0000,0.0000,9.89,0,
1779865541.383,crossing_person,0,fusion_with_risk_avoidance,1,0.0000,0.0000,0.0000,6.00,0.00,6.0000,0.0000,0.0000,5.3705,0,0,0,0,0.0,0.0,0,0,0,0,0.0000,0.0000,9.99,0,
1779865541.483,crossing_person,0,fusion_with_risk_avoidance,1,0.0000,0.0000,0.0000,6.00,0.00,6.0000,0.0000,0.0000,5.3559,0,0,0,0,0.0,0.0,0,0,0,0,0.0000,0.0000,10.09,0,
1779865541.583,crossing_person,0,fusion_with_risk_avoidance,1,0.0000,0.0000,0.0000,6.00,0.00,6.0000,0.0000,0.0000,5.3140,0,0,0,0,0.0,0.0,0,0,0,0,0.0000,0.0000,10.19,0,
1779865541.683,crossing_person,0,fusion_with_risk_avoidance,1,0.0000,0.0000,0.0000,6.00,0.00,6.0000,0.0000,0.0000,5.2746,0,0,0,0,0.0,0.0,0,0,0,0,0.0000,0.0000,10.29,0,
1779865541.783,crossing_person,0,fusion_with_risk_avoidance,1,0.0000,0.0000,0.0000,6.00,0.00,6.0000,0.0000,0.0000,5.2376,0,0,0,0,0.0,0.0,0,0,0,0,0.0000,0.0000,10.39,0,
1779865541.884,crossing_person,0,fusion_with_risk_avoidance,1,0.0000,0.0000,0.0000,6.00,0.00,6.0000,0.0000,0.0000,5.2031,0,0,0,0,0.0,0.0,0,0,0,0,0.0000,0.0000,10.49,0,
1779865541.983,crossing_person,0,fusion_with_risk_avoidance,1,0.0000,0.0000,0.0000,6.00,0.00,6.0000,0.0000,0.0000,5.1712,0,0,0,0,0.0,0.0,0,0,0,0,0.0000,0.0000,10.59,0,
1779865542.083,crossing_person,0,fusion_with_risk_avoidance,1,0.0000,0.0000,0.0000,6.00,0.00,6.0000,0.0000,0.0000,5.1419,0,0,0,0,0.0,0.0,0,0,0,0,0.0000,0.0000,10.69,0,
1779865542.183,crossing_person,0,fusion_with_risk_avoidance,1,0.0000,0.0000,0.0000,6.00,0.00,6.0000,0.0000,0.0000,5.1153,0,0,0,0,0.0,0.0,0,0,0,0,0.0000,0.0000,10.79,0,
1779865542.283,crossing_person,0,fusion_with_risk_avoidance,1,0.0000,0.0000,0.0000,6.00,0.00,6.0000,0.0000,0.0000,5.0913,0,0,0,0,0.0,0.0,0,0,0,0,0.0000,0.0000,10.89,0,
1779865542.383,crossing_person,0,fusion_with_risk_avoidance,1,0.0000,0.0000,0.0000,6.00,0.00,6.0000,0.0000,0.0000,5.0700,0,0,0,0,0.0,0.0,0,0,0,0,0.0000,0.0000,10.99,0,
1779865542.483,crossing_person,0,fusion_with_risk_avoidance,1,0.0000,0.0000,0.0000,6.00,0.00,6.0000,0.0000,0.0000,5.0515,0,0,0,0,0.0,0.0,0,0,0,0,0.0000,0.0000,11.09,0,
1779865542.583,crossing_person,0,fusion_with_risk_avoidance,1,0.0000,0.0000,0.0000,6.00,0.00,6.0000,0.0000,0.0000,5.0358,0,0,0,0,0.0,0.0,0,0,0,0,0.0000,0.0000,11.19,0,
1779865542.683,crossing_person,0,fusion_with_risk_avoidance,1,0.0000,0.0000,0.0000,6.00,0.00,6.0000,0.0000,0.0000,5.0229,0,0,0,0,0.0,0.0,0,0,0,0,0.0000,0.0000,11.29,0,
1779865542.783,crossing_person,0,fusion_with_risk_avoidance,1,0.0000,0.0000,0.0000,6.00,0.00,6.0000,0.0000,0.0000,5.0129,0,0,0,0,0.0,0.0,0,0,0,0,0.0000,0.0000,11.39,0,
1779865542.883,crossing_person,0,fusion_with_risk_avoidance,1,0.0000,0.0000,0.0000,6.00,0.00,6.0000,0.0000,0.0000,5.0057,0,0,0,0,0.0,0.0,0,0,0,0,0.0000,0.0000,11.49,0,
1779865542.983,crossing_person,0,fusion_with_risk_avoidance,1,0.0000,0.0000,0.0000,6.00,0.00,6.0000,0.0000,0.0000,5.0014,0,0,0,0,0.0,0.0,0,0,0,0,0.0000,0.0000,11.59,0,
1779865543.083,crossing_person,0,fusion_with_risk_avoidance,1,0.0000,0.0000,0.0000,6.00,0.00,6.0000,0.0000,0.0000,5.0000,0,0,0,0,0.0,0.0,0,0,0,0,0.0000,0.0000,11.69,0,
1779865543.183,crossing_person,0,fusion_with_risk_avoidance,1,0.0000,0.0000,0.0000,6.00,0.00,6.0000,0.0000,0.0000,5.0014,0,0,0,0,0.0,0.0,0,0,0,0,0.0000,0.0000,11.79,0,
1779865543.283,crossing_person,0,fusion_with_risk_avoidance,1,0.0000,0.0000,0.0000,6.00,0.00,6.0000,0.0000,0.0000,5.0058,0,0,0,0,0.0,0.0,0,0,0,0,0.0000,0.0000,11.89,0,
1779865543.383,crossing_person,0,fusion_with_risk_avoidance,1,0.0000,0.0000,0.0000,6.00,0.00,6.0000,0.0000,0.0000,5.0130,0,0,0,0,0.0,0.0,0,0,0,0,0.0000,0.0000,11.99,0,
1779865543.483,crossing_person,0,fusion_with_risk_avoidance,1,0.0000,0.0000,0.0000,6.00,0.00,6.0000,0.0000,0.0000,5.0230,0,0,0,0,0.0,0.0,0,0,0,0,0.0000,0.0000,12.09,0,
1779865543.583,crossing_person,0,fusion_with_risk_avoidance,1,0.0000,0.0000,0.0000,6.00,0.00,6.0000,0.0000,0.0000,5.0359,0,0,0,0,0.0,0.0,0,0,0,0,0.0000,0.0000,12.19,0,
1779865543.683,crossing_person,0,fusion_with_risk_avoidance,1,0.0000,0.0000,0.0000,6.00,0.00,6.0000,0.0000,0.0000,5.0516,0,0,0,0,0.0,0.0,0,0,0,0,0.0000,0.0000,12.29,0,
1779865543.783,crossing_person,0,fusion_with_risk_avoidance,1,0.0000,0.0000,0.0000,6.00,0.00,6.0000,0.0000,0.0000,5.0701,0,0,0,0,0.0,0.0,0,0,0,0,0.0000,0.0000,12.39,0,
1779865543.883,crossing_person,0,fusion_with_risk_avoidance,1,0.0000,0.0000,0.0000,6.00,0.00,6.0000,0.0000,0.0000,5.0914,0,0,0,0,0.0,0.0,0,0,0,0,0.0000,0.0000,12.49,0,
1779865543.983,crossing_person,0,fusion_with_risk_avoidance,1,0.0000,0.0000,0.0000,6.00,0.00,6.0000,0.0000,0.0000,5.1154,0,0,0,0,0.0,0.0,0,0,0,0,0.0000,0.0000,12.59,0,
1779865544.083,crossing_person,0,fusion_with_risk_avoidance,1,0.0000,0.0000,0.0000,6.00,0.00,6.0000,0.0000,0.0000,5.1421,0,0,0,0,0.0,0.0,0,0,0,0,0.0000,0.0000,12.69,0,
1779865544.183,crossing_person,0,fusion_with_risk_avoidance,1,0.0000,0.0000,0.0000,6.00,0.00,6.0000,0.0000,0.0000,5.1714,0,0,0,0,0.0,0.0,0,0,0,0,0.0000,0.0000,12.79,0,
1779865544.283,crossing_person,0,fusion_with_risk_avoidance,1,0.0000,0.0000,0.0000,6.00,0.00,6.0000,0.0000,0.0000,5.2033,0,0,0,0,0.0,0.0,0,0,0,0,0.0000,0.0000,12.89,0,
1779865544.383,crossing_person,0,fusion_with_risk_avoidance,1,0.0000,0.0000,0.0000,6.00,0.00,6.0000,0.0000,0.0000,5.2378,0,0,0,0,0.0,0.0,0,0,0,0,0.0000,0.0000,12.99,0,
1779865544.483,crossing_person,0,fusion_with_risk_avoidance,1,0.0000,0.0000,0.0000,6.00,0.00,6.0000,0.0000,0.0000,5.2748,0,0,0,0,0.0,0.0,0,0,0,0,0.0000,0.0000,13.09,0,
1779865544.583,crossing_person,0,fusion_with_risk_avoidance,1,0.0000,0.0000,0.0000,6.00,0.00,6.0000,0.0000,0.0000,5.3142,0,0,0,0,0.0,0.0,0,0,0,0,0.0000,0.0000,13.19,0,
1779865544.683,crossing_person,0,fusion_with_risk_avoidance,1,0.0000,0.0000,0.0000,6.00,0.00,6.0000,0.0000,0.0000,5.3561,0,0,0,0,0.0,0.0,0,0,0,0,0.0000,0.0000,13.29,0,
1779865544.783,crossing_person,0,fusion_with_risk_avoidance,1,0.0000,0.0000,0.0000,6.00,0.00,6.0000,0.0000,0.0000,5.3702,0,0,0,0,0.0,0.0,0,0,0,0,0.0000,0.0000,13.39,0,
1779865544.883,crossing_person,0,fusion_with_risk_avoidance,1,0.0000,0.0000,0.0000,6.00,0.00,6.0000,0.0000,0.0000,5.3277,0,0,0,0,0.0,0.0,0,0,0,0,0.0000,0.0000,13.49,0,
1779865544.983,crossing_person,0,fusion_with_risk_avoidance,1,0.0000,0.0000,0.0000,6.00,0.00,6.0000,0.0000,0.0000,5.2875,0,0,0,0,0.0,0.0,0,0,0,0,0.0000,0.0000,13.59,0,
1779865545.083,crossing_person,0,fusion_with_risk_avoidance,1,0.0000,0.0000,0.0000,6.00,0.00,6.0000,0.0000,0.0000,5.2497,0,0,0,0,0.0,0.0,0,0,0,0,0.0000,0.0000,13.69,0,
1779865545.183,crossing_person,0,fusion_with_risk_avoidance,1,0.0000,0.0000,0.0000,6.00,0.00,6.0000,0.0000,0.0000,5.2144,0,0,0,0,0.0,0.0,0,0,0,0,0.0000,0.0000,13.79,0,
1779865545.283,crossing_person,0,fusion_with_risk_avoidance,1,0.0000,0.0000,0.0000,6.00,0.00,6.0000,0.0000,0.0000,5.1816,0,0,0,0,0.0,0.0,0,0,0,0,0.0000,0.0000,13.89,0,
1779865545.383,crossing_person,0,fusion_with_risk_avoidance,1,0.0000,0.0000,0.0000,6.00,0.00,6.0000,0.0000,0.0000,5.1514,0,0,0,0,0.0,0.0,0,0,0,0,0.0000,0.0000,13.99,0,
1779865545.483,crossing_person,0,fusion_with_risk_avoidance,1,0.0000,0.0000,0.0000,6.00,0.00,6.0000,0.0000,0.0000,5.1238,0,0,0,0,0.0,0.0,0,0,0,0,0.0000,0.0000,14.09,0,
1779865545.583,crossing_person,0,fusion_with_risk_avoidance,1,0.0000,0.0000,0.0000,6.00,0.00,6.0000,0.0000,0.0000,5.0990,0,0,0,0,0.0,0.0,0,0,0,0,0.0000,0.0000,14.19,0,
1779865545.683,crossing_person,0,fusion_with_risk_avoidance,1,0.0000,0.0000,0.0000,6.00,0.00,6.0000,0.0000,0.0000,5.0768,0,0,0,0,0.0,0.0,0,0,0,0,0.0000,0.0000,14.29,0,
1779865545.783,crossing_person,0,fusion_with_risk_avoidance,1,0.0000,0.0000,0.0000,6.00,0.00,6.0000,0.0000,0.0000,5.0574,0,0,0,0,0.0,0.0,0,0,0,0,0.0000,0.0000,14.39,0,
1779865545.883,crossing_person,0,fusion_with_risk_avoidance,1,0.0000,0.0000,0.0000,6.00,0.00,6.0000,0.0000,0.0000,5.0408,0,0,0,0,0.0,0.0,0,0,0,0,0.0000,0.0000,14.49,0,
1779865545.983,crossing_person,0,fusion_with_risk_avoidance,1,0.0000,0.0000,0.0000,6.00,0.00,6.0000,0.0000,0.0000,5.0269,0,0,0,0,0.0,0.0,0,0,0,0,0.0000,0.0000,14.59,0,
1779865546.083,crossing_person,0,fusion_with_risk_avoidance,1,0.0000,0.0000,0.0000,6.00,0.00,6.0000,0.0000,0.0000,5.0159,0,0,0,0,0.0,0.0,0,0,0,0,0.0000,0.0000,14.69,0,
1779865546.183,crossing_person,0,fusion_with_risk_avoidance,1,0.0000,0.0000,0.0000,6.00,0.00,6.0000,0.0000,0.0000,5.0078,0,0,0,0,0.0,0.0,0,0,0,0,0.0000,0.0000,14.79,0,
1779865546.283,crossing_person,0,fusion_with_risk_avoidance,1,0.0000,0.0000,0.0000,6.00,0.00,6.0000,0.0000,0.0000,5.0025,0,0,0,0,0.0,0.0,0,0,0,0,0.0000,0.0000,14.89,0,
1779865546.383,crossing_person,0,fusion_with_risk_avoidance,1,0.0000,0.0000,0.0000,6.00,0.00,6.0000,0.0000,0.0000,5.0002,0,0,0,0,0.0,0.0,0,0,0,0,0.0000,0.0000,14.99,0,
1779865546.483,crossing_person,0,fusion_with_risk_avoidance,1,0.0000,0.0000,0.0000,6.00,0.00,6.0000,0.0000,0.0000,5.0006,0,0,0,0,0.0,0.0,0,0,0,0,0.0000,0.0000,15.09,0,
1779865546.583,crossing_person,0,fusion_with_risk_avoidance,1,0.0000,0.0000,0.0000,6.00,0.00,6.0000,0.0000,0.0000,5.0040,0,0,0,0,0.0,0.0,0,0,0,0,0.0000,0.0000,15.19,0,
1779865546.683,crossing_person,0,fusion_with_risk_avoidance,1,0.0000,0.0000,0.0000,6.00,0.00,6.0000,0.0000,0.0000,5.0103,0,0,0,0,0.0,0.0,0,0,0,0,0.0000,0.0000,15.29,0,stuck
1779865546.783,crossing_person,0,fusion_with_risk_avoidance,1,0.0000,0.0000,0.0000,6.00,0.00,6.0000,0.0000,0.0000,5.0193,0,0,0,0,0.0,0.0,0,0,0,0,0.0000,0.0000,15.39,0,stuck
1779865546.883,crossing_person,0,fusion_with_risk_avoidance,1,0.0000,0.0000,0.0000,6.00,0.00,6.0000,0.0000,0.0000,5.0313,0,0,0,0,0.0,0.0,0,0,0,0,0.0000,0.0000,15.49,0,stuck
1779865546.983,crossing_person,0,fusion_with_risk_avoidance,1,0.0000,0.0000,0.0000,6.00,0.00,6.0000,0.0000,0.0000,5.0461,0,0,0,0,0.0,0.0,0,0,0,0,0.0000,0.0000,15.59,0,stuck
1779865547.083,crossing_person,0,fusion_with_risk_avoidance,1,0.0000,0.0000,0.0000,6.00,0.00,6.0000,0.0000,0.0000,5.0636,0,0,0,0,0.0,0.0,0,0,0,0,0.0000,0.0000,15.69,0,stuck
1779865547.183,crossing_person,0,fusion_with_risk_avoidance,1,0.0000,0.0000,0.0000,6.00,0.00,6.0000,0.0000,0.0000,5.0840,0,0,0,0,0.0,0.0,0,0,0,0,0.0000,0.0000,15.79,0,stuck
1779865547.283,crossing_person,0,fusion_with_risk_avoidance,1,0.0000,0.0000,0.0000,6.00,0.00,6.0000,0.0000,0.0000,5.1071,0,0,0,0,0.0,0.0,0,0,0,0,0.0000,0.0000,15.89,0,stuck
1779865547.383,crossing_person,0,fusion_with_risk_avoidance,1,0.0000,0.0000,0.0000,6.00,0.00,6.0000,0.0000,0.0000,5.1329,0,0,0,0,0.0,0.0,0,0,0,0,0.0000,0.0000,15.99,0,stuck
1779865547.483,crossing_person,0,fusion_with_risk_avoidance,1,0.0000,0.0000,0.0000,6.00,0.00,6.0000,0.0000,0.0000,5.1613,0,0,0,0,0.0,0.0,0,0,0,0,0.0000,0.0000,16.09,0,stuck
1779865547.583,crossing_person,0,fusion_with_risk_avoidance,1,0.0000,0.0000,0.0000,6.00,0.00,6.0000,0.0000,0.0000,5.1924,0,0,0,0,0.0,0.0,0,0,0,0,0.0000,0.0000,16.19,0,stuck
1779865547.683,crossing_person,0,fusion_with_risk_avoidance,1,0.0000,0.0000,0.0000,6.00,0.00,6.0000,0.0000,0.0000,5.2260,0,0,0,0,0.0,0.0,0,0,0,0,0.0000,0.0000,16.29,0,stuck
1779865547.783,crossing_person,0,fusion_with_risk_avoidance,1,0.0000,0.0000,0.0000,6.00,0.00,6.0000,0.0000,0.0000,5.2625,0,0,0,0,0.0,0.0,0,0,0,0,0.0000,0.0000,16.39,0,stuck
1779865547.883,crossing_person,0,fusion_with_risk_avoidance,1,0.0000,0.0000,0.0000,6.00,0.00,6.0000,0.0000,0.0000,5.3008,0,0,0,0,0.0,0.0,0,0,0,0,0.0000,0.0000,16.49,0,stuck
1779865547.983,crossing_person,0,fusion_with_risk_avoidance,1,0.0000,0.0000,0.0000,6.00,0.00,6.0000,0.0000,0.0000,5.3419,0,0,0,0,0.0,0.0,0,0,0,0,0.0000,0.0000,16.59,0,stuck
1779865548.083,crossing_person,0,fusion_with_risk_avoidance,1,0.0000,0.0000,0.0000,6.00,0.00,6.0000,0.0000,0.0000,5.3851,0,0,0,0,0.0,0.0,0,0,0,0,0.0000,0.0000,16.69,0,stuck
1779865548.183,crossing_person,0,fusion_with_risk_avoidance,1,0.0000,0.0000,0.0000,6.00,0.00,6.0000,0.0000,0.0000,5.3417,0,0,0,0,0.0,0.0,0,0,0,0,0.0000,0.0000,16.79,0,stuck
1779865548.283,crossing_person,0,fusion_with_risk_avoidance,1,0.0000,0.0000,0.0000,6.00,0.00,6.0000,0.0000,0.0000,5.3006,0,0,0,0,0.0,0.0,0,0,0,0,0.0000,0.0000,16.89,0,stuck
1779865548.383,crossing_person,0,fusion_with_risk_avoidance,1,0.0000,0.0000,0.0000,6.00,0.00,6.0000,0.0000,0.0000,5.2620,0,0,0,0,0.0,0.0,0,0,0,0,0.0000,0.0000,16.99,0,stuck
1779865548.483,crossing_person,0,fusion_with_risk_avoidance,1,0.0000,0.0000,0.0000,6.00,0.00,6.0000,0.0000,0.0000,5.2259,0,0,0,0,0.0,0.0,0,0,0,0,0.0000,0.0000,17.09,0,stuck
1779865548.583,crossing_person,0,fusion_with_risk_avoidance,1,0.0000,0.0000,0.0000,6.00,0.00,6.0000,0.0000,0.0000,5.1922,0,0,0,0,0.0,0.0,0,0,0,0,0.0000,0.0000,17.19,0,stuck
1779865548.683,crossing_person,0,fusion_with_risk_avoidance,1,0.0000,0.0000,0.0000,6.00,0.00,6.0000,0.0000,0.0000,5.1611,0,0,0,0,0.0,0.0,0,0,0,0,0.0000,0.0000,17.29,0,stuck
1779865548.783,crossing_person,0,fusion_with_risk_avoidance,1,0.0000,0.0000,0.0000,6.00,0.00,6.0000,0.0000,0.0000,5.1327,0,0,0,0,0.0,0.0,0,0,0,0,0.0000,0.0000,17.39,0,stuck
1779865548.883,crossing_person,0,fusion_with_risk_avoidance,1,0.0000,0.0000,0.0000,6.00,0.00,6.0000,0.0000,0.0000,5.1070,0,0,0,0,0.0,0.0,0,0,0,0,0.0000,0.0000,17.49,0,stuck
1779865548.983,crossing_person,0,fusion_with_risk_avoidance,1,0.0000,0.0000,0.0000,6.00,0.00,6.0000,0.0000,0.0000,5.0839,0,0,0,0,0.0,0.0,0,0,0,0,0.0000,0.0000,17.59,0,stuck
1779865549.083,crossing_person,0,fusion_with_risk_avoidance,1,0.0000,0.0000,0.0000,6.00,0.00,6.0000,0.0000,0.0000,5.0636,0,0,0,0,0.0,0.0,0,0,0,0,0.0000,0.0000,17.69,0,stuck
1779865549.183,crossing_person,0,fusion_with_risk_avoidance,1,0.0000,0.0000,0.0000,6.00,0.00,6.0000,0.0000,0.0000,5.0460,0,0,0,0,0.0,0.0,0,0,0,0,0.0000,0.0000,17.79,0,stuck
1779865549.283,crossing_person,0,fusion_with_risk_avoidance,1,0.0000,0.0000,0.0000,6.00,0.00,6.0000,0.0000,0.0000,5.0312,0,0,0,0,0.0,0.0,0,0,0,0,0.0000,0.0000,17.89,0,stuck
1779865549.383,crossing_person,0,fusion_with_risk_avoidance,1,0.0000,0.0000,0.0000,6.00,0.00,6.0000,0.0000,0.0000,5.0193,0,0,0,0,0.0,0.0,0,0,0,0,0.0000,0.0000,17.99,0,stuck
1779865549.483,crossing_person,0,fusion_with_risk_avoidance,1,0.0000,0.0000,0.0000,6.00,0.00,6.0000,0.0000,0.0000,5.0102,0,0,0,0,0.0,0.0,0,0,0,0,0.0000,0.0000,18.09,0,stuck
1779865549.583,crossing_person,0,fusion_with_risk_avoidance,1,0.0000,0.0000,0.0000,6.00,0.00,6.0000,0.0000,0.0000,5.0040,0,0,0,0,0.0,0.0,0,0,0,0,0.0000,0.0000,18.19,0,stuck
1779865549.683,crossing_person,0,fusion_with_risk_avoidance,1,0.0000,0.0000,0.0000,6.00,0.00,6.0000,0.0000,0.0000,5.0006,0,0,0,0,0.0,0.0,0,0,0,0,0.0000,0.0000,18.29,0,stuck
1779865549.783,crossing_person,0,fusion_with_risk_avoidance,1,0.0000,0.0000,0.0000,6.00,0.00,6.0000,0.0000,0.0000,5.0002,0,0,0,0,0.0,0.0,0,0,0,0,0.0000,0.0000,18.39,0,stuck
1779865549.884,crossing_person,0,fusion_with_risk_avoidance,1,0.0000,0.0000,0.0000,6.00,0.00,6.0000,0.0000,0.0000,5.0026,0,0,0,0,0.0,0.0,0,0,0,0,0.0000,0.0000,18.49,0,stuck
1779865549.983,crossing_person,0,fusion_with_risk_avoidance,1,0.0000,0.0000,0.0000,6.00,0.00,6.0000,0.0000,0.0000,5.0078,0,0,0,0,0.0,0.0,0,0,0,0,0.0000,0.0000,18.59,0,stuck
1779865550.083,crossing_person,0,fusion_with_risk_avoidance,1,0.0000,0.0000,0.0000,6.00,0.00,6.0000,0.0000,0.0000,5.0160,0,0,0,0,0.0,0.0,0,0,0,0,0.0000,0.0000,18.69,0,stuck
1779865550.183,crossing_person,0,fusion_with_risk_avoidance,1,0.0000,0.0000,0.0000,6.00,0.00,6.0000,0.0000,0.0000,5.0270,0,0,0,0,0.0,0.0,0,0,0,0,0.0000,0.0000,18.79,0,stuck
1779865550.283,crossing_person,0,fusion_with_risk_avoidance,1,0.0000,0.0000,0.0000,6.00,0.00,6.0000,0.0000,0.0000,5.0408,0,0,0,0,0.0,0.0,0,0,0,0,0.0000,0.0000,18.89,0,stuck
1779865550.383,crossing_person,0,fusion_with_risk_avoidance,1,0.0000,0.0000,0.0000,6.00,0.00,6.0000,0.0000,0.0000,5.0575,0,0,0,0,0.0,0.0,0,0,0,0,0.0000,0.0000,18.99,0,stuck
1779865550.483,crossing_person,0,fusion_with_risk_avoidance,1,0.0000,0.0000,0.0000,6.00,0.00,6.0000,0.0000,0.0000,5.0769,0,0,0,0,0.0,0.0,0,0,0,0,0.0000,0.0000,19.09,0,stuck
1779865550.583,crossing_person,0,fusion_with_risk_avoidance,1,0.0000,0.0000,0.0000,6.00,0.00,6.0000,0.0000,0.0000,5.0991,0,0,0,0,0.0,0.0,0,0,0,0,0.0000,0.0000,19.19,0,stuck
1779865550.683,crossing_person,0,fusion_with_risk_avoidance,1,0.0000,0.0000,0.0000,6.00,0.00,6.0000,0.0000,0.0000,5.1240,0,0,0,0,0.0,0.0,0,0,0,0,0.0000,0.0000,19.29,0,stuck
1779865550.783,crossing_person,0,fusion_with_risk_avoidance,1,0.0000,0.0000,0.0000,6.00,0.00,6.0000,0.0000,0.0000,5.1515,0,0,0,0,0.0,0.0,0,0,0,0,0.0000,0.0000,19.39,0,stuck
1779865550.883,crossing_person,0,fusion_with_risk_avoidance,1,0.0000,0.0000,0.0000,6.00,0.00,6.0000,0.0000,0.0000,5.1818,0,0,0,0,0.0,0.0,0,0,0,0,0.0000,0.0000,19.49,0,stuck
1779865550.983,crossing_person,0,fusion_with_risk_avoidance,1,0.0000,0.0000,0.0000,6.00,0.00,6.0000,0.0000,0.0000,5.2145,0,0,0,0,0.0,0.0,0,0,0,0,0.0000,0.0000,19.59,0,stuck
1779865551.083,crossing_person,0,fusion_with_risk_avoidance,1,0.0000,0.0000,0.0000,6.00,0.00,6.0000,0.0000,0.0000,5.2499,0,0,0,0,0.0,0.0,0,0,0,0,0.0000,0.0000,19.69,0,stuck
1779865551.183,crossing_person,0,fusion_with_risk_avoidance,1,0.0000,0.0000,0.0000,6.00,0.00,6.0000,0.0000,0.0000,5.2877,0,0,0,0,0.0,0.0,0,0,0,0,0.0000,0.0000,19.79,0,stuck
1779865551.283,crossing_person,0,fusion_with_risk_avoidance,1,0.0000,0.0000,0.0000,6.00,0.00,6.0000,0.0000,0.0000,5.3279,0,0,0,0,0.0,0.0,0,0,0,0,0.0000,0.0000,19.89,0,stuck
1779865551.384,crossing_person,0,fusion_with_risk_avoidance,1,0.0000,0.0000,0.0000,6.00,0.00,6.0000,0.0000,0.0000,5.3708,0,0,0,0,0.0,0.0,0,0,0,0,0.0000,0.0000,19.99,0,stuck
1779865551.483,crossing_person,0,fusion_with_risk_avoidance,1,0.0000,0.0000,0.0000,6.00,0.00,6.0000,0.0000,0.0000,5.3559,0,0,0,0,0.0,0.0,0,0,0,0,0.0000,0.0000,20.09,0,stuck
1779865551.583,crossing_person,0,fusion_with_risk_avoidance,1,0.0000,0.0000,0.0000,6.00,0.00,6.0000,0.0000,0.0000,5.3140,0,0,0,0,0.0,0.0,0,0,0,0,0.0000,0.0000,20.19,0,stuck
1779865551.683,crossing_person,0,fusion_with_risk_avoidance,1,0.0000,0.0000,0.0000,6.00,0.00,6.0000,0.0000,0.0000,5.2746,0,0,0,0,0.0,0.0,0,0,0,0,0.0000,0.0000,20.29,0,stuck
1779865551.783,crossing_person,0,fusion_with_risk_avoidance,1,0.0000,0.0000,0.0000,6.00,0.00,6.0000,0.0000,0.0000,5.2376,0,0,0,0,0.0,0.0,0,0,0,0,0.0000,0.0000,20.39,0,stuck
1779865551.883,crossing_person,0,fusion_with_risk_avoidance,1,0.0000,0.0000,0.0000,6.00,0.00,6.0000,0.0000,0.0000,5.2031,0,0,0,0,0.0,0.0,0,0,0,0,0.0000,0.0000,20.49,0,stuck
1779865551.983,crossing_person,0,fusion_with_risk_avoidance,1,0.0000,0.0000,0.0000,6.00,0.00,6.0000,0.0000,0.0000,5.1712,0,0,0,0,0.0,0.0,0,0,0,0,0.0000,0.0000,20.59,0,stuck
1779865552.083,crossing_person,0,fusion_with_risk_avoidance,1,0.0000,0.0000,0.0000,6.00,0.00,6.0000,0.0000,0.0000,5.1419,0,0,0,0,0.0,0.0,0,0,0,0,0.0000,0.0000,20.69,0,stuck
1779865552.183,crossing_person,0,fusion_with_risk_avoidance,1,0.0000,0.0000,0.0000,6.00,0.00,6.0000,0.0000,0.0000,5.1152,0,0,0,0,0.0,0.0,0,0,0,0,0.0000,0.0000,20.79,0,stuck
1779865552.283,crossing_person,0,fusion_with_risk_avoidance,1,0.0000,0.0000,0.0000,6.00,0.00,6.0000,0.0000,0.0000,5.0913,0,0,0,0,0.0,0.0,0,0,0,0,0.0000,0.0000,20.89,0,stuck
1779865552.383,crossing_person,0,fusion_with_risk_avoidance,1,0.0000,0.0000,0.0000,6.00,0.00,6.0000,0.0000,0.0000,5.0700,0,0,0,0,0.0,0.0,0,0,0,0,0.0000,0.0000,20.99,0,stuck
1779865552.483,crossing_person,0,fusion_with_risk_avoidance,1,0.0000,0.0000,0.0000,6.00,0.00,6.0000,0.0000,0.0000,5.0515,0,0,0,0,0.0,0.0,0,0,0,0,0.0000,0.0000,21.09,0,stuck
1779865552.583,crossing_person,0,fusion_with_risk_avoidance,1,0.0000,0.0000,0.0000,6.00,0.00,6.0000,0.0000,0.0000,5.0358,0,0,0,0,0.0,0.0,0,0,0,0,0.0000,0.0000,21.19,0,stuck
1779865552.683,crossing_person,0,fusion_with_risk_avoidance,1,0.0000,0.0000,0.0000,6.00,0.00,6.0000,0.0000,0.0000,5.0230,0,0,0,0,0.0,0.0,0,0,0,0,0.0000,0.0000,21.29,0,stuck
1779865552.783,crossing_person,0,fusion_with_risk_avoidance,1,0.0000,0.0000,0.0000,6.00,0.00,6.0000,0.0000,0.0000,5.0129,0,0,0,0,0.0,0.0,0,0,0,0,0.0000,0.0000,21.39,0,stuck
1779865552.883,crossing_person,0,fusion_with_risk_avoidance,1,0.0000,0.0000,0.0000,6.00,0.00,6.0000,0.0000,0.0000,5.0057,0,0,0,0,0.0,0.0,0,0,0,0,0.0000,0.0000,21.49,0,stuck
1779865552.983,crossing_person,0,fusion_with_risk_avoidance,1,0.0000,0.0000,0.0000,6.00,0.00,6.0000,0.0000,0.0000,5.0014,0,0,0,0,0.0,0.0,0,0,0,0,0.0000,0.0000,21.59,0,stuck
1779865553.083,crossing_person,0,fusion_with_risk_avoidance,1,0.0000,0.0000,0.0000,6.00,0.00,6.0000,0.0000,0.0000,5.0000,0,0,0,0,0.0,0.0,0,0,0,0,0.0000,0.0000,21.69,0,stuck
1779865553.183,crossing_person,0,fusion_with_risk_avoidance,1,0.0000,0.0000,0.0000,6.00,0.00,6.0000,0.0000,0.0000,5.0014,0,0,0,0,0.0,0.0,0,0,0,0,0.0000,0.0000,21.79,0,stuck
1779865553.283,crossing_person,0,fusion_with_risk_avoidance,1,0.0000,0.0000,0.0000,6.00,0.00,6.0000,0.0000,0.0000,5.0058,0,0,0,0,0.0,0.0,0,0,0,0,0.0000,0.0000,21.89,0,stuck
1779865553.383,crossing_person,0,fusion_with_risk_avoidance,1,0.0000,0.0000,0.0000,6.00,0.00,6.0000,0.0000,0.0000,5.0130,0,0,0,0,0.0,0.0,0,0,0,0,0.0000,0.0000,21.99,0,stuck
1779865553.483,crossing_person,0,fusion_with_risk_avoidance,1,0.0000,0.0000,0.0000,6.00,0.00,6.0000,0.0000,0.0000,5.0230,0,0,0,0,0.0,0.0,0,0,0,0,0.0000,0.0000,22.09,0,stuck
1779865553.583,crossing_person,0,fusion_with_risk_avoidance,1,0.0000,0.0000,0.0000,6.00,0.00,6.0000,0.0000,0.0000,5.0359,0,0,0,0,0.0,0.0,0,0,0,0,0.0000,0.0000,22.19,0,stuck
1779865553.683,crossing_person,0,fusion_with_risk_avoidance,1,0.0000,0.0000,0.0000,6.00,0.00,6.0000,0.0000,0.0000,5.0516,0,0,0,0,0.0,0.0,0,0,0,0,0.0000,0.0000,22.29,0,stuck
1779865553.783,crossing_person,0,fusion_with_risk_avoidance,1,0.0000,0.0000,0.0000,6.00,0.00,6.0000,0.0000,0.0000,5.0701,0,0,0,0,0.0,0.0,0,0,0,0,0.0000,0.0000,22.39,0,stuck
1779865553.883,crossing_person,0,fusion_with_risk_avoidance,1,0.0000,0.0000,0.0000,6.00,0.00,6.0000,0.0000,0.0000,5.0914,0,0,0,0,0.0,0.0,0,0,0,0,0.0000,0.0000,22.49,0,stuck
1779865553.983,crossing_person,0,fusion_with_risk_avoidance,1,0.0000,0.0000,0.0000,6.00,0.00,6.0000,0.0000,0.0000,5.1154,0,0,0,0,0.0,0.0,0,0,0,0,0.0000,0.0000,22.59,0,stuck
1779865554.083,crossing_person,0,fusion_with_risk_avoidance,1,0.0000,0.0000,0.0000,6.00,0.00,6.0000,0.0000,0.0000,5.1420,0,0,0,0,0.0,0.0,0,0,0,0,0.0000,0.0000,22.69,0,stuck
1779865554.183,crossing_person,0,fusion_with_risk_avoidance,1,0.0000,0.0000,0.0000,6.00,0.00,6.0000,0.0000,0.0000,5.1714,0,0,0,0,0.0,0.0,0,0,0,0,0.0000,0.0000,22.79,0,stuck
1779865554.283,crossing_person,0,fusion_with_risk_avoidance,1,0.0000,0.0000,0.0000,6.00,0.00,6.0000,0.0000,0.0000,5.2033,0,0,0,0,0.0,0.0,0,0,0,0,0.0000,0.0000,22.89,0,stuck
1779865554.383,crossing_person,0,fusion_with_risk_avoidance,1,0.0000,0.0000,0.0000,6.00,0.00,6.0000,0.0000,0.0000,5.2378,0,0,0,0,0.0,0.0,0,0,0,0,0.0000,0.0000,22.99,0,stuck
1779865554.483,crossing_person,0,fusion_with_risk_avoidance,1,0.0000,0.0000,0.0000,6.00,0.00,6.0000,0.0000,0.0000,5.2748,0,0,0,0,0.0,0.0,0,0,0,0,0.0000,0.0000,23.09,0,stuck
1779865554.583,crossing_person,0,fusion_with_risk_avoidance,1,0.0000,0.0000,0.0000,6.00,0.00,6.0000,0.0000,0.0000,5.3142,0,0,0,0,0.0,0.0,0,0,0,0,0.0000,0.0000,23.19,0,stuck
1779865554.683,crossing_person,0,fusion_with_risk_avoidance,1,0.0000,0.0000,0.0000,6.00,0.00,6.0000,0.0000,0.0000,5.3561,0,0,0,0,0.0,0.0,0,0,0,0,0.0000,0.0000,23.29,0,stuck
1779865554.783,crossing_person,0,fusion_with_risk_avoidance,1,0.0000,0.0000,0.0000,6.00,0.00,6.0000,0.0000,0.0000,5.3703,0,0,0,0,0.0,0.0,0,0,0,0,0.0000,0.0000,23.39,0,stuck
1779865554.883,crossing_person,0,fusion_with_risk_avoidance,1,0.0000,0.0000,0.0000,6.00,0.00,6.0000,0.0000,0.0000,5.3277,0,0,0,0,0.0,0.0,0,0,0,0,0.0000,0.0000,23.49,0,stuck
1779865554.983,crossing_person,0,fusion_with_risk_avoidance,1,0.0000,0.0000,0.0000,6.00,0.00,6.0000,0.0000,0.0000,5.2875,0,0,0,0,0.0,0.0,0,0,0,0,0.0000,0.0000,23.59,0,stuck
1779865555.083,crossing_person,0,fusion_with_risk_avoidance,1,0.0000,0.0000,0.0000,6.00,0.00,6.0000,0.0000,0.0000,5.2495,0,0,0,0,0.0,0.0,0,0,0,0,0.0000,0.0000,23.69,0,stuck
1779865555.183,crossing_person,0,fusion_with_risk_avoidance,1,0.0000,0.0000,0.0000,6.00,0.00,6.0000,0.0000,0.0000,5.2144,0,0,0,0,0.0,0.0,0,0,0,0,0.0000,0.0000,23.79,0,stuck
1779865555.283,crossing_person,0,fusion_with_risk_avoidance,1,0.0000,0.0000,0.0000,6.00,0.00,6.0000,0.0000,0.0000,5.1816,0,0,0,0,0.0,0.0,0,0,0,0,0.0000,0.0000,23.89,0,stuck
1779865555.383,crossing_person,0,fusion_with_risk_avoidance,1,0.0000,0.0000,0.0000,6.00,0.00,6.0000,0.0000,0.0000,5.1514,0,0,0,0,0.0,0.0,0,0,0,0,0.0000,0.0000,23.99,0,stuck
1779865555.483,crossing_person,0,fusion_with_risk_avoidance,1,0.0000,0.0000,0.0000,6.00,0.00,6.0000,0.0000,0.0000,5.1238,0,0,0,0,0.0,0.0,0,0,0,0,0.0000,0.0000,24.09,0,stuck
1779865555.583,crossing_person,0,fusion_with_risk_avoidance,1,0.0000,0.0000,0.0000,6.00,0.00,6.0000,0.0000,0.0000,5.0990,0,0,0,0,0.0,0.0,0,0,0,0,0.0000,0.0000,24.19,0,stuck
1779865555.683,crossing_person,0,fusion_with_risk_avoidance,1,0.0000,0.0000,0.0000,6.00,0.00,6.0000,0.0000,0.0000,5.0768,0,0,0,0,0.0,0.0,0,0,0,0,0.0000,0.0000,24.29,0,stuck
1779865555.783,crossing_person,0,fusion_with_risk_avoidance,1,0.0000,0.0000,0.0000,6.00,0.00,6.0000,0.0000,0.0000,5.0574,0,0,0,0,0.0,0.0,0,0,0,0,0.0000,0.0000,24.39,0,stuck
1779865555.883,crossing_person,0,fusion_with_risk_avoidance,1,0.0000,0.0000,0.0000,6.00,0.00,6.0000,0.0000,0.0000,5.0408,0,0,0,0,0.0,0.0,0,0,0,0,0.0000,0.0000,24.49,0,stuck
1779865555.983,crossing_person,0,fusion_with_risk_avoidance,1,0.0000,0.0000,0.0000,6.00,0.00,6.0000,0.0000,0.0000,5.0269,0,0,0,0,0.0,0.0,0,0,0,0,0.0000,0.0000,24.59,0,stuck
1779865556.083,crossing_person,0,fusion_with_risk_avoidance,1,0.0000,0.0000,0.0000,6.00,0.00,6.0000,0.0000,0.0000,5.0160,0,0,0,0,0.0,0.0,0,0,0,0,0.0000,0.0000,24.69,0,stuck
1779865556.183,crossing_person,0,fusion_with_risk_avoidance,1,0.0000,0.0000,0.0000,6.00,0.00,6.0000,0.0000,0.0000,5.0078,0,0,0,0,0.0,0.0,0,0,0,0,0.0000,0.0000,24.79,0,stuck
1779865556.283,crossing_person,0,fusion_with_risk_avoidance,1,0.0000,0.0000,0.0000,6.00,0.00,6.0000,0.0000,0.0000,5.0025,0,0,0,0,0.0,0.0,0,0,0,0,0.0000,0.0000,24.89,0,stuck
1779865556.383,crossing_person,0,fusion_with_risk_avoidance,1,0.0000,0.0000,0.0000,6.00,0.00,6.0000,0.0000,0.0000,5.0002,0,0,0,0,0.0,0.0,0,0,0,0,0.0000,0.0000,24.99,0,stuck
1779865556.483,crossing_person,0,fusion_with_risk_avoidance,1,0.0000,0.0000,0.0000,6.00,0.00,6.0000,0.0000,0.0000,5.0006,0,0,0,0,0.0,0.0,0,0,0,0,0.0000,0.0000,25.09,0,stuck
1779865556.583,crossing_person,0,fusion_with_risk_avoidance,1,0.0000,0.0000,0.0000,6.00,0.00,6.0000,0.0000,0.0000,5.0040,0,0,0,0,0.0,0.0,0,0,0,0,0.0000,0.0000,25.19,0,stuck
1779865556.683,crossing_person,0,fusion_with_risk_avoidance,1,0.0000,0.0000,0.0000,6.00,0.00,6.0000,0.0000,0.0000,5.0102,0,0,0,0,0.0,0.0,0,0,0,0,0.0000,0.0000,25.29,0,stuck
1779865556.783,crossing_person,0,fusion_with_risk_avoidance,1,0.0000,0.0000,0.0000,6.00,0.00,6.0000,0.0000,0.0000,5.0193,0,0,0,0,0.0,0.0,0,0,0,0,0.0000,0.0000,25.39,0,stuck
1779865556.884,crossing_person,0,fusion_with_risk_avoidance,1,0.0000,0.0000,0.0000,6.00,0.00,6.0000,0.0000,0.0000,5.0313,0,0,0,0,0.0,0.0,0,0,0,0,0.0000,0.0000,25.49,0,stuck
1779865556.983,crossing_person,0,fusion_with_risk_avoidance,1,0.0000,0.0000,0.0000,6.00,0.00,6.0000,0.0000,0.0000,5.0461,0,0,0,0,0.0,0.0,0,0,0,0,0.0000,0.0000,25.59,0,stuck
1779865557.083,crossing_person,0,fusion_with_risk_avoidance,1,0.0000,0.0000,0.0000,6.00,0.00,6.0000,0.0000,0.0000,5.0636,0,0,0,0,0.0,0.0,0,0,0,0,0.0000,0.0000,25.69,0,stuck
1779865557.183,crossing_person,0,fusion_with_risk_avoidance,1,0.0000,0.0000,0.0000,6.00,0.00,6.0000,0.0000,0.0000,5.0841,0,0,0,0,0.0,0.0,0,0,0,0,0.0000,0.0000,25.79,0,stuck
1779865557.283,crossing_person,0,fusion_with_risk_avoidance,1,0.0000,0.0000,0.0000,6.00,0.00,6.0000,0.0000,0.0000,5.1071,0,0,0,0,0.0,0.0,0,0,0,0,0.0000,0.0000,25.89,0,stuck
1779865557.383,crossing_person,0,fusion_with_risk_avoidance,1,0.0000,0.0000,0.0000,6.00,0.00,6.0000,0.0000,0.0000,5.1329,0,0,0,0,0.0,0.0,0,0,0,0,0.0000,0.0000,25.99,0,stuck
1779865557.483,crossing_person,0,fusion_with_risk_avoidance,1,0.0000,0.0000,0.0000,6.00,0.00,6.0000,0.0000,0.0000,5.1613,0,0,0,0,0.0,0.0,0,0,0,0,0.0000,0.0000,26.09,0,stuck
1779865557.583,crossing_person,0,fusion_with_risk_avoidance,1,0.0000,0.0000,0.0000,6.00,0.00,6.0000,0.0000,0.0000,5.1924,0,0,0,0,0.0,0.0,0,0,0,0,0.0000,0.0000,26.19,0,stuck
1779865557.683,crossing_person,0,fusion_with_risk_avoidance,1,0.0000,0.0000,0.0000,6.00,0.00,6.0000,0.0000,0.0000,5.2260,0,0,0,0,0.0,0.0,0,0,0,0,0.0000,0.0000,26.29,0,stuck
1779865557.783,crossing_person,0,fusion_with_risk_avoidance,1,0.0000,0.0000,0.0000,6.00,0.00,6.0000,0.0000,0.0000,5.2622,0,0,0,0,0.0,0.0,0,0,0,0,0.0000,0.0000,26.39,0,stuck
1779865557.883,crossing_person,0,fusion_with_risk_avoidance,1,0.0000,0.0000,0.0000,6.00,0.00,6.0000,0.0000,0.0000,5.3008,0,0,0,0,0.0,0.0,0,0,0,0,0.0000,0.0000,26.49,0,stuck
1779865557.983,crossing_person,0,fusion_with_risk_avoidance,1,0.0000,0.0000,0.0000,6.00,0.00,6.0000,0.0000,0.0000,5.3419,0,0,0,0,0.0,0.0,0,0,0,0,0.0000,0.0000,26.59,0,stuck
1779865558.083,crossing_person,0,fusion_with_risk_avoidance,1,0.0000,0.0000,0.0000,6.00,0.00,6.0000,0.0000,0.0000,5.3851,0,0,0,0,0.0,0.0,0,0,0,0,0.0000,0.0000,26.69,0,stuck
1779865558.183,crossing_person,0,fusion_with_risk_avoidance,1,0.0000,0.0000,0.0000,6.00,0.00,6.0000,0.0000,0.0000,5.3417,0,0,0,0,0.0,0.0,0,0,0,0,0.0000,0.0000,26.79,0,stuck
1779865558.283,crossing_person,0,fusion_with_risk_avoidance,1,0.0000,0.0000,0.0000,6.00,0.00,6.0000,0.0000,0.0000,5.3006,0,0,0,0,0.0,0.0,0,0,0,0,0.0000,0.0000,26.89,0,stuck
1779865558.383,crossing_person,0,fusion_with_risk_avoidance,1,0.0000,0.0000,0.0000,6.00,0.00,6.0000,0.0000,0.0000,5.2620,0,0,0,0,0.0,0.0,0,0,0,0,0.0000,0.0000,26.99,0,stuck
1779865558.483,crossing_person,0,fusion_with_risk_avoidance,1,0.0000,0.0000,0.0000,6.00,0.00,6.0000,0.0000,0.0000,5.2259,0,0,0,0,0.0,0.0,0,0,0,0,0.0000,0.0000,27.09,0,stuck
1779865558.583,crossing_person,0,fusion_with_risk_avoidance,1,0.0000,0.0000,0.0000,6.00,0.00,6.0000,0.0000,0.0000,5.1922,0,0,0,0,0.0,0.0,0,0,0,0,0.0000,0.0000,27.19,0,stuck
1779865558.683,crossing_person,0,fusion_with_risk_avoidance,1,0.0000,0.0000,0.0000,6.00,0.00,6.0000,0.0000,0.0000,5.1612,0,0,0,0,0.0,0.0,0,0,0,0,0.0000,0.0000,27.29,0,stuck
1779865558.783,crossing_person,0,fusion_with_risk_avoidance,1,0.0000,0.0000,0.0000,6.00,0.00,6.0000,0.0000,0.0000,5.1327,0,0,0,0,0.0,0.0,0,0,0,0,0.0000,0.0000,27.39,0,stuck
1779865558.883,crossing_person,0,fusion_with_risk_avoidance,1,0.0000,0.0000,0.0000,6.00,0.00,6.0000,0.0000,0.0000,5.1070,0,0,0,0,0.0,0.0,0,0,0,0,0.0000,0.0000,27.49,0,stuck
1779865558.983,crossing_person,0,fusion_with_risk_avoidance,1,0.0000,0.0000,0.0000,6.00,0.00,6.0000,0.0000,0.0000,5.0839,0,0,0,0,0.0,0.0,0,0,0,0,0.0000,0.0000,27.59,0,stuck
1779865559.083,crossing_person,0,fusion_with_risk_avoidance,1,0.0000,0.0000,0.0000,6.00,0.00,6.0000,0.0000,0.0000,5.0636,0,0,0,0,0.0,0.0,0,0,0,0,0.0000,0.0000,27.69,0,stuck
1779865559.183,crossing_person,0,fusion_with_risk_avoidance,1,0.0000,0.0000,0.0000,6.00,0.00,6.0000,0.0000,0.0000,5.0460,0,0,0,0,0.0,0.0,0,0,0,0,0.0000,0.0000,27.79,0,stuck
1779865559.283,crossing_person,0,fusion_with_risk_avoidance,1,0.0000,0.0000,0.0000,6.00,0.00,6.0000,0.0000,0.0000,5.0312,0,0,0,0,0.0,0.0,0,0,0,0,0.0000,0.0000,27.89,0,stuck
1779865559.383,crossing_person,0,fusion_with_risk_avoidance,1,0.0000,0.0000,0.0000,6.00,0.00,6.0000,0.0000,0.0000,5.0193,0,0,0,0,0.0,0.0,0,0,0,0,0.0000,0.0000,27.99,0,stuck
1779865559.483,crossing_person,0,fusion_with_risk_avoidance,1,0.0000,0.0000,0.0000,6.00,0.00,6.0000,0.0000,0.0000,5.0102,0,0,0,0,0.0,0.0,0,0,0,0,0.0000,0.0000,28.09,0,stuck
1779865559.583,crossing_person,0,fusion_with_risk_avoidance,1,0.0000,0.0000,0.0000,6.00,0.00,6.0000,0.0000,0.0000,5.0040,0,0,0,0,0.0,0.0,0,0,0,0,0.0000,0.0000,28.19,0,stuck
1779865559.683,crossing_person,0,fusion_with_risk_avoidance,1,0.0000,0.0000,0.0000,6.00,0.00,6.0000,0.0000,0.0000,5.0006,0,0,0,0,0.0,0.0,0,0,0,0,0.0000,0.0000,28.29,0,stuck
1779865559.783,crossing_person,0,fusion_with_risk_avoidance,1,0.0000,0.0000,0.0000,6.00,0.00,6.0000,0.0000,0.0000,5.0002,0,0,0,0,0.0,0.0,0,0,0,0,0.0000,0.0000,28.39,0,stuck
1779865559.883,crossing_person,0,fusion_with_risk_avoidance,1,0.0000,0.0000,0.0000,6.00,0.00,6.0000,0.0000,0.0000,5.0026,0,0,0,0,0.0,0.0,0,0,0,0,0.0000,0.0000,28.49,0,stuck
1779865559.983,crossing_person,0,fusion_with_risk_avoidance,1,0.0000,0.0000,0.0000,6.00,0.00,6.0000,0.0000,0.0000,5.0079,0,0,0,0,0.0,0.0,0,0,0,0,0.0000,0.0000,28.59,0,stuck
1779865560.083,crossing_person,0,fusion_with_risk_avoidance,1,0.0000,0.0000,0.0000,6.00,0.00,6.0000,0.0000,0.0000,5.0160,0,0,0,0,0.0,0.0,0,0,0,0,0.0000,0.0000,28.69,0,stuck
1779865560.183,crossing_person,0,fusion_with_risk_avoidance,1,0.0000,0.0000,0.0000,6.00,0.00,6.0000,0.0000,0.0000,5.0270,0,0,0,0,0.0,0.0,0,0,0,0,0.0000,0.0000,28.79,0,stuck
1779865560.283,crossing_person,0,fusion_with_risk_avoidance,1,0.0000,0.0000,0.0000,6.00,0.00,6.0000,0.0000,0.0000,5.0414,0,0,0,0,0.0,0.0,0,0,0,0,0.0000,0.0000,28.89,0,stuck
1779865560.383,crossing_person,0,fusion_with_risk_avoidance,1,0.0000,0.0000,0.0000,6.00,0.00,6.0000,0.0000,0.0000,5.0575,0,0,0,0,0.0,0.0,0,0,0,0,0.0000,0.0000,28.99,0,stuck
1779865560.483,crossing_person,0,fusion_with_risk_avoidance,1,0.0000,0.0000,0.0000,6.00,0.00,6.0000,0.0000,0.0000,5.0769,0,0,0,0,0.0,0.0,0,0,0,0,0.0000,0.0000,29.09,0,stuck
1779865560.583,crossing_person,0,fusion_with_risk_avoidance,1,0.0000,0.0000,0.0000,6.00,0.00,6.0000,0.0000,0.0000,5.0991,0,0,0,0,0.0,0.0,0,0,0,0,0.0000,0.0000,29.19,0,stuck
1779865560.683,crossing_person,0,fusion_with_risk_avoidance,1,0.0000,0.0000,0.0000,6.00,0.00,6.0000,0.0000,0.0000,5.1240,0,0,0,0,0.0,0.0,0,0,0,0,0.0000,0.0000,29.29,0,stuck
1779865560.783,crossing_person,0,fusion_with_risk_avoidance,1,0.0000,0.0000,0.0000,6.00,0.00,6.0000,0.0000,0.0000,5.1515,0,0,0,0,0.0,0.0,0,0,0,0,0.0000,0.0000,29.39,0,stuck
1779865560.883,crossing_person,0,fusion_with_risk_avoidance,1,0.0000,0.0000,0.0000,6.00,0.00,6.0000,0.0000,0.0000,5.1817,0,0,0,0,0.0,0.0,0,0,0,0,0.0000,0.0000,29.49,0,stuck
1779865560.983,crossing_person,0,fusion_with_risk_avoidance,1,0.0000,0.0000,0.0000,6.00,0.00,6.0000,0.0000,0.0000,5.2145,0,0,0,0,0.0,0.0,0,0,0,0,0.0000,0.0000,29.59,0,stuck
1779865561.083,crossing_person,0,fusion_with_risk_avoidance,1,0.0000,0.0000,0.0000,6.00,0.00,6.0000,0.0000,0.0000,5.2498,0,0,0,0,0.0,0.0,0,0,0,0,0.0000,0.0000,29.69,0,stuck
1779865561.183,crossing_person,0,fusion_with_risk_avoidance,1,0.0000,0.0000,0.0000,6.00,0.00,6.0000,0.0000,0.0000,5.2877,0,0,0,0,0.0,0.0,0,0,0,0,0.0000,0.0000,29.79,0,stuck
1779865561.283,crossing_person,0,fusion_with_risk_avoidance,1,0.0000,0.0000,0.0000,6.00,0.00,6.0000,0.0000,0.0000,5.3279,0,0,0,0,0.0,0.0,0,0,0,0,0.0000,0.0000,29.89,0,stuck
1779865561.383,crossing_person,0,fusion_with_risk_avoidance,1,0.0000,0.0000,0.0000,6.00,0.00,6.0000,0.0000,0.0000,5.3706,0,0,0,0,0.0,0.0,0,0,0,0,0.0000,0.0000,29.99,0,stuck
1779865561.483,crossing_person,0,fusion_with_risk_avoidance,1,0.0000,0.0000,0.0000,6.00,0.00,6.0000,0.0000,0.0000,5.3559,0,0,0,0,0.0,0.0,0,0,0,0,0.0000,0.0000,30.09,0,stuck
1779865561.583,crossing_person,0,fusion_with_risk_avoidance,1,0.0000,0.0000,0.0000,6.00,0.00,6.0000,0.0000,0.0000,5.3140,0,0,0,0,0.0,0.0,0,0,0,0,0.0000,0.0000,30.19,0,stuck
1779865561.683,crossing_person,0,fusion_with_risk_avoidance,1,0.0000,0.0000,0.0000,6.00,0.00,6.0000,0.0000,0.0000,5.2746,0,0,0,0,0.0,0.0,0,0,0,0,0.0000,0.0000,30.29,0,stuck
1779865561.783,crossing_person,0,fusion_with_risk_avoidance,1,0.0000,0.0000,0.0000,6.00,0.00,6.0000,0.0000,0.0000,5.2376,0,0,0,0,0.0,0.0,0,0,0,0,0.0000,0.0000,30.39,0,stuck
1779865561.883,crossing_person,0,fusion_with_risk_avoidance,1,0.0000,0.0000,0.0000,6.00,0.00,6.0000,0.0000,0.0000,5.2031,0,0,0,0,0.0,0.0,0,0,0,0,0.0000,0.0000,30.49,0,stuck
1779865561.983,crossing_person,0,fusion_with_risk_avoidance,1,0.0000,0.0000,0.0000,6.00,0.00,6.0000,0.0000,0.0000,5.1712,0,0,0,0,0.0,0.0,0,0,0,0,0.0000,0.0000,30.59,0,stuck
1779865562.083,crossing_person,0,fusion_with_risk_avoidance,1,0.0000,0.0000,0.0000,6.00,0.00,6.0000,0.0000,0.0000,5.1419,0,0,0,0,0.0,0.0,0,0,0,0,0.0000,0.0000,30.69,0,stuck
1779865562.183,crossing_person,0,fusion_with_risk_avoidance,1,0.0000,0.0000,0.0000,6.00,0.00,6.0000,0.0000,0.0000,5.1152,0,0,0,0,0.0,0.0,0,0,0,0,0.0000,0.0000,30.79,0,stuck
1779865562.283,crossing_person,0,fusion_with_risk_avoidance,1,0.0000,0.0000,0.0000,6.00,0.00,6.0000,0.0000,0.0000,5.0913,0,0,0,0,0.0,0.0,0,0,0,0,0.0000,0.0000,30.89,0,stuck
1779865562.383,crossing_person,0,fusion_with_risk_avoidance,1,0.0000,0.0000,0.0000,6.00,0.00,6.0000,0.0000,0.0000,5.0700,0,0,0,0,0.0,0.0,0,0,0,0,0.0000,0.0000,30.99,0,stuck
1779865562.483,crossing_person,0,fusion_with_risk_avoidance,1,0.0000,0.0000,0.0000,6.00,0.00,6.0000,0.0000,0.0000,5.0515,0,0,0,0,0.0,0.0,0,0,0,0,0.0000,0.0000,31.09,0,stuck
1779865562.583,crossing_person,0,fusion_with_risk_avoidance,1,0.0000,0.0000,0.0000,6.00,0.00,6.0000,0.0000,0.0000,5.0358,0,0,0,0,0.0,0.0,0,0,0,0,0.0000,0.0000,31.19,0,stuck
1779865562.683,crossing_person,0,fusion_with_risk_avoidance,1,0.0000,0.0000,0.0000,6.00,0.00,6.0000,0.0000,0.0000,5.0230,0,0,0,0,0.0,0.0,0,0,0,0,0.0000,0.0000,31.29,0,stuck
1779865562.783,crossing_person,0,fusion_with_risk_avoidance,1,0.0000,0.0000,0.0000,6.00,0.00,6.0000,0.0000,0.0000,5.0129,0,0,0,0,0.0,0.0,0,0,0,0,0.0000,0.0000,31.39,0,stuck
1779865562.883,crossing_person,0,fusion_with_risk_avoidance,1,0.0000,0.0000,0.0000,6.00,0.00,6.0000,0.0000,0.0000,5.0057,0,0,0,0,0.0,0.0,0,0,0,0,0.0000,0.0000,31.49,0,stuck
1779865562.983,crossing_person,0,fusion_with_risk_avoidance,1,0.0000,0.0000,0.0000,6.00,0.00,6.0000,0.0000,0.0000,5.0014,0,0,0,0,0.0,0.0,0,0,0,0,0.0000,0.0000,31.59,0,stuck
1779865563.083,crossing_person,0,fusion_with_risk_avoidance,1,0.0000,0.0000,0.0000,6.00,0.00,6.0000,0.0000,0.0000,5.0000,0,0,0,0,0.0,0.0,0,0,0,0,0.0000,0.0000,31.69,0,stuck
1779865563.183,crossing_person,0,fusion_with_risk_avoidance,1,0.0000,0.0000,0.0000,6.00,0.00,6.0000,0.0000,0.0000,5.0014,0,0,0,0,0.0,0.0,0,0,0,0,0.0000,0.0000,31.79,0,stuck
1779865563.283,crossing_person,0,fusion_with_risk_avoidance,1,0.0000,0.0000,0.0000,6.00,0.00,6.0000,0.0000,0.0000,5.0058,0,0,0,0,0.0,0.0,0,0,0,0,0.0000,0.0000,31.89,0,stuck
1779865563.383,crossing_person,0,fusion_with_risk_avoidance,1,0.0000,0.0000,0.0000,6.00,0.00,6.0000,0.0000,0.0000,5.0130,0,0,0,0,0.0,0.0,0,0,0,0,0.0000,0.0000,31.99,0,stuck
1779865563.483,crossing_person,0,fusion_with_risk_avoidance,1,0.0000,0.0000,0.0000,6.00,0.00,6.0000,0.0000,0.0000,5.0230,0,0,0,0,0.0,0.0,0,0,0,0,0.0000,0.0000,32.09,0,stuck
1779865563.583,crossing_person,0,fusion_with_risk_avoidance,1,0.0000,0.0000,0.0000,6.00,0.00,6.0000,0.0000,0.0000,5.0359,0,0,0,0,0.0,0.0,0,0,0,0,0.0000,0.0000,32.19,0,stuck
1779865563.683,crossing_person,0,fusion_with_risk_avoidance,1,0.0000,0.0000,0.0000,6.00,0.00,6.0000,0.0000,0.0000,5.0516,0,0,0,0,0.0,0.0,0,0,0,0,0.0000,0.0000,32.29,0,stuck
1779865563.783,crossing_person,0,fusion_with_risk_avoidance,1,0.0000,0.0000,0.0000,6.00,0.00,6.0000,0.0000,0.0000,5.0701,0,0,0,0,0.0,0.0,0,0,0,0,0.0000,0.0000,32.39,0,stuck
1779865563.883,crossing_person,0,fusion_with_risk_avoidance,1,0.0000,0.0000,0.0000,6.00,0.00,6.0000,0.0000,0.0000,5.0914,0,0,0,0,0.0,0.0,0,0,0,0,0.0000,0.0000,32.49,0,stuck
1779865563.983,crossing_person,0,fusion_with_risk_avoidance,1,0.0000,0.0000,0.0000,6.00,0.00,6.0000,0.0000,0.0000,5.1154,0,0,0,0,0.0,0.0,0,0,0,0,0.0000,0.0000,32.59,0,stuck
1779865564.083,crossing_person,0,fusion_with_risk_avoidance,1,0.0000,0.0000,0.0000,6.00,0.00,6.0000,0.0000,0.0000,5.1420,0,0,0,0,0.0,0.0,0,0,0,0,0.0000,0.0000,32.69,0,stuck
1779865564.183,crossing_person,0,fusion_with_risk_avoidance,1,0.0000,0.0000,0.0000,6.00,0.00,6.0000,0.0000,0.0000,5.1714,0,0,0,0,0.0,0.0,0,0,0,0,0.0000,0.0000,32.79,0,stuck
1779865564.283,crossing_person,0,fusion_with_risk_avoidance,1,0.0000,0.0000,0.0000,6.00,0.00,6.0000,0.0000,0.0000,5.2033,0,0,0,0,0.0,0.0,0,0,0,0,0.0000,0.0000,32.89,0,stuck
1779865564.383,crossing_person,0,fusion_with_risk_avoidance,1,0.0000,0.0000,0.0000,6.00,0.00,6.0000,0.0000,0.0000,5.2378,0,0,0,0,0.0,0.0,0,0,0,0,0.0000,0.0000,32.99,0,stuck
1779865564.483,crossing_person,0,fusion_with_risk_avoidance,1,0.0000,0.0000,0.0000,6.00,0.00,6.0000,0.0000,0.0000,5.2748,0,0,0,0,0.0,0.0,0,0,0,0,0.0000,0.0000,33.09,0,stuck
1779865564.583,crossing_person,0,fusion_with_risk_avoidance,1,0.0000,0.0000,0.0000,6.00,0.00,6.0000,0.0000,0.0000,5.3142,0,0,0,0,0.0,0.0,0,0,0,0,0.0000,0.0000,33.19,0,stuck
1779865564.683,crossing_person,0,fusion_with_risk_avoidance,1,0.0000,0.0000,0.0000,6.00,0.00,6.0000,0.0000,0.0000,5.3561,0,0,0,0,0.0,0.0,0,0,0,0,0.0000,0.0000,33.29,0,stuck
1779865564.783,crossing_person,0,fusion_with_risk_avoidance,1,0.0000,0.0000,0.0000,6.00,0.00,6.0000,0.0000,0.0000,5.3703,0,0,0,0,0.0,0.0,0,0,0,0,0.0000,0.0000,33.39,0,stuck
1779865564.883,crossing_person,0,fusion_with_risk_avoidance,1,0.0000,0.0000,0.0000,6.00,0.00,6.0000,0.0000,0.0000,5.3277,0,0,0,0,0.0,0.0,0,0,0,0,0.0000,0.0000,33.49,0,stuck
1779865564.983,crossing_person,0,fusion_with_risk_avoidance,1,0.0000,0.0000,0.0000,6.00,0.00,6.0000,0.0000,0.0000,5.2875,0,0,0,0,0.0,0.0,0,0,0,0,0.0000,0.0000,33.59,0,stuck
1779865565.083,crossing_person,0,fusion_with_risk_avoidance,1,0.0000,0.0000,0.0000,6.00,0.00,6.0000,0.0000,0.0000,5.2497,0,0,0,0,0.0,0.0,0,0,0,0,0.0000,0.0000,33.69,0,stuck
1779865565.183,crossing_person,0,fusion_with_risk_avoidance,1,0.0000,0.0000,0.0000,6.00,0.00,6.0000,0.0000,0.0000,5.2144,0,0,0,0,0.0,0.0,0,0,0,0,0.0000,0.0000,33.79,0,stuck
1779865565.283,crossing_person,0,fusion_with_risk_avoidance,1,0.0000,0.0000,0.0000,6.00,0.00,6.0000,0.0000,0.0000,5.1816,0,0,0,0,0.0,0.0,0,0,0,0,0.0000,0.0000,33.89,0,stuck
1779865565.383,crossing_person,0,fusion_with_risk_avoidance,1,0.0000,0.0000,0.0000,6.00,0.00,6.0000,0.0000,0.0000,5.1514,0,0,0,0,0.0,0.0,0,0,0,0,0.0000,0.0000,33.99,0,stuck
1779865565.483,crossing_person,0,fusion_with_risk_avoidance,1,0.0000,0.0000,0.0000,6.00,0.00,6.0000,0.0000,0.0000,5.1238,0,0,0,0,0.0,0.0,0,0,0,0,0.0000,0.0000,34.09,0,stuck
1779865565.583,crossing_person,0,fusion_with_risk_avoidance,1,0.0000,0.0000,0.0000,6.00,0.00,6.0000,0.0000,0.0000,5.0990,0,0,0,0,0.0,0.0,0,0,0,0,0.0000,0.0000,34.19,0,stuck
1779865565.683,crossing_person,0,fusion_with_risk_avoidance,1,0.0000,0.0000,0.0000,6.00,0.00,6.0000,0.0000,0.0000,5.0768,0,0,0,0,0.0,0.0,0,0,0,0,0.0000,0.0000,34.29,0,stuck
1779865565.783,crossing_person,0,fusion_with_risk_avoidance,1,0.0000,0.0000,0.0000,6.00,0.00,6.0000,0.0000,0.0000,5.0574,0,0,0,0,0.0,0.0,0,0,0,0,0.0000,0.0000,34.39,0,stuck
1779865565.883,crossing_person,0,fusion_with_risk_avoidance,1,0.0000,0.0000,0.0000,6.00,0.00,6.0000,0.0000,0.0000,5.0408,0,0,0,0,0.0,0.0,0,0,0,0,0.0000,0.0000,34.49,0,stuck
1779865565.983,crossing_person,0,fusion_with_risk_avoidance,1,0.0000,0.0000,0.0000,6.00,0.00,6.0000,0.0000,0.0000,5.0269,0,0,0,0,0.0,0.0,0,0,0,0,0.0000,0.0000,34.59,0,stuck
1779865566.083,crossing_person,0,fusion_with_risk_avoidance,1,0.0000,0.0000,0.0000,6.00,0.00,6.0000,0.0000,0.0000,5.0160,0,0,0,0,0.0,0.0,0,0,0,0,0.0000,0.0000,34.69,0,stuck
1779865566.183,crossing_person,0,fusion_with_risk_avoidance,1,0.0000,0.0000,0.0000,6.00,0.00,6.0000,0.0000,0.0000,5.0078,0,0,0,0,0.0,0.0,0,0,0,0,0.0000,0.0000,34.79,0,stuck
1779865566.283,crossing_person,0,fusion_with_risk_avoidance,1,0.0000,0.0000,0.0000,6.00,0.00,6.0000,0.0000,0.0000,5.0026,0,0,0,0,0.0,0.0,0,0,0,0,0.0000,0.0000,34.89,0,stuck
1779865566.383,crossing_person,0,fusion_with_risk_avoidance,1,0.0000,0.0000,0.0000,6.00,0.00,6.0000,0.0000,0.0000,5.0002,0,0,0,0,0.0,0.0,0,0,0,0,0.0000,0.0000,34.99,0,stuck
1779865566.483,crossing_person,0,fusion_with_risk_avoidance,1,0.0000,0.0000,0.0000,6.00,0.00,6.0000,0.0000,0.0000,5.0006,0,0,0,0,0.0,0.0,0,0,0,0,0.0000,0.0000,35.09,0,stuck
1779865566.583,crossing_person,0,fusion_with_risk_avoidance,1,0.0000,0.0000,0.0000,6.00,0.00,6.0000,0.0000,0.0000,5.0040,0,0,0,0,0.0,0.0,0,0,0,0,0.0000,0.0000,35.19,0,stuck
1779865566.683,crossing_person,0,fusion_with_risk_avoidance,1,0.0000,0.0000,0.0000,6.00,0.00,6.0000,0.0000,0.0000,5.0103,0,0,0,0,0.0,0.0,0,0,0,0,0.0000,0.0000,35.29,0,stuck
1779865566.783,crossing_person,0,fusion_with_risk_avoidance,1,0.0000,0.0000,0.0000,6.00,0.00,6.0000,0.0000,0.0000,5.0193,0,0,0,0,0.0,0.0,0,0,0,0,0.0000,0.0000,35.39,0,stuck
1779865566.883,crossing_person,0,fusion_with_risk_avoidance,1,0.0000,0.0000,0.0000,6.00,0.00,6.0000,0.0000,0.0000,5.0313,0,0,0,0,0.0,0.0,0,0,0,0,0.0000,0.0000,35.49,0,stuck
1779865566.983,crossing_person,0,fusion_with_risk_avoidance,1,0.0000,0.0000,0.0000,6.00,0.00,6.0000,0.0000,0.0000,5.0461,0,0,0,0,0.0,0.0,0,0,0,0,0.0000,0.0000,35.59,0,stuck
1779865567.083,crossing_person,0,fusion_with_risk_avoidance,1,0.0000,0.0000,0.0000,6.00,0.00,6.0000,0.0000,0.0000,5.0636,0,0,0,0,0.0,0.0,0,0,0,0,0.0000,0.0000,35.69,0,stuck
1779865567.183,crossing_person,0,fusion_with_risk_avoidance,1,0.0000,0.0000,0.0000,6.00,0.00,6.0000,0.0000,0.0000,5.0840,0,0,0,0,0.0,0.0,0,0,0,0,0.0000,0.0000,35.79,0,stuck
1779865567.283,crossing_person,0,fusion_with_risk_avoidance,1,0.0000,0.0000,0.0000,6.00,0.00,6.0000,0.0000,0.0000,5.1071,0,0,0,0,0.0,0.0,0,0,0,0,0.0000,0.0000,35.89,0,stuck
1779865567.383,crossing_person,0,fusion_with_risk_avoidance,1,0.0000,0.0000,0.0000,6.00,0.00,6.0000,0.0000,0.0000,5.1329,0,0,0,0,0.0,0.0,0,0,0,0,0.0000,0.0000,35.99,0,stuck
1779865567.483,crossing_person,0,fusion_with_risk_avoidance,1,0.0000,0.0000,0.0000,6.00,0.00,6.0000,0.0000,0.0000,5.1613,0,0,0,0,0.0,0.0,0,0,0,0,0.0000,0.0000,36.09,0,stuck
1779865567.583,crossing_person,0,fusion_with_risk_avoidance,1,0.0000,0.0000,0.0000,6.00,0.00,6.0000,0.0000,0.0000,5.1924,0,0,0,0,0.0,0.0,0,0,0,0,0.0000,0.0000,36.19,0,stuck
1779865567.683,crossing_person,0,fusion_with_risk_avoidance,1,0.0000,0.0000,0.0000,6.00,0.00,6.0000,0.0000,0.0000,5.2260,0,0,0,0,0.0,0.0,0,0,0,0,0.0000,0.0000,36.29,0,stuck
1779865567.783,crossing_person,0,fusion_with_risk_avoidance,1,0.0000,0.0000,0.0000,6.00,0.00,6.0000,0.0000,0.0000,5.2622,0,0,0,0,0.0,0.0,0,0,0,0,0.0000,0.0000,36.39,0,stuck
1779865567.883,crossing_person,0,fusion_with_risk_avoidance,1,0.0000,0.0000,0.0000,6.00,0.00,6.0000,0.0000,0.0000,5.3008,0,0,0,0,0.0,0.0,0,0,0,0,0.0000,0.0000,36.49,0,stuck
1779865567.983,crossing_person,0,fusion_with_risk_avoidance,1,0.0000,0.0000,0.0000,6.00,0.00,6.0000,0.0000,0.0000,5.3418,0,0,0,0,0.0,0.0,0,0,0,0,0.0000,0.0000,36.59,0,stuck
1779865568.083,crossing_person,0,fusion_with_risk_avoidance,1,0.0000,0.0000,0.0000,6.00,0.00,6.0000,0.0000,0.0000,5.3851,0,0,0,0,0.0,0.0,0,0,0,0,0.0000,0.0000,36.69,0,stuck
1779865568.183,crossing_person,0,fusion_with_risk_avoidance,1,0.0000,0.0000,0.0000,6.00,0.00,6.0000,0.0000,0.0000,5.3417,0,0,0,0,0.0,0.0,0,0,0,0,0.0000,0.0000,36.79,0,stuck
1779865568.283,crossing_person,0,fusion_with_risk_avoidance,1,0.0000,0.0000,0.0000,6.00,0.00,6.0000,0.0000,0.0000,5.3006,0,0,0,0,0.0,0.0,0,0,0,0,0.0000,0.0000,36.89,0,stuck
1779865568.383,crossing_person,0,fusion_with_risk_avoidance,1,0.0000,0.0000,0.0000,6.00,0.00,6.0000,0.0000,0.0000,5.2620,0,0,0,0,0.0,0.0,0,0,0,0,0.0000,0.0000,36.99,0,stuck
1779865568.483,crossing_person,0,fusion_with_risk_avoidance,1,0.0000,0.0000,0.0000,6.00,0.00,6.0000,0.0000,0.0000,5.2259,0,0,0,0,0.0,0.0,0,0,0,0,0.0000,0.0000,37.09,0,stuck
1779865568.583,crossing_person,0,fusion_with_risk_avoidance,1,0.0000,0.0000,0.0000,6.00,0.00,6.0000,0.0000,0.0000,5.1922,0,0,0,0,0.0,0.0,0,0,0,0,0.0000,0.0000,37.19,0,stuck
1779865568.683,crossing_person,0,fusion_with_risk_avoidance,1,0.0000,0.0000,0.0000,6.00,0.00,6.0000,0.0000,0.0000,5.1611,0,0,0,0,0.0,0.0,0,0,0,0,0.0000,0.0000,37.29,0,stuck
1779865568.783,crossing_person,0,fusion_with_risk_avoidance,1,0.0000,0.0000,0.0000,6.00,0.00,6.0000,0.0000,0.0000,5.1327,0,0,0,0,0.0,0.0,0,0,0,0,0.0000,0.0000,37.39,0,stuck
1779865568.883,crossing_person,0,fusion_with_risk_avoidance,1,0.0000,0.0000,0.0000,6.00,0.00,6.0000,0.0000,0.0000,5.1070,0,0,0,0,0.0,0.0,0,0,0,0,0.0000,0.0000,37.49,0,stuck
1779865568.983,crossing_person,0,fusion_with_risk_avoidance,1,0.0000,0.0000,0.0000,6.00,0.00,6.0000,0.0000,0.0000,5.0839,0,0,0,0,0.0,0.0,0,0,0,0,0.0000,0.0000,37.59,0,stuck
1779865569.083,crossing_person,0,fusion_with_risk_avoidance,1,0.0000,0.0000,0.0000,6.00,0.00,6.0000,0.0000,0.0000,5.0636,0,0,0,0,0.0,0.0,0,0,0,0,0.0000,0.0000,37.69,0,stuck
1779865569.183,crossing_person,0,fusion_with_risk_avoidance,1,0.0000,0.0000,0.0000,6.00,0.00,6.0000,0.0000,0.0000,5.0460,0,0,0,0,0.0,0.0,0,0,0,0,0.0000,0.0000,37.79,0,stuck
1779865569.283,crossing_person,0,fusion_with_risk_avoidance,1,0.0000,0.0000,0.0000,6.00,0.00,6.0000,0.0000,0.0000,5.0312,0,0,0,0,0.0,0.0,0,0,0,0,0.0000,0.0000,37.89,0,stuck
1779865569.383,crossing_person,0,fusion_with_risk_avoidance,1,0.0000,0.0000,0.0000,6.00,0.00,6.0000,0.0000,0.0000,5.0193,0,0,0,0,0.0,0.0,0,0,0,0,0.0000,0.0000,37.99,0,stuck
1779865569.483,crossing_person,0,fusion_with_risk_avoidance,1,0.0000,0.0000,0.0000,6.00,0.00,6.0000,0.0000,0.0000,5.0102,0,0,0,0,0.0,0.0,0,0,0,0,0.0000,0.0000,38.09,0,stuck
1779865569.583,crossing_person,0,fusion_with_risk_avoidance,1,0.0000,0.0000,0.0000,6.00,0.00,6.0000,0.0000,0.0000,5.0040,0,0,0,0,0.0,0.0,0,0,0,0,0.0000,0.0000,38.19,0,stuck
1779865569.683,crossing_person,0,fusion_with_risk_avoidance,1,0.0000,0.0000,0.0000,6.00,0.00,6.0000,0.0000,0.0000,5.0006,0,0,0,0,0.0,0.0,0,0,0,0,0.0000,0.0000,38.29,0,stuck
1779865569.783,crossing_person,0,fusion_with_risk_avoidance,1,0.0000,0.0000,0.0000,6.00,0.00,6.0000,0.0000,0.0000,5.0002,0,0,0,0,0.0,0.0,0,0,0,0,0.0000,0.0000,38.39,0,stuck
1779865569.883,crossing_person,0,fusion_with_risk_avoidance,1,0.0000,0.0000,0.0000,6.00,0.00,6.0000,0.0000,0.0000,5.0026,0,0,0,0,0.0,0.0,0,0,0,0,0.0000,0.0000,38.49,0,stuck
1779865569.983,crossing_person,0,fusion_with_risk_avoidance,1,0.0000,0.0000,0.0000,6.00,0.00,6.0000,0.0000,0.0000,5.0078,0,0,0,0,0.0,0.0,0,0,0,0,0.0000,0.0000,38.59,0,stuck
1779865570.083,crossing_person,0,fusion_with_risk_avoidance,1,0.0000,0.0000,0.0000,6.00,0.00,6.0000,0.0000,0.0000,5.0160,0,0,0,0,0.0,0.0,0,0,0,0,0.0000,0.0000,38.69,0,stuck
1779865570.183,crossing_person,0,fusion_with_risk_avoidance,1,0.0000,0.0000,0.0000,6.00,0.00,6.0000,0.0000,0.0000,5.0270,0,0,0,0,0.0,0.0,0,0,0,0,0.0000,0.0000,38.79,0,stuck
1779865570.283,crossing_person,0,fusion_with_risk_avoidance,1,0.0000,0.0000,0.0000,6.00,0.00,6.0000,0.0000,0.0000,5.0408,0,0,0,0,0.0,0.0,0,0,0,0,0.0000,0.0000,38.89,0,stuck
1779865570.383,crossing_person,0,fusion_with_risk_avoidance,1,0.0000,0.0000,0.0000,6.00,0.00,6.0000,0.0000,0.0000,5.0575,0,0,0,0,0.0,0.0,0,0,0,0,0.0000,0.0000,38.99,0,stuck
1779865570.483,crossing_person,0,fusion_with_risk_avoidance,1,0.0000,0.0000,0.0000,6.00,0.00,6.0000,0.0000,0.0000,5.0769,0,0,0,0,0.0,0.0,0,0,0,0,0.0000,0.0000,39.09,0,stuck
1779865570.583,crossing_person,0,fusion_with_risk_avoidance,1,0.0000,0.0000,0.0000,6.00,0.00,6.0000,0.0000,0.0000,5.0991,0,0,0,0,0.0,0.0,0,0,0,0,0.0000,0.0000,39.19,0,stuck
1779865570.683,crossing_person,0,fusion_with_risk_avoidance,1,0.0000,0.0000,0.0000,6.00,0.00,6.0000,0.0000,0.0000,5.1240,0,0,0,0,0.0,0.0,0,0,0,0,0.0000,0.0000,39.29,0,stuck
1779865570.783,crossing_person,0,fusion_with_risk_avoidance,1,0.0000,0.0000,0.0000,6.00,0.00,6.0000,0.0000,0.0000,5.1515,0,0,0,0,0.0,0.0,0,0,0,0,0.0000,0.0000,39.39,0,stuck
1779865570.883,crossing_person,0,fusion_with_risk_avoidance,1,0.0000,0.0000,0.0000,6.00,0.00,6.0000,0.0000,0.0000,5.1817,0,0,0,0,0.0,0.0,0,0,0,0,0.0000,0.0000,39.49,0,stuck
1779865570.983,crossing_person,0,fusion_with_risk_avoidance,1,0.0000,0.0000,0.0000,6.00,0.00,6.0000,0.0000,0.0000,5.2145,0,0,0,0,0.0,0.0,0,0,0,0,0.0000,0.0000,39.59,0,stuck
1779865571.083,crossing_person,0,fusion_with_risk_avoidance,1,0.0000,0.0000,0.0000,6.00,0.00,6.0000,0.0000,0.0000,5.2500,0,0,0,0,0.0,0.0,0,0,0,0,0.0000,0.0000,39.69,0,stuck
1779865571.183,crossing_person,0,fusion_with_risk_avoidance,1,0.0000,0.0000,0.0000,6.00,0.00,6.0000,0.0000,0.0000,5.2877,0,0,0,0,0.0,0.0,0,0,0,0,0.0000,0.0000,39.79,0,stuck
1779865571.283,crossing_person,0,fusion_with_risk_avoidance,1,0.0000,0.0000,0.0000,6.00,0.00,6.0000,0.0000,0.0000,5.3279,0,0,0,0,0.0,0.0,0,0,0,0,0.0000,0.0000,39.89,0,stuck
1779865571.383,crossing_person,0,fusion_with_risk_avoidance,1,0.0000,0.0000,0.0000,6.00,0.00,6.0000,0.0000,0.0000,5.3705,0,0,0,0,0.0,0.0,0,0,0,0,0.0000,0.0000,39.99,0,stuck
1779865571.483,crossing_person,0,fusion_with_risk_avoidance,1,0.0000,0.0000,0.0000,6.00,0.00,6.0000,0.0000,0.0000,5.3559,0,0,0,0,0.0,0.0,0,0,0,0,0.0000,0.0000,40.09,0,stuck
1779865571.583,crossing_person,0,fusion_with_risk_avoidance,1,0.0000,0.0000,0.0000,6.00,0.00,6.0000,0.0000,0.0000,5.3141,0,0,0,0,0.0,0.0,0,0,0,0,0.0000,0.0000,40.19,0,stuck
1779865571.683,crossing_person,0,fusion_with_risk_avoidance,1,0.0000,0.0000,0.0000,6.00,0.00,6.0000,0.0000,0.0000,5.2746,0,0,0,0,0.0,0.0,0,0,0,0,0.0000,0.0000,40.29,0,stuck
1779865571.783,crossing_person,0,fusion_with_risk_avoidance,1,0.0000,0.0000,0.0000,6.00,0.00,6.0000,0.0000,0.0000,5.2376,0,0,0,0,0.0,0.0,0,0,0,0,0.0000,0.0000,40.39,0,stuck
1779865571.883,crossing_person,0,fusion_with_risk_avoidance,1,0.0000,0.0000,0.0000,6.00,0.00,6.0000,0.0000,0.0000,5.2031,0,0,0,0,0.0,0.0,0,0,0,0,0.0000,0.0000,40.49,0,stuck
1779865571.983,crossing_person,0,fusion_with_risk_avoidance,1,0.0000,0.0000,0.0000,6.00,0.00,6.0000,0.0000,0.0000,5.1712,0,0,0,0,0.0,0.0,0,0,0,0,0.0000,0.0000,40.59,0,stuck
1779865572.083,crossing_person,0,fusion_with_risk_avoidance,1,0.0000,0.0000,0.0000,6.00,0.00,6.0000,0.0000,0.0000,5.1419,0,0,0,0,0.0,0.0,0,0,0,0,0.0000,0.0000,40.69,0,stuck
1779865572.183,crossing_person,0,fusion_with_risk_avoidance,1,0.0000,0.0000,0.0000,6.00,0.00,6.0000,0.0000,0.0000,5.1153,0,0,0,0,0.0,0.0,0,0,0,0,0.0000,0.0000,40.79,0,stuck
1779865572.283,crossing_person,0,fusion_with_risk_avoidance,1,0.0000,0.0000,0.0000,6.00,0.00,6.0000,0.0000,0.0000,5.0913,0,0,0,0,0.0,0.0,0,0,0,0,0.0000,0.0000,40.89,0,stuck
1779865572.383,crossing_person,0,fusion_with_risk_avoidance,1,0.0000,0.0000,0.0000,6.00,0.00,6.0000,0.0000,0.0000,5.0700,0,0,0,0,0.0,0.0,0,0,0,0,0.0000,0.0000,40.99,0,stuck
1779865572.483,crossing_person,0,fusion_with_risk_avoidance,1,0.0000,0.0000,0.0000,6.00,0.00,6.0000,0.0000,0.0000,5.0515,0,0,0,0,0.0,0.0,0,0,0,0,0.0000,0.0000,41.09,0,stuck
1779865572.584,crossing_person,0,fusion_with_risk_avoidance,1,0.0000,0.0000,0.0000,6.00,0.00,6.0000,0.0000,0.0000,5.0358,0,0,0,0,0.0,0.0,0,0,0,0,0.0000,0.0000,41.19,0,stuck
1779865572.683,crossing_person,0,fusion_with_risk_avoidance,1,0.0000,0.0000,0.0000,6.00,0.00,6.0000,0.0000,0.0000,5.0230,0,0,0,0,0.0,0.0,0,0,0,0,0.0000,0.0000,41.29,0,stuck
1779865572.783,crossing_person,0,fusion_with_risk_avoidance,1,0.0000,0.0000,0.0000,6.00,0.00,6.0000,0.0000,0.0000,5.0129,0,0,0,0,0.0,0.0,0,0,0,0,0.0000,0.0000,41.39,0,stuck
1779865572.883,crossing_person,0,fusion_with_risk_avoidance,1,0.0000,0.0000,0.0000,6.00,0.00,6.0000,0.0000,0.0000,5.0057,0,0,0,0,0.0,0.0,0,0,0,0,0.0000,0.0000,41.49,0,stuck
1779865572.983,crossing_person,0,fusion_with_risk_avoidance,1,0.0000,0.0000,0.0000,6.00,0.00,6.0000,0.0000,0.0000,5.0014,0,0,0,0,0.0,0.0,0,0,0,0,0.0000,0.0000,41.59,0,stuck
1779865573.083,crossing_person,0,fusion_with_risk_avoidance,1,0.0000,0.0000,0.0000,6.00,0.00,6.0000,0.0000,0.0000,5.0000,0,0,0,0,0.0,0.0,0,0,0,0,0.0000,0.0000,41.69,0,stuck
1779865573.183,crossing_person,0,fusion_with_risk_avoidance,1,0.0000,0.0000,0.0000,6.00,0.00,6.0000,0.0000,0.0000,5.0015,0,0,0,0,0.0,0.0,0,0,0,0,0.0000,0.0000,41.79,0,stuck
1779865573.283,crossing_person,0,fusion_with_risk_avoidance,1,0.0000,0.0000,0.0000,6.00,0.00,6.0000,0.0000,0.0000,5.0058,0,0,0,0,0.0,0.0,0,0,0,0,0.0000,0.0000,41.89,0,stuck
1779865573.383,crossing_person,0,fusion_with_risk_avoidance,1,0.0000,0.0000,0.0000,6.00,0.00,6.0000,0.0000,0.0000,5.0130,0,0,0,0,0.0,0.0,0,0,0,0,0.0000,0.0000,41.99,0,stuck
1779865573.483,crossing_person,0,fusion_with_risk_avoidance,1,0.0000,0.0000,0.0000,6.00,0.00,6.0000,0.0000,0.0000,5.0230,0,0,0,0,0.0,0.0,0,0,0,0,0.0000,0.0000,42.09,0,stuck
1779865573.584,crossing_person,0,fusion_with_risk_avoidance,1,0.0000,0.0000,0.0000,6.00,0.00,6.0000,0.0000,0.0000,5.0359,0,0,0,0,0.0,0.0,0,0,0,0,0.0000,0.0000,42.19,0,stuck
1779865573.683,crossing_person,0,fusion_with_risk_avoidance,1,0.0000,0.0000,0.0000,6.00,0.00,6.0000,0.0000,0.0000,5.0516,0,0,0,0,0.0,0.0,0,0,0,0,0.0000,0.0000,42.29,0,stuck
1779865573.783,crossing_person,0,fusion_with_risk_avoidance,1,0.0000,0.0000,0.0000,6.00,0.00,6.0000,0.0000,0.0000,5.0701,0,0,0,0,0.0,0.0,0,0,0,0,0.0000,0.0000,42.39,0,stuck
1779865573.884,crossing_person,0,fusion_with_risk_avoidance,1,0.0000,0.0000,0.0000,6.00,0.00,6.0000,0.0000,0.0000,5.0914,0,0,0,0,0.0,0.0,0,0,0,0,0.0000,0.0000,42.50,0,stuck
1779865573.983,crossing_person,0,fusion_with_risk_avoidance,1,0.0000,0.0000,0.0000,6.00,0.00,6.0000,0.0000,0.0000,5.1154,0,0,0,0,0.0,0.0,0,0,0,0,0.0000,0.0000,42.59,0,stuck
1779865574.083,crossing_person,0,fusion_with_risk_avoidance,1,0.0000,0.0000,0.0000,6.00,0.00,6.0000,0.0000,0.0000,5.1421,0,0,0,0,0.0,0.0,0,0,0,0,0.0000,0.0000,42.69,0,stuck
1779865574.183,crossing_person,0,fusion_with_risk_avoidance,1,0.0000,0.0000,0.0000,6.00,0.00,6.0000,0.0000,0.0000,5.1714,0,0,0,0,0.0,0.0,0,0,0,0,0.0000,0.0000,42.79,0,stuck
1779865574.283,crossing_person,0,fusion_with_risk_avoidance,1,0.0000,0.0000,0.0000,6.00,0.00,6.0000,0.0000,0.0000,5.2033,0,0,0,0,0.0,0.0,0,0,0,0,0.0000,0.0000,42.89,0,stuck
1779865574.383,crossing_person,0,fusion_with_risk_avoidance,1,0.0000,0.0000,0.0000,6.00,0.00,6.0000,0.0000,0.0000,5.2378,0,0,0,0,0.0,0.0,0,0,0,0,0.0000,0.0000,42.99,0,stuck
1779865574.483,crossing_person,0,fusion_with_risk_avoidance,1,0.0000,0.0000,0.0000,6.00,0.00,6.0000,0.0000,0.0000,5.2748,0,0,0,0,0.0,0.0,0,0,0,0,0.0000,0.0000,43.09,0,stuck
1779865574.583,crossing_person,0,fusion_with_risk_avoidance,1,0.0000,0.0000,0.0000,6.00,0.00,6.0000,0.0000,0.0000,5.3142,0,0,0,0,0.0,0.0,0,0,0,0,0.0000,0.0000,43.19,0,stuck
1779865574.683,crossing_person,0,fusion_with_risk_avoidance,1,0.0000,0.0000,0.0000,6.00,0.00,6.0000,0.0000,0.0000,5.3561,0,0,0,0,0.0,0.0,0,0,0,0,0.0000,0.0000,43.29,0,stuck
1779865574.783,crossing_person,0,fusion_with_risk_avoidance,1,0.0000,0.0000,0.0000,6.00,0.00,6.0000,0.0000,0.0000,5.3703,0,0,0,0,0.0,0.0,0,0,0,0,0.0000,0.0000,43.39,0,stuck
1779865574.884,crossing_person,0,fusion_with_risk_avoidance,1,0.0000,0.0000,0.0000,6.00,0.00,6.0000,0.0000,0.0000,5.3277,0,0,0,0,0.0,0.0,0,0,0,0,0.0000,0.0000,43.49,0,stuck
1779865574.983,crossing_person,0,fusion_with_risk_avoidance,1,0.0000,0.0000,0.0000,6.00,0.00,6.0000,0.0000,0.0000,5.2875,0,0,0,0,0.0,0.0,0,0,0,0,0.0000,0.0000,43.59,0,stuck
1779865575.083,crossing_person,0,fusion_with_risk_avoidance,1,0.0000,0.0000,0.0000,6.00,0.00,6.0000,0.0000,0.0000,5.2497,0,0,0,0,0.0,0.0,0,0,0,0,0.0000,0.0000,43.69,0,stuck
1779865575.183,crossing_person,0,fusion_with_risk_avoidance,1,0.0000,0.0000,0.0000,6.00,0.00,6.0000,0.0000,0.0000,5.2144,0,0,0,0,0.0,0.0,0,0,0,0,0.0000,0.0000,43.79,0,stuck
1779865575.283,crossing_person,0,fusion_with_risk_avoidance,1,0.0000,0.0000,0.0000,6.00,0.00,6.0000,0.0000,0.0000,5.1816,0,0,0,0,0.0,0.0,0,0,0,0,0.0000,0.0000,43.89,0,stuck
1779865575.383,crossing_person,0,fusion_with_risk_avoidance,1,0.0000,0.0000,0.0000,6.00,0.00,6.0000,0.0000,0.0000,5.1514,0,0,0,0,0.0,0.0,0,0,0,0,0.0000,0.0000,43.99,0,stuck
1779865575.483,crossing_person,0,fusion_with_risk_avoidance,1,0.0000,0.0000,0.0000,6.00,0.00,6.0000,0.0000,0.0000,5.1238,0,0,0,0,0.0,0.0,0,0,0,0,0.0000,0.0000,44.09,0,stuck
1779865575.583,crossing_person,0,fusion_with_risk_avoidance,1,0.0000,0.0000,0.0000,6.00,0.00,6.0000,0.0000,0.0000,5.0990,0,0,0,0,0.0,0.0,0,0,0,0,0.0000,0.0000,44.19,0,stuck
1779865575.683,crossing_person,0,fusion_with_risk_avoidance,1,0.0000,0.0000,0.0000,6.00,0.00,6.0000,0.0000,0.0000,5.0768,0,0,0,0,0.0,0.0,0,0,0,0,0.0000,0.0000,44.29,0,stuck
1779865575.783,crossing_person,0,fusion_with_risk_avoidance,1,0.0000,0.0000,0.0000,6.00,0.00,6.0000,0.0000,0.0000,5.0574,0,0,0,0,0.0,0.0,0,0,0,0,0.0000,0.0000,44.39,0,stuck
1779865575.883,crossing_person,0,fusion_with_risk_avoidance,1,0.0000,0.0000,0.0000,6.00,0.00,6.0000,0.0000,0.0000,5.0408,0,0,0,0,0.0,0.0,0,0,0,0,0.0000,0.0000,44.49,0,stuck
1779865575.983,crossing_person,0,fusion_with_risk_avoidance,1,0.0000,0.0000,0.0000,6.00,0.00,6.0000,0.0000,0.0000,5.0269,0,0,0,0,0.0,0.0,0,0,0,0,0.0000,0.0000,44.59,0,stuck
1779865576.083,crossing_person,0,fusion_with_risk_avoidance,1,0.0000,0.0000,0.0000,6.00,0.00,6.0000,0.0000,0.0000,5.0160,0,0,0,0,0.0,0.0,0,0,0,0,0.0000,0.0000,44.69,0,stuck
1779865576.183,crossing_person,0,fusion_with_risk_avoidance,1,0.0000,0.0000,0.0000,6.00,0.00,6.0000,0.0000,0.0000,5.0078,0,0,0,0,0.0,0.0,0,0,0,0,0.0000,0.0000,44.79,0,stuck
1779865576.283,crossing_person,0,fusion_with_risk_avoidance,1,0.0000,0.0000,0.0000,6.00,0.00,6.0000,0.0000,0.0000,5.0026,0,0,0,0,0.0,0.0,0,0,0,0,0.0000,0.0000,44.89,0,stuck
1779865576.383,crossing_person,0,fusion_with_risk_avoidance,1,0.0000,0.0000,0.0000,6.00,0.00,6.0000,0.0000,0.0000,5.0002,0,0,0,0,0.0,0.0,0,0,0,0,0.0000,0.0000,44.99,0,stuck
1779865576.483,crossing_person,0,fusion_with_risk_avoidance,1,0.0000,0.0000,0.0000,6.00,0.00,6.0000,0.0000,0.0000,5.0006,0,0,0,0,0.0,0.0,0,0,0,0,0.0000,0.0000,45.09,0,stuck
1779865576.583,crossing_person,0,fusion_with_risk_avoidance,1,0.0000,0.0000,0.0000,6.00,0.00,6.0000,0.0000,0.0000,5.0040,0,0,0,0,0.0,0.0,0,0,0,0,0.0000,0.0000,45.19,0,stuck
1779865576.683,crossing_person,0,fusion_with_risk_avoidance,1,0.0000,0.0000,0.0000,6.00,0.00,6.0000,0.0000,0.0000,5.0102,0,0,0,0,0.0,0.0,0,0,0,0,0.0000,0.0000,45.29,0,stuck
1779865576.783,crossing_person,0,fusion_with_risk_avoidance,1,0.0000,0.0000,0.0000,6.00,0.00,6.0000,0.0000,0.0000,5.0193,0,0,0,0,0.0,0.0,0,0,0,0,0.0000,0.0000,45.39,0,stuck
1779865576.883,crossing_person,0,fusion_with_risk_avoidance,1,0.0000,0.0000,0.0000,6.00,0.00,6.0000,0.0000,0.0000,5.0313,0,0,0,0,0.0,0.0,0,0,0,0,0.0000,0.0000,45.49,0,stuck
1779865576.983,crossing_person,0,fusion_with_risk_avoidance,1,0.0000,0.0000,0.0000,6.00,0.00,6.0000,0.0000,0.0000,5.0461,0,0,0,0,0.0,0.0,0,0,0,0,0.0000,0.0000,45.59,0,stuck
1779865577.083,crossing_person,0,fusion_with_risk_avoidance,1,0.0000,0.0000,0.0000,6.00,0.00,6.0000,0.0000,0.0000,5.0636,0,0,0,0,0.0,0.0,0,0,0,0,0.0000,0.0000,45.69,0,stuck
1779865577.183,crossing_person,0,fusion_with_risk_avoidance,1,0.0000,0.0000,0.0000,6.00,0.00,6.0000,0.0000,0.0000,5.0840,0,0,0,0,0.0,0.0,0,0,0,0,0.0000,0.0000,45.79,0,stuck
1779865577.283,crossing_person,0,fusion_with_risk_avoidance,1,0.0000,0.0000,0.0000,6.00,0.00,6.0000,0.0000,0.0000,5.1071,0,0,0,0,0.0,0.0,0,0,0,0,0.0000,0.0000,45.89,0,stuck
1779865577.383,crossing_person,0,fusion_with_risk_avoidance,1,0.0000,0.0000,0.0000,6.00,0.00,6.0000,0.0000,0.0000,5.1329,0,0,0,0,0.0,0.0,0,0,0,0,0.0000,0.0000,45.99,0,stuck
1779865577.483,crossing_person,0,fusion_with_risk_avoidance,1,0.0000,0.0000,0.0000,6.00,0.00,6.0000,0.0000,0.0000,5.1613,0,0,0,0,0.0,0.0,0,0,0,0,0.0000,0.0000,46.09,0,stuck
1779865577.583,crossing_person,0,fusion_with_risk_avoidance,1,0.0000,0.0000,0.0000,6.00,0.00,6.0000,0.0000,0.0000,5.1924,0,0,0,0,0.0,0.0,0,0,0,0,0.0000,0.0000,46.19,0,stuck
1779865577.683,crossing_person,0,fusion_with_risk_avoidance,1,0.0000,0.0000,0.0000,6.00,0.00,6.0000,0.0000,0.0000,5.2260,0,0,0,0,0.0,0.0,0,0,0,0,0.0000,0.0000,46.29,0,stuck
1779865577.783,crossing_person,0,fusion_with_risk_avoidance,1,0.0000,0.0000,0.0000,6.00,0.00,6.0000,0.0000,0.0000,5.2622,0,0,0,0,0.0,0.0,0,0,0,0,0.0000,0.0000,46.39,0,stuck
1779865577.883,crossing_person,0,fusion_with_risk_avoidance,1,0.0000,0.0000,0.0000,6.00,0.00,6.0000,0.0000,0.0000,5.3008,0,0,0,0,0.0,0.0,0,0,0,0,0.0000,0.0000,46.49,0,stuck
1779865577.983,crossing_person,0,fusion_with_risk_avoidance,1,0.0000,0.0000,0.0000,6.00,0.00,6.0000,0.0000,0.0000,5.3419,0,0,0,0,0.0,0.0,0,0,0,0,0.0000,0.0000,46.59,0,stuck
1779865578.083,crossing_person,0,fusion_with_risk_avoidance,1,0.0000,0.0000,0.0000,6.00,0.00,6.0000,0.0000,0.0000,5.3850,0,0,0,0,0.0,0.0,0,0,0,0,0.0000,0.0000,46.69,0,stuck
1779865578.183,crossing_person,0,fusion_with_risk_avoidance,1,0.0000,0.0000,0.0000,6.00,0.00,6.0000,0.0000,0.0000,5.3417,0,0,0,0,0.0,0.0,0,0,0,0,0.0000,0.0000,46.79,0,stuck
1779865578.283,crossing_person,0,fusion_with_risk_avoidance,1,0.0000,0.0000,0.0000,6.00,0.00,6.0000,0.0000,0.0000,5.3006,0,0,0,0,0.0,0.0,0,0,0,0,0.0000,0.0000,46.89,0,stuck
1779865578.383,crossing_person,0,fusion_with_risk_avoidance,1,0.0000,0.0000,0.0000,6.00,0.00,6.0000,0.0000,0.0000,5.2620,0,0,0,0,0.0,0.0,0,0,0,0,0.0000,0.0000,46.99,0,stuck
1779865578.483,crossing_person,0,fusion_with_risk_avoidance,1,0.0000,0.0000,0.0000,6.00,0.00,6.0000,0.0000,0.0000,5.2259,0,0,0,0,0.0,0.0,0,0,0,0,0.0000,0.0000,47.09,0,stuck
1779865578.583,crossing_person,0,fusion_with_risk_avoidance,1,0.0000,0.0000,0.0000,6.00,0.00,6.0000,0.0000,0.0000,5.1922,0,0,0,0,0.0,0.0,0,0,0,0,0.0000,0.0000,47.19,0,stuck
1779865578.683,crossing_person,0,fusion_with_risk_avoidance,1,0.0000,0.0000,0.0000,6.00,0.00,6.0000,0.0000,0.0000,5.1612,0,0,0,0,0.0,0.0,0,0,0,0,0.0000,0.0000,47.29,0,stuck
1779865578.783,crossing_person,0,fusion_with_risk_avoidance,1,0.0000,0.0000,0.0000,6.00,0.00,6.0000,0.0000,0.0000,5.1327,0,0,0,0,0.0,0.0,0,0,0,0,0.0000,0.0000,47.39,0,stuck
1779865578.883,crossing_person,0,fusion_with_risk_avoidance,1,0.0000,0.0000,0.0000,6.00,0.00,6.0000,0.0000,0.0000,5.1070,0,0,0,0,0.0,0.0,0,0,0,0,0.0000,0.0000,47.49,0,stuck
1779865578.983,crossing_person,0,fusion_with_risk_avoidance,1,0.0000,0.0000,0.0000,6.00,0.00,6.0000,0.0000,0.0000,5.0839,0,0,0,0,0.0,0.0,0,0,0,0,0.0000,0.0000,47.59,0,stuck
1779865579.083,crossing_person,0,fusion_with_risk_avoidance,1,0.0000,0.0000,0.0000,6.00,0.00,6.0000,0.0000,0.0000,5.0636,0,0,0,0,0.0,0.0,0,0,0,0,0.0000,0.0000,47.69,0,stuck
1779865579.183,crossing_person,0,fusion_with_risk_avoidance,1,0.0000,0.0000,0.0000,6.00,0.00,6.0000,0.0000,0.0000,5.0460,0,0,0,0,0.0,0.0,0,0,0,0,0.0000,0.0000,47.79,0,stuck
1779865579.283,crossing_person,0,fusion_with_risk_avoidance,1,0.0000,0.0000,0.0000,6.00,0.00,6.0000,0.0000,0.0000,5.0312,0,0,0,0,0.0,0.0,0,0,0,0,0.0000,0.0000,47.89,0,stuck
1779865579.383,crossing_person,0,fusion_with_risk_avoidance,1,0.0000,0.0000,0.0000,6.00,0.00,6.0000,0.0000,0.0000,5.0193,0,0,0,0,0.0,0.0,0,0,0,0,0.0000,0.0000,47.99,0,stuck
1779865579.483,crossing_person,0,fusion_with_risk_avoidance,1,0.0000,0.0000,0.0000,6.00,0.00,6.0000,0.0000,0.0000,5.0102,0,0,0,0,0.0,0.0,0,0,0,0,0.0000,0.0000,48.09,0,stuck
1779865579.583,crossing_person,0,fusion_with_risk_avoidance,1,0.0000,0.0000,0.0000,6.00,0.00,6.0000,0.0000,0.0000,5.0040,0,0,0,0,0.0,0.0,0,0,0,0,0.0000,0.0000,48.19,0,stuck
1779865579.683,crossing_person,0,fusion_with_risk_avoidance,1,0.0000,0.0000,0.0000,6.00,0.00,6.0000,0.0000,0.0000,5.0006,0,0,0,0,0.0,0.0,0,0,0,0,0.0000,0.0000,48.29,0,stuck
1779865579.783,crossing_person,0,fusion_with_risk_avoidance,1,0.0000,0.0000,0.0000,6.00,0.00,6.0000,0.0000,0.0000,5.0002,0,0,0,0,0.0,0.0,0,0,0,0,0.0000,0.0000,48.39,0,stuck
1779865579.883,crossing_person,0,fusion_with_risk_avoidance,1,0.0000,0.0000,0.0000,6.00,0.00,6.0000,0.0000,0.0000,5.0026,0,0,0,0,0.0,0.0,0,0,0,0,0.0000,0.0000,48.49,0,stuck
1779865579.983,crossing_person,0,fusion_with_risk_avoidance,1,0.0000,0.0000,0.0000,6.00,0.00,6.0000,0.0000,0.0000,5.0078,0,0,0,0,0.0,0.0,0,0,0,0,0.0000,0.0000,48.59,0,stuck
1779865580.083,crossing_person,0,fusion_with_risk_avoidance,1,0.0000,0.0000,0.0000,6.00,0.00,6.0000,0.0000,0.0000,5.0160,0,0,0,0,0.0,0.0,0,0,0,0,0.0000,0.0000,48.69,0,stuck
1779865580.183,crossing_person,0,fusion_with_risk_avoidance,1,0.0000,0.0000,0.0000,6.00,0.00,6.0000,0.0000,0.0000,5.0270,0,0,0,0,0.0,0.0,0,0,0,0,0.0000,0.0000,48.79,0,stuck
1779865580.283,crossing_person,0,fusion_with_risk_avoidance,1,0.0000,0.0000,0.0000,6.00,0.00,6.0000,0.0000,0.0000,5.0408,0,0,0,0,0.0,0.0,0,0,0,0,0.0000,0.0000,48.89,0,stuck
1779865580.383,crossing_person,0,fusion_with_risk_avoidance,1,0.0000,0.0000,0.0000,6.00,0.00,6.0000,0.0000,0.0000,5.0575,0,0,0,0,0.0,0.0,0,0,0,0,0.0000,0.0000,48.99,0,stuck
1779865580.483,crossing_person,0,fusion_with_risk_avoidance,1,0.0000,0.0000,0.0000,6.00,0.00,6.0000,0.0000,0.0000,5.0769,0,0,0,0,0.0,0.0,0,0,0,0,0.0000,0.0000,49.09,0,stuck
1779865580.583,crossing_person,0,fusion_with_risk_avoidance,1,0.0000,0.0000,0.0000,6.00,0.00,6.0000,0.0000,0.0000,5.0991,0,0,0,0,0.0,0.0,0,0,0,0,0.0000,0.0000,49.19,0,stuck
1779865580.683,crossing_person,0,fusion_with_risk_avoidance,1,0.0000,0.0000,0.0000,6.00,0.00,6.0000,0.0000,0.0000,5.1240,0,0,0,0,0.0,0.0,0,0,0,0,0.0000,0.0000,49.29,0,stuck
1779865580.783,crossing_person,0,fusion_with_risk_avoidance,1,0.0000,0.0000,0.0000,6.00,0.00,6.0000,0.0000,0.0000,5.1515,0,0,0,0,0.0,0.0,0,0,0,0,0.0000,0.0000,49.39,0,stuck
1779865580.883,crossing_person,0,fusion_with_risk_avoidance,1,0.0000,0.0000,0.0000,6.00,0.00,6.0000,0.0000,0.0000,5.1817,0,0,0,0,0.0,0.0,0,0,0,0,0.0000,0.0000,49.49,0,stuck
1779865580.983,crossing_person,0,fusion_with_risk_avoidance,1,0.0000,0.0000,0.0000,6.00,0.00,6.0000,0.0000,0.0000,5.2145,0,0,0,0,0.0,0.0,0,0,0,0,0.0000,0.0000,49.59,0,stuck
1779865581.083,crossing_person,0,fusion_with_risk_avoidance,1,0.0000,0.0000,0.0000,6.00,0.00,6.0000,0.0000,0.0000,5.2499,0,0,0,0,0.0,0.0,0,0,0,0,0.0000,0.0000,49.69,0,stuck
1779865581.183,crossing_person,0,fusion_with_risk_avoidance,1,0.0000,0.0000,0.0000,6.00,0.00,6.0000,0.0000,0.0000,5.2877,0,0,0,0,0.0,0.0,0,0,0,0,0.0000,0.0000,49.79,0,stuck
1779865581.283,crossing_person,0,fusion_with_risk_avoidance,1,0.0000,0.0000,0.0000,6.00,0.00,6.0000,0.0000,0.0000,5.3279,0,0,0,0,0.0,0.0,0,0,0,0,0.0000,0.0000,49.89,0,stuck
1779865581.383,crossing_person,0,fusion_with_risk_avoidance,1,0.0000,0.0000,0.0000,6.00,0.00,6.0000,0.0000,0.0000,5.3705,0,0,0,0,0.0,0.0,0,0,0,0,0.0000,0.0000,49.99,0,stuck
1779865581.483,crossing_person,0,fusion_with_risk_avoidance,1,0.0000,0.0000,0.0000,6.00,0.00,6.0000,0.0000,0.0000,5.3559,0,0,0,0,0.0,0.0,0,0,0,0,0.0000,0.0000,50.09,0,stuck
1779865581.583,crossing_person,0,fusion_with_risk_avoidance,1,0.0000,0.0000,0.0000,6.00,0.00,6.0000,0.0000,0.0000,5.3141,0,0,0,0,0.0,0.0,0,0,0,0,0.0000,0.0000,50.19,0,stuck
1779865581.683,crossing_person,0,fusion_with_risk_avoidance,1,0.0000,0.0000,0.0000,6.00,0.00,6.0000,0.0000,0.0000,5.2746,0,0,0,0,0.0,0.0,0,0,0,0,0.0000,0.0000,50.29,0,stuck
1779865581.783,crossing_person,0,fusion_with_risk_avoidance,1,0.0000,0.0000,0.0000,6.00,0.00,6.0000,0.0000,0.0000,5.2376,0,0,0,0,0.0,0.0,0,0,0,0,0.0000,0.0000,50.39,0,stuck
1779865581.883,crossing_person,0,fusion_with_risk_avoidance,1,0.0000,0.0000,0.0000,6.00,0.00,6.0000,0.0000,0.0000,5.2029,0,0,0,0,0.0,0.0,0,0,0,0,0.0000,0.0000,50.49,0,stuck
1779865581.983,crossing_person,0,fusion_with_risk_avoidance,1,0.0000,0.0000,0.0000,6.00,0.00,6.0000,0.0000,0.0000,5.1712,0,0,0,0,0.0,0.0,0,0,0,0,0.0000,0.0000,50.59,0,stuck
1779865582.083,crossing_person,0,fusion_with_risk_avoidance,1,0.0000,0.0000,0.0000,6.00,0.00,6.0000,0.0000,0.0000,5.1419,0,0,0,0,0.0,0.0,0,0,0,0,0.0000,0.0000,50.69,0,stuck
1779865582.183,crossing_person,0,fusion_with_risk_avoidance,1,0.0000,0.0000,0.0000,6.00,0.00,6.0000,0.0000,0.0000,5.1153,0,0,0,0,0.0,0.0,0,0,0,0,0.0000,0.0000,50.79,0,stuck
1779865582.283,crossing_person,0,fusion_with_risk_avoidance,1,0.0000,0.0000,0.0000,6.00,0.00,6.0000,0.0000,0.0000,5.0912,0,0,0,0,0.0,0.0,0,0,0,0,0.0000,0.0000,50.89,0,stuck
1779865582.383,crossing_person,0,fusion_with_risk_avoidance,1,0.0000,0.0000,0.0000,6.00,0.00,6.0000,0.0000,0.0000,5.0700,0,0,0,0,0.0,0.0,0,0,0,0,0.0000,0.0000,50.99,0,stuck
1779865582.483,crossing_person,0,fusion_with_risk_avoidance,1,0.0000,0.0000,0.0000,6.00,0.00,6.0000,0.0000,0.0000,5.0515,0,0,0,0,0.0,0.0,0,0,0,0,0.0000,0.0000,51.09,0,stuck
1779865582.583,crossing_person,0,fusion_with_risk_avoidance,1,0.0000,0.0000,0.0000,6.00,0.00,6.0000,0.0000,0.0000,5.0358,0,0,0,0,0.0,0.0,0,0,0,0,0.0000,0.0000,51.19,0,stuck
1779865582.683,crossing_person,0,fusion_with_risk_avoidance,1,0.0000,0.0000,0.0000,6.00,0.00,6.0000,0.0000,0.0000,5.0230,0,0,0,0,0.0,0.0,0,0,0,0,0.0000,0.0000,51.29,0,stuck
1779865582.783,crossing_person,0,fusion_with_risk_avoidance,1,0.0000,0.0000,0.0000,6.00,0.00,6.0000,0.0000,0.0000,5.0129,0,0,0,0,0.0,0.0,0,0,0,0,0.0000,0.0000,51.39,0,stuck
1779865582.883,crossing_person,0,fusion_with_risk_avoidance,1,0.0000,0.0000,0.0000,6.00,0.00,6.0000,0.0000,0.0000,5.0057,0,0,0,0,0.0,0.0,0,0,0,0,0.0000,0.0000,51.49,0,stuck
1779865582.983,crossing_person,0,fusion_with_risk_avoidance,1,0.0000,0.0000,0.0000,6.00,0.00,6.0000,0.0000,0.0000,5.0014,0,0,0,0,0.0,0.0,0,0,0,0,0.0000,0.0000,51.59,0,stuck
1779865583.083,crossing_person,0,fusion_with_risk_avoidance,1,0.0000,0.0000,0.0000,6.00,0.00,6.0000,0.0000,0.0000,5.0000,0,0,0,0,0.0,0.0,0,0,0,0,0.0000,0.0000,51.69,0,stuck
1779865583.183,crossing_person,0,fusion_with_risk_avoidance,1,0.0000,0.0000,0.0000,6.00,0.00,6.0000,0.0000,0.0000,5.0014,0,0,0,0,0.0,0.0,0,0,0,0,0.0000,0.0000,51.79,0,stuck
1779865583.283,crossing_person,0,fusion_with_risk_avoidance,1,0.0000,0.0000,0.0000,6.00,0.00,6.0000,0.0000,0.0000,5.0058,0,0,0,0,0.0,0.0,0,0,0,0,0.0000,0.0000,51.89,0,stuck
1779865583.383,crossing_person,0,fusion_with_risk_avoidance,1,0.0000,0.0000,0.0000,6.00,0.00,6.0000,0.0000,0.0000,5.0130,0,0,0,0,0.0,0.0,0,0,0,0,0.0000,0.0000,51.99,0,stuck
1779865583.483,crossing_person,0,fusion_with_risk_avoidance,1,0.0000,0.0000,0.0000,6.00,0.00,6.0000,0.0000,0.0000,5.0230,0,0,0,0,0.0,0.0,0,0,0,0,0.0000,0.0000,52.09,0,stuck
1779865583.583,crossing_person,0,fusion_with_risk_avoidance,1,0.0000,0.0000,0.0000,6.00,0.00,6.0000,0.0000,0.0000,5.0359,0,0,0,0,0.0,0.0,0,0,0,0,0.0000,0.0000,52.19,0,stuck
1779865583.683,crossing_person,0,fusion_with_risk_avoidance,1,0.0000,0.0000,0.0000,6.00,0.00,6.0000,0.0000,0.0000,5.0516,0,0,0,0,0.0,0.0,0,0,0,0,0.0000,0.0000,52.29,0,stuck
1779865583.783,crossing_person,0,fusion_with_risk_avoidance,1,0.0000,0.0000,0.0000,6.00,0.00,6.0000,0.0000,0.0000,5.0701,0,0,0,0,0.0,0.0,0,0,0,0,0.0000,0.0000,52.39,0,stuck
1779865583.883,crossing_person,0,fusion_with_risk_avoidance,1,0.0000,0.0000,0.0000,6.00,0.00,6.0000,0.0000,0.0000,5.0914,0,0,0,0,0.0,0.0,0,0,0,0,0.0000,0.0000,52.49,0,stuck
1779865583.983,crossing_person,0,fusion_with_risk_avoidance,1,0.0000,0.0000,0.0000,6.00,0.00,6.0000,0.0000,0.0000,5.1155,0,0,0,0,0.0,0.0,0,0,0,0,0.0000,0.0000,52.59,0,stuck
1779865584.083,crossing_person,0,fusion_with_risk_avoidance,1,0.0000,0.0000,0.0000,6.00,0.00,6.0000,0.0000,0.0000,5.1421,0,0,0,0,0.0,0.0,0,0,0,0,0.0000,0.0000,52.69,0,stuck
1779865584.183,crossing_person,0,fusion_with_risk_avoidance,1,0.0000,0.0000,0.0000,6.00,0.00,6.0000,0.0000,0.0000,5.1714,0,0,0,0,0.0,0.0,0,0,0,0,0.0000,0.0000,52.79,0,stuck
1779865584.283,crossing_person,0,fusion_with_risk_avoidance,1,0.0000,0.0000,0.0000,6.00,0.00,6.0000,0.0000,0.0000,5.2033,0,0,0,0,0.0,0.0,0,0,0,0,0.0000,0.0000,52.89,0,stuck
1779865584.383,crossing_person,0,fusion_with_risk_avoidance,1,0.0000,0.0000,0.0000,6.00,0.00,6.0000,0.0000,0.0000,5.2378,0,0,0,0,0.0,0.0,0,0,0,0,0.0000,0.0000,52.99,0,stuck
1779865584.483,crossing_person,0,fusion_with_risk_avoidance,1,0.0000,0.0000,0.0000,6.00,0.00,6.0000,0.0000,0.0000,5.2748,0,0,0,0,0.0,0.0,0,0,0,0,0.0000,0.0000,53.09,0,stuck
1779865584.583,crossing_person,0,fusion_with_risk_avoidance,1,0.0000,0.0000,0.0000,6.00,0.00,6.0000,0.0000,0.0000,5.3142,0,0,0,0,0.0,0.0,0,0,0,0,0.0000,0.0000,53.19,0,stuck
1779865584.683,crossing_person,0,fusion_with_risk_avoidance,1,0.0000,0.0000,0.0000,6.00,0.00,6.0000,0.0000,0.0000,5.3561,0,0,0,0,0.0,0.0,0,0,0,0,0.0000,0.0000,53.29,0,stuck
1779865584.783,crossing_person,0,fusion_with_risk_avoidance,1,0.0000,0.0000,0.0000,6.00,0.00,6.0000,0.0000,0.0000,5.3703,0,0,0,0,0.0,0.0,0,0,0,0,0.0000,0.0000,53.39,0,stuck
1779865584.883,crossing_person,0,fusion_with_risk_avoidance,1,0.0000,0.0000,0.0000,6.00,0.00,6.0000,0.0000,0.0000,5.3277,0,0,0,0,0.0,0.0,0,0,0,0,0.0000,0.0000,53.49,0,stuck
1779865584.983,crossing_person,0,fusion_with_risk_avoidance,1,0.0000,0.0000,0.0000,6.00,0.00,6.0000,0.0000,0.0000,5.2874,0,0,0,0,0.0,0.0,0,0,0,0,0.0000,0.0000,53.59,0,stuck
1779865585.083,crossing_person,0,fusion_with_risk_avoidance,1,0.0000,0.0000,0.0000,6.00,0.00,6.0000,0.0000,0.0000,5.2619,0,0,0,0,0.0,0.0,0,0,0,0,0.0000,0.0000,53.69,0,stuck
1779865585.183,crossing_person,0,fusion_with_risk_avoidance,1,0.0000,0.0000,0.0000,6.00,0.00,6.0000,0.0000,0.0000,5.2142,0,0,0,0,0.0,0.0,0,0,0,0,0.0000,0.0000,53.79,0,stuck
1779865585.283,crossing_person,0,fusion_with_risk_avoidance,1,0.0000,0.0000,0.0000,6.00,0.00,6.0000,0.0000,0.0000,5.1816,0,0,0,0,0.0,0.0,0,0,0,0,0.0000,0.0000,53.89,0,stuck
1779865585.383,crossing_person,0,fusion_with_risk_avoidance,1,0.0000,0.0000,0.0000,6.00,0.00,6.0000,0.0000,0.0000,5.1514,0,0,0,0,0.0,0.0,0,0,0,0,0.0000,0.0000,53.99,0,stuck
1779865585.483,crossing_person,0,fusion_with_risk_avoidance,1,0.0000,0.0000,0.0000,6.00,0.00,6.0000,0.0000,0.0000,5.1238,0,0,0,0,0.0,0.0,0,0,0,0,0.0000,0.0000,54.09,0,stuck
1779865585.583,crossing_person,0,fusion_with_risk_avoidance,1,0.0000,0.0000,0.0000,6.00,0.00,6.0000,0.0000,0.0000,5.0989,0,0,0,0,0.0,0.0,0,0,0,0,0.0000,0.0000,54.19,0,stuck
1779865585.683,crossing_person,0,fusion_with_risk_avoidance,1,0.0000,0.0000,0.0000,6.00,0.00,6.0000,0.0000,0.0000,5.0765,0,0,0,0,0.0,0.0,0,0,0,0,0.0000,0.0000,54.29,0,stuck
1779865585.783,crossing_person,0,fusion_with_risk_avoidance,1,0.0000,0.0000,0.0000,6.00,0.00,6.0000,0.0000,0.0000,5.0574,0,0,0,0,0.0,0.0,0,0,0,0,0.0000,0.0000,54.39,0,stuck
1779865585.884,crossing_person,0,fusion_with_risk_avoidance,1,0.0000,0.0000,0.0000,6.00,0.00,6.0000,0.0000,0.0000,5.0407,0,0,0,0,0.0,0.0,0,0,0,0,0.0000,0.0000,54.49,0,stuck
1779865585.983,crossing_person,0,fusion_with_risk_avoidance,1,0.0000,0.0000,0.0000,6.00,0.00,6.0000,0.0000,0.0000,5.0269,0,0,0,0,0.0,0.0,0,0,0,0,0.0000,0.0000,54.59,0,stuck
1779865586.083,crossing_person,0,fusion_with_risk_avoidance,1,0.0000,0.0000,0.0000,6.00,0.00,6.0000,0.0000,0.0000,5.0159,0,0,0,0,0.0,0.0,0,0,0,0,0.0000,0.0000,54.69,0,stuck
1779865586.183,crossing_person,0,fusion_with_risk_avoidance,1,0.0000,0.0000,0.0000,6.00,0.00,6.0000,0.0000,0.0000,5.0078,0,0,0,0,0.0,0.0,0,0,0,0,0.0000,0.0000,54.79,0,stuck
1779865586.283,crossing_person,0,fusion_with_risk_avoidance,1,0.0000,0.0000,0.0000,6.00,0.00,6.0000,0.0000,0.0000,5.0025,0,0,0,0,0.0,0.0,0,0,0,0,0.0000,0.0000,54.89,0,stuck
1779865586.383,crossing_person,0,fusion_with_risk_avoidance,1,0.0000,0.0000,0.0000,6.00,0.00,6.0000,0.0000,0.0000,5.0002,0,0,0,0,0.0,0.0,0,0,0,0,0.0000,0.0000,54.99,0,stuck
1779865586.483,crossing_person,0,fusion_with_risk_avoidance,1,0.0000,0.0000,0.0000,6.00,0.00,6.0000,0.0000,0.0000,5.0006,0,0,0,0,0.0,0.0,0,0,0,0,0.0000,0.0000,55.09,0,stuck
1779865586.583,crossing_person,0,fusion_with_risk_avoidance,1,0.0000,0.0000,0.0000,6.00,0.00,6.0000,0.0000,0.0000,5.0040,0,0,0,0,0.0,0.0,0,0,0,0,0.0000,0.0000,55.19,0,stuck
1779865586.683,crossing_person,0,fusion_with_risk_avoidance,1,0.0000,0.0000,0.0000,6.00,0.00,6.0000,0.0000,0.0000,5.0102,0,0,0,0,0.0,0.0,0,0,0,0,0.0000,0.0000,55.29,0,stuck
1779865586.783,crossing_person,0,fusion_with_risk_avoidance,1,0.0000,0.0000,0.0000,6.00,0.00,6.0000,0.0000,0.0000,5.0193,0,0,0,0,0.0,0.0,0,0,0,0,0.0000,0.0000,55.39,0,stuck
1779865586.883,crossing_person,0,fusion_with_risk_avoidance,1,0.0000,0.0000,0.0000,6.00,0.00,6.0000,0.0000,0.0000,5.0313,0,0,0,0,0.0,0.0,0,0,0,0,0.0000,0.0000,55.49,0,stuck
1779865586.983,crossing_person,0,fusion_with_risk_avoidance,1,0.0000,0.0000,0.0000,6.00,0.00,6.0000,0.0000,0.0000,5.0461,0,0,0,0,0.0,0.0,0,0,0,0,0.0000,0.0000,55.59,0,stuck
1779865587.083,crossing_person,0,fusion_with_risk_avoidance,1,0.0000,0.0000,0.0000,6.00,0.00,6.0000,0.0000,0.0000,5.0636,0,0,0,0,0.0,0.0,0,0,0,0,0.0000,0.0000,55.69,0,stuck
1779865587.183,crossing_person,0,fusion_with_risk_avoidance,1,0.0000,0.0000,0.0000,6.00,0.00,6.0000,0.0000,0.0000,5.0840,0,0,0,0,0.0,0.0,0,0,0,0,0.0000,0.0000,55.79,0,stuck
1779865587.283,crossing_person,0,fusion_with_risk_avoidance,1,0.0000,0.0000,0.0000,6.00,0.00,6.0000,0.0000,0.0000,5.1071,0,0,0,0,0.0,0.0,0,0,0,0,0.0000,0.0000,55.89,0,stuck
1779865587.383,crossing_person,0,fusion_with_risk_avoidance,1,0.0000,0.0000,0.0000,6.00,0.00,6.0000,0.0000,0.0000,5.1329,0,0,0,0,0.0,0.0,0,0,0,0,0.0000,0.0000,55.99,0,stuck
1779865587.484,crossing_person,0,fusion_with_risk_avoidance,1,0.0000,0.0000,0.0000,6.00,0.00,6.0000,0.0000,0.0000,5.1613,0,0,0,0,0.0,0.0,0,0,0,0,0.0000,0.0000,56.09,0,stuck
1779865587.584,crossing_person,0,fusion_with_risk_avoidance,1,0.0000,0.0000,0.0000,6.00,0.00,6.0000,0.0000,0.0000,5.1927,0,0,0,0,0.0,0.0,0,0,0,0,0.0000,0.0000,56.19,0,stuck
1779865587.683,crossing_person,0,fusion_with_risk_avoidance,1,0.0000,0.0000,0.0000,6.00,0.00,6.0000,0.0000,0.0000,5.2260,0,0,0,0,0.0,0.0,0,0,0,0,0.0000,0.0000,56.29,0,stuck
1779865587.783,crossing_person,0,fusion_with_risk_avoidance,1,0.0000,0.0000,0.0000,6.00,0.00,6.0000,0.0000,0.0000,5.2622,0,0,0,0,0.0,0.0,0,0,0,0,0.0000,0.0000,56.39,0,stuck
1779865587.883,crossing_person,0,fusion_with_risk_avoidance,1,0.0000,0.0000,0.0000,6.00,0.00,6.0000,0.0000,0.0000,5.3009,0,0,0,0,0.0,0.0,0,0,0,0,0.0000,0.0000,56.49,0,stuck
1779865587.983,crossing_person,0,fusion_with_risk_avoidance,1,0.0000,0.0000,0.0000,6.00,0.00,6.0000,0.0000,0.0000,5.3421,0,0,0,0,0.0,0.0,0,0,0,0,0.0000,0.0000,56.59,0,stuck
1779865588.083,crossing_person,0,fusion_with_risk_avoidance,1,0.0000,0.0000,0.0000,6.00,0.00,6.0000,0.0000,0.0000,5.3849,0,0,0,0,0.0,0.0,0,0,0,0,0.0000,0.0000,56.69,0,stuck
1779865588.183,crossing_person,0,fusion_with_risk_avoidance,1,0.0000,0.0000,0.0000,6.00,0.00,6.0000,0.0000,0.0000,5.3417,0,0,0,0,0.0,0.0,0,0,0,0,0.0000,0.0000,56.79,0,stuck
1779865588.283,crossing_person,0,fusion_with_risk_avoidance,1,0.0000,0.0000,0.0000,6.00,0.00,6.0000,0.0000,0.0000,5.3006,0,0,0,0,0.0,0.0,0,0,0,0,0.0000,0.0000,56.89,0,stuck
1779865588.383,crossing_person,0,fusion_with_risk_avoidance,1,0.0000,0.0000,0.0000,6.00,0.00,6.0000,0.0000,0.0000,5.2616,0,0,0,0,0.0,0.0,0,0,0,0,0.0000,0.0000,56.99,0,stuck
1779865588.483,crossing_person,0,fusion_with_risk_avoidance,1,0.0000,0.0000,0.0000,6.00,0.00,6.0000,0.0000,0.0000,5.2259,0,0,0,0,0.0,0.0,0,0,0,0,0.0000,0.0000,57.09,0,stuck
1779865588.583,crossing_person,0,fusion_with_risk_avoidance,1,0.0000,0.0000,0.0000,6.00,0.00,6.0000,0.0000,0.0000,5.1922,0,0,0,0,0.0,0.0,0,0,0,0,0.0000,0.0000,57.19,0,stuck
1779865588.683,crossing_person,0,fusion_with_risk_avoidance,1,0.0000,0.0000,0.0000,6.00,0.00,6.0000,0.0000,0.0000,5.1611,0,0,0,0,0.0,0.0,0,0,0,0,0.0000,0.0000,57.29,0,stuck
1779865588.783,crossing_person,0,fusion_with_risk_avoidance,1,0.0000,0.0000,0.0000,6.00,0.00,6.0000,0.0000,0.0000,5.1327,0,0,0,0,0.0,0.0,0,0,0,0,0.0000,0.0000,57.39,0,stuck
1779865588.883,crossing_person,0,fusion_with_risk_avoidance,1,0.0000,0.0000,0.0000,6.00,0.00,6.0000,0.0000,0.0000,5.1070,0,0,0,0,0.0,0.0,0,0,0,0,0.0000,0.0000,57.49,0,stuck
1779865588.983,crossing_person,0,fusion_with_risk_avoidance,1,0.0000,0.0000,0.0000,6.00,0.00,6.0000,0.0000,0.0000,5.0839,0,0,0,0,0.0,0.0,0,0,0,0,0.0000,0.0000,57.59,0,stuck
1779865589.083,crossing_person,0,fusion_with_risk_avoidance,1,0.0000,0.0000,0.0000,6.00,0.00,6.0000,0.0000,0.0000,5.0636,0,0,0,0,0.0,0.0,0,0,0,0,0.0000,0.0000,57.69,0,stuck
1779865589.183,crossing_person,0,fusion_with_risk_avoidance,1,0.0000,0.0000,0.0000,6.00,0.00,6.0000,0.0000,0.0000,5.0460,0,0,0,0,0.0,0.0,0,0,0,0,0.0000,0.0000,57.79,0,stuck
1779865589.283,crossing_person,0,fusion_with_risk_avoidance,1,0.0000,0.0000,0.0000,6.00,0.00,6.0000,0.0000,0.0000,5.0312,0,0,0,0,0.0,0.0,0,0,0,0,0.0000,0.0000,57.89,0,stuck
1779865589.383,crossing_person,0,fusion_with_risk_avoidance,1,0.0000,0.0000,0.0000,6.00,0.00,6.0000,0.0000,0.0000,5.0193,0,0,0,0,0.0,0.0,0,0,0,0,0.0000,0.0000,57.99,0,stuck
1779865589.483,crossing_person,0,fusion_with_risk_avoidance,1,0.0000,0.0000,0.0000,6.00,0.00,6.0000,0.0000,0.0000,5.0102,0,0,0,0,0.0,0.0,0,0,0,0,0.0000,0.0000,58.09,0,stuck
1779865589.583,crossing_person,0,fusion_with_risk_avoidance,1,0.0000,0.0000,0.0000,6.00,0.00,6.0000,0.0000,0.0000,5.0040,0,0,0,0,0.0,0.0,0,0,0,0,0.0000,0.0000,58.19,0,stuck
1779865589.683,crossing_person,0,fusion_with_risk_avoidance,1,0.0000,0.0000,0.0000,6.00,0.00,6.0000,0.0000,0.0000,5.0006,0,0,0,0,0.0,0.0,0,0,0,0,0.0000,0.0000,58.29,0,stuck
1779865589.783,crossing_person,0,fusion_with_risk_avoidance,1,0.0000,0.0000,0.0000,6.00,0.00,6.0000,0.0000,0.0000,5.0002,0,0,0,0,0.0,0.0,0,0,0,0,0.0000,0.0000,58.39,0,stuck
1779865589.884,crossing_person,0,fusion_with_risk_avoidance,1,0.0000,0.0000,0.0000,6.00,0.00,6.0000,0.0000,0.0000,5.0026,0,0,0,0,0.0,0.0,0,0,0,0,0.0000,0.0000,58.49,0,stuck
1779865589.983,crossing_person,0,fusion_with_risk_avoidance,1,0.0000,0.0000,0.0000,6.00,0.00,6.0000,0.0000,0.0000,5.0079,0,0,0,0,0.0,0.0,0,0,0,0,0.0000,0.0000,58.59,0,stuck
1779865590.083,crossing_person,0,fusion_with_risk_avoidance,1,0.0000,0.0000,0.0000,6.00,0.00,6.0000,0.0000,0.0000,5.0160,0,0,0,0,0.0,0.0,0,0,0,0,0.0000,0.0000,58.69,0,stuck
1779865590.183,crossing_person,0,fusion_with_risk_avoidance,1,0.0000,0.0000,0.0000,6.00,0.00,6.0000,0.0000,0.0000,5.0270,0,0,0,0,0.0,0.0,0,0,0,0,0.0000,0.0000,58.79,0,stuck
1779865590.283,crossing_person,0,fusion_with_risk_avoidance,1,0.0000,0.0000,0.0000,6.00,0.00,6.0000,0.0000,0.0000,5.0408,0,0,0,0,0.0,0.0,0,0,0,0,0.0000,0.0000,58.89,0,stuck
1779865590.383,crossing_person,0,fusion_with_risk_avoidance,1,0.0000,0.0000,0.0000,6.00,0.00,6.0000,0.0000,0.0000,5.0575,0,0,0,0,0.0,0.0,0,0,0,0,0.0000,0.0000,58.99,0,stuck
1779865590.483,crossing_person,0,fusion_with_risk_avoidance,1,0.0000,0.0000,0.0000,6.00,0.00,6.0000,0.0000,0.0000,5.0770,0,0,0,0,0.0,0.0,0,0,0,0,0.0000,0.0000,59.09,0,stuck
1779865590.583,crossing_person,0,fusion_with_risk_avoidance,1,0.0000,0.0000,0.0000,6.00,0.00,6.0000,0.0000,0.0000,5.0991,0,0,0,0,0.0,0.0,0,0,0,0,0.0000,0.0000,59.19,0,stuck
1779865590.683,crossing_person,0,fusion_with_risk_avoidance,1,0.0000,0.0000,0.0000,6.00,0.00,6.0000,0.0000,0.0000,5.1240,0,0,0,0,0.0,0.0,0,0,0,0,0.0000,0.0000,59.29,0,stuck
1779865590.783,crossing_person,0,fusion_with_risk_avoidance,1,0.0000,0.0000,0.0000,6.00,0.00,6.0000,0.0000,0.0000,5.1517,0,0,0,0,0.0,0.0,0,0,0,0,0.0000,0.0000,59.39,0,stuck
1779865590.883,crossing_person,0,fusion_with_risk_avoidance,1,0.0000,0.0000,0.0000,6.00,0.00,6.0000,0.0000,0.0000,5.1817,0,0,0,0,0.0,0.0,0,0,0,0,0.0000,0.0000,59.49,0,stuck
1779865590.983,crossing_person,0,fusion_with_risk_avoidance,1,0.0000,0.0000,0.0000,6.00,0.00,6.0000,0.0000,0.0000,5.2145,0,0,0,0,0.0,0.0,0,0,0,0,0.0000,0.0000,59.59,0,stuck
1779865591.083,crossing_person,0,fusion_with_risk_avoidance,1,0.0000,0.0000,0.0000,6.00,0.00,6.0000,0.0000,0.0000,5.2498,0,0,0,0,0.0,0.0,0,0,0,0,0.0000,0.0000,59.69,0,stuck
1779865591.183,crossing_person,0,fusion_with_risk_avoidance,1,0.0000,0.0000,0.0000,6.00,0.00,6.0000,0.0000,0.0000,5.2877,0,0,0,0,0.0,0.0,0,0,0,0,0.0000,0.0000,59.79,0,stuck
1779865591.283,crossing_person,0,fusion_with_risk_avoidance,1,0.0000,0.0000,0.0000,6.00,0.00,6.0000,0.0000,0.0000,5.3281,0,0,0,0,0.0,0.0,0,0,0,0,0.0000,0.0000,59.89,0,stuck
1779865591.383,crossing_person,0,fusion_with_risk_avoidance,1,0.0000,0.0000,0.0000,6.00,0.00,6.0000,0.0000,0.0000,5.3705,0,0,0,0,0.0,0.0,0,0,0,0,0.0000,0.0000,59.99,0,stuck
1779865591.483,crossing_person,0,fusion_with_risk_avoidance,1,0.0000,0.0000,0.0000,6.00,0.00,6.0000,0.0000,0.0000,5.3559,0,0,0,0,0.0,0.0,0,0,0,0,0.0000,0.0000,60.09,0,stuck
1779865591.583,crossing_person,0,fusion_with_risk_avoidance,1,0.0000,0.0000,0.0000,6.00,0.00,6.0000,0.0000,0.0000,5.3140,0,0,0,0,0.0,0.0,0,0,0,0,0.0000,0.0000,60.19,0,stuck
1779865591.683,crossing_person,0,fusion_with_risk_avoidance,1,0.0000,0.0000,0.0000,6.00,0.00,6.0000,0.0000,0.0000,5.2746,0,0,0,0,0.0,0.0,0,0,0,0,0.0000,0.0000,60.29,0,stuck
1779865591.783,crossing_person,0,fusion_with_risk_avoidance,1,0.0000,0.0000,0.0000,6.00,0.00,6.0000,0.0000,0.0000,5.2376,0,0,0,0,0.0,0.0,0,0,0,0,0.0000,0.0000,60.39,0,stuck
1779865591.883,crossing_person,0,fusion_with_risk_avoidance,1,0.0000,0.0000,0.0000,6.00,0.00,6.0000,0.0000,0.0000,5.2030,0,0,0,0,0.0,0.0,0,0,0,0,0.0000,0.0000,60.49,0,stuck
1779865591.983,crossing_person,0,fusion_with_risk_avoidance,1,0.0000,0.0000,0.0000,6.00,0.00,6.0000,0.0000,0.0000,5.1712,0,0,0,0,0.0,0.0,0,0,0,0,0.0000,0.0000,60.59,0,stuck
1779865592.083,crossing_person,0,fusion_with_risk_avoidance,1,0.0000,0.0000,0.0000,6.00,0.00,6.0000,0.0000,0.0000,5.1415,0,0,0,0,0.0,0.0,0,0,0,0,0.0000,0.0000,60.69,0,stuck
1779865592.183,crossing_person,0,fusion_with_risk_avoidance,1,0.0000,0.0000,0.0000,6.00,0.00,6.0000,0.0000,0.0000,5.1152,0,0,0,0,0.0,0.0,0,0,0,0,0.0000,0.0000,60.79,0,stuck
1779865592.283,crossing_person,0,fusion_with_risk_avoidance,1,0.0000,0.0000,0.0000,6.00,0.00,6.0000,0.0000,0.0000,5.0910,0,0,0,0,0.0,0.0,0,0,0,0,0.0000,0.0000,60.89,0,stuck
1779865592.383,crossing_person,0,fusion_with_risk_avoidance,1,0.0000,0.0000,0.0000,6.00,0.00,6.0000,0.0000,0.0000,5.0700,0,0,0,0,0.0,0.0,0,0,0,0,0.0000,0.0000,60.99,0,stuck
1779865592.483,crossing_person,0,fusion_with_risk_avoidance,1,0.0000,0.0000,0.0000,6.00,0.00,6.0000,0.0000,0.0000,5.0515,0,0,0,0,0.0,0.0,0,0,0,0,0.0000,0.0000,61.09,0,stuck
1779865592.583,crossing_person,0,fusion_with_risk_avoidance,1,0.0000,0.0000,0.0000,6.00,0.00,6.0000,0.0000,0.0000,5.0358,0,0,0,0,0.0,0.0,0,0,0,0,0.0000,0.0000,61.19,0,stuck
1779865592.683,crossing_person,0,fusion_with_risk_avoidance,1,0.0000,0.0000,0.0000,6.00,0.00,6.0000,0.0000,0.0000,5.0230,0,0,0,0,0.0,0.0,0,0,0,0,0.0000,0.0000,61.29,0,stuck
1779865592.783,crossing_person,0,fusion_with_risk_avoidance,1,0.0000,0.0000,0.0000,6.00,0.00,6.0000,0.0000,0.0000,5.0129,0,0,0,0,0.0,0.0,0,0,0,0,0.0000,0.0000,61.39,0,stuck
1779865592.883,crossing_person,0,fusion_with_risk_avoidance,1,0.0000,0.0000,0.0000,6.00,0.00,6.0000,0.0000,0.0000,5.0057,0,0,0,0,0.0,0.0,0,0,0,0,0.0000,0.0000,61.49,0,stuck
1779865592.983,crossing_person,0,fusion_with_risk_avoidance,1,0.0000,0.0000,0.0000,6.00,0.00,6.0000,0.0000,0.0000,5.0014,0,0,0,0,0.0,0.0,0,0,0,0,0.0000,0.0000,61.59,0,stuck
1779865593.084,crossing_person,0,fusion_with_risk_avoidance,1,0.0000,0.0000,0.0000,6.00,0.00,6.0000,0.0000,0.0000,5.0000,0,0,0,0,0.0,0.0,0,0,0,0,0.0000,0.0000,61.69,0,stuck
1779865593.183,crossing_person,0,fusion_with_risk_avoidance,1,0.0000,0.0000,0.0000,6.00,0.00,6.0000,0.0000,0.0000,5.0014,0,0,0,0,0.0,0.0,0,0,0,0,0.0000,0.0000,61.79,0,stuck
1779865593.283,crossing_person,0,fusion_with_risk_avoidance,1,0.0000,0.0000,0.0000,6.00,0.00,6.0000,0.0000,0.0000,5.0058,0,0,0,0,0.0,0.0,0,0,0,0,0.0000,0.0000,61.89,0,stuck
1779865593.383,crossing_person,0,fusion_with_risk_avoidance,1,0.0000,0.0000,0.0000,6.00,0.00,6.0000,0.0000,0.0000,5.0130,0,0,0,0,0.0,0.0,0,0,0,0,0.0000,0.0000,61.99,0,stuck
1779865593.483,crossing_person,0,fusion_with_risk_avoidance,1,0.0000,0.0000,0.0000,6.00,0.00,6.0000,0.0000,0.0000,5.0230,0,0,0,0,0.0,0.0,0,0,0,0,0.0000,0.0000,62.09,0,stuck
1779865593.583,crossing_person,0,fusion_with_risk_avoidance,1,0.0000,0.0000,0.0000,6.00,0.00,6.0000,0.0000,0.0000,5.0359,0,0,0,0,0.0,0.0,0,0,0,0,0.0000,0.0000,62.19,0,stuck
1779865593.683,crossing_person,0,fusion_with_risk_avoidance,1,0.0000,0.0000,0.0000,6.00,0.00,6.0000,0.0000,0.0000,5.0517,0,0,0,0,0.0,0.0,0,0,0,0,0.0000,0.0000,62.29,0,stuck
1779865593.783,crossing_person,0,fusion_with_risk_avoidance,1,0.0000,0.0000,0.0000,6.00,0.00,6.0000,0.0000,0.0000,5.0702,0,0,0,0,0.0,0.0,0,0,0,0,0.0000,0.0000,62.39,0,stuck
1779865593.883,crossing_person,0,fusion_with_risk_avoidance,1,0.0000,0.0000,0.0000,6.00,0.00,6.0000,0.0000,0.0000,5.0914,0,0,0,0,0.0,0.0,0,0,0,0,0.0000,0.0000,62.49,0,stuck
1779865593.983,crossing_person,0,fusion_with_risk_avoidance,1,0.0000,0.0000,0.0000,6.00,0.00,6.0000,0.0000,0.0000,5.1154,0,0,0,0,0.0,0.0,0,0,0,0,0.0000,0.0000,62.59,0,stuck
1779865594.083,crossing_person,0,fusion_with_risk_avoidance,1,0.0000,0.0000,0.0000,6.00,0.00,6.0000,0.0000,0.0000,5.1421,0,0,0,0,0.0,0.0,0,0,0,0,0.0000,0.0000,62.69,0,stuck
1779865594.183,crossing_person,0,fusion_with_risk_avoidance,1,0.0000,0.0000,0.0000,6.00,0.00,6.0000,0.0000,0.0000,5.1714,0,0,0,0,0.0,0.0,0,0,0,0,0.0000,0.0000,62.79,0,stuck
1779865594.283,crossing_person,0,fusion_with_risk_avoidance,1,0.0000,0.0000,0.0000,6.00,0.00,6.0000,0.0000,0.0000,5.2034,0,0,0,0,0.0,0.0,0,0,0,0,0.0000,0.0000,62.89,0,stuck
1779865594.383,crossing_person,0,fusion_with_risk_avoidance,1,0.0000,0.0000,0.0000,6.00,0.00,6.0000,0.0000,0.0000,5.2378,0,0,0,0,0.0,0.0,0,0,0,0,0.0000,0.0000,62.99,0,stuck
1779865594.483,crossing_person,0,fusion_with_risk_avoidance,1,0.0000,0.0000,0.0000,6.00,0.00,6.0000,0.0000,0.0000,5.2748,0,0,0,0,0.0,0.0,0,0,0,0,0.0000,0.0000,63.09,0,stuck
1779865594.583,crossing_person,0,fusion_with_risk_avoidance,1,0.0000,0.0000,0.0000,6.00,0.00,6.0000,0.0000,0.0000,5.3143,0,0,0,0,0.0,0.0,0,0,0,0,0.0000,0.0000,63.19,0,stuck
1779865594.683,crossing_person,0,fusion_with_risk_avoidance,1,0.0000,0.0000,0.0000,6.00,0.00,6.0000,0.0000,0.0000,5.3561,0,0,0,0,0.0,0.0,0,0,0,0,0.0000,0.0000,63.29,0,stuck
1779865594.783,crossing_person,0,fusion_with_risk_avoidance,1,0.0000,0.0000,0.0000,6.00,0.00,6.0000,0.0000,0.0000,5.3703,0,0,0,0,0.0,0.0,0,0,0,0,0.0000,0.0000,63.39,0,stuck
1779865594.883,crossing_person,0,fusion_with_risk_avoidance,1,0.0000,0.0000,0.0000,6.00,0.00,6.0000,0.0000,0.0000,5.3277,0,0,0,0,0.0,0.0,0,0,0,0,0.0000,0.0000,63.49,0,stuck
1779865594.983,crossing_person,0,fusion_with_risk_avoidance,1,0.0000,0.0000,0.0000,6.00,0.00,6.0000,0.0000,0.0000,5.2875,0,0,0,0,0.0,0.0,0,0,0,0,0.0000,0.0000,63.59,0,stuck
1779865595.083,crossing_person,0,fusion_with_risk_avoidance,1,0.0000,0.0000,0.0000,6.00,0.00,6.0000,0.0000,0.0000,5.2496,0,0,0,0,0.0,0.0,0,0,0,0,0.0000,0.0000,63.69,0,stuck
1779865595.183,crossing_person,0,fusion_with_risk_avoidance,1,0.0000,0.0000,0.0000,6.00,0.00,6.0000,0.0000,0.0000,5.2144,0,0,0,0,0.0,0.0,0,0,0,0,0.0000,0.0000,63.79,0,stuck
1779865595.283,crossing_person,0,fusion_with_risk_avoidance,1,0.0000,0.0000,0.0000,6.00,0.00,6.0000,0.0000,0.0000,5.1804,0,0,0,0,0.0,0.0,0,0,0,0,0.0000,0.0000,63.89,0,stuck
1779865595.383,crossing_person,0,fusion_with_risk_avoidance,1,0.0000,0.0000,0.0000,6.00,0.00,6.0000,0.0000,0.0000,5.1514,0,0,0,0,0.0,0.0,0,0,0,0,0.0000,0.0000,63.99,0,stuck
1779865595.483,crossing_person,0,fusion_with_risk_avoidance,1,0.0000,0.0000,0.0000,6.00,0.00,6.0000,0.0000,0.0000,5.1238,0,0,0,0,0.0,0.0,0,0,0,0,0.0000,0.0000,64.09,0,stuck
1779865595.583,crossing_person,0,fusion_with_risk_avoidance,1,0.0000,0.0000,0.0000,6.00,0.00,6.0000,0.0000,0.0000,5.0990,0,0,0,0,0.0,0.0,0,0,0,0,0.0000,0.0000,64.19,0,stuck
1779865595.683,crossing_person,0,fusion_with_risk_avoidance,1,0.0000,0.0000,0.0000,6.00,0.00,6.0000,0.0000,0.0000,5.0765,0,0,0,0,0.0,0.0,0,0,0,0,0.0000,0.0000,64.29,0,stuck
1779865595.783,crossing_person,0,fusion_with_risk_avoidance,1,0.0000,0.0000,0.0000,6.00,0.00,6.0000,0.0000,0.0000,5.0574,0,0,0,0,0.0,0.0,0,0,0,0,0.0000,0.0000,64.39,0,stuck
1779865595.883,crossing_person,0,fusion_with_risk_avoidance,1,0.0000,0.0000,0.0000,6.00,0.00,6.0000,0.0000,0.0000,5.0408,0,0,0,0,0.0,0.0,0,0,0,0,0.0000,0.0000,64.49,0,stuck
1779865595.984,crossing_person,0,fusion_with_risk_avoidance,1,0.0000,0.0000,0.0000,6.00,0.00,6.0000,0.0000,0.0000,5.0269,0,0,0,0,0.0,0.0,0,0,0,0,0.0000,0.0000,64.59,0,stuck
1779865596.083,crossing_person,0,fusion_with_risk_avoidance,1,0.0000,0.0000,0.0000,6.00,0.00,6.0000,0.0000,0.0000,5.0159,0,0,0,0,0.0,0.0,0,0,0,0,0.0000,0.0000,64.69,0,stuck
1779865596.183,crossing_person,0,fusion_with_risk_avoidance,1,0.0000,0.0000,0.0000,6.00,0.00,6.0000,0.0000,0.0000,5.0078,0,0,0,0,0.0,0.0,0,0,0,0,0.0000,0.0000,64.79,0,stuck
1779865596.283,crossing_person,0,fusion_with_risk_avoidance,1,0.0000,0.0000,0.0000,6.00,0.00,6.0000,0.0000,0.0000,5.0025,0,0,0,0,0.0,0.0,0,0,0,0,0.0000,0.0000,64.89,0,stuck
1779865596.383,crossing_person,0,fusion_with_risk_avoidance,1,0.0000,0.0000,0.0000,6.00,0.00,6.0000,0.0000,0.0000,5.0002,0,0,0,0,0.0,0.0,0,0,0,0,0.0000,0.0000,64.99,0,stuck
1779865596.483,crossing_person,0,fusion_with_risk_avoidance,1,0.0000,0.0000,0.0000,6.00,0.00,6.0000,0.0000,0.0000,5.0006,0,0,0,0,0.0,0.0,0,0,0,0,0.0000,0.0000,65.09,0,stuck
1779865596.584,crossing_person,0,fusion_with_risk_avoidance,1,0.0000,0.0000,0.0000,6.00,0.00,6.0000,0.0000,0.0000,5.0040,0,0,0,0,0.0,0.0,0,0,0,0,0.0000,0.0000,65.19,0,stuck
1779865596.683,crossing_person,0,fusion_with_risk_avoidance,1,0.0000,0.0000,0.0000,6.00,0.00,6.0000,0.0000,0.0000,5.0102,0,0,0,0,0.0,0.0,0,0,0,0,0.0000,0.0000,65.29,0,stuck
1779865596.783,crossing_person,0,fusion_with_risk_avoidance,1,0.0000,0.0000,0.0000,6.00,0.00,6.0000,0.0000,0.0000,5.0194,0,0,0,0,0.0,0.0,0,0,0,0,0.0000,0.0000,65.39,0,stuck
1779865596.883,crossing_person,0,fusion_with_risk_avoidance,1,0.0000,0.0000,0.0000,6.00,0.00,6.0000,0.0000,0.0000,5.0313,0,0,0,0,0.0,0.0,0,0,0,0,0.0000,0.0000,65.49,0,stuck
1779865596.983,crossing_person,0,fusion_with_risk_avoidance,1,0.0000,0.0000,0.0000,6.00,0.00,6.0000,0.0000,0.0000,5.0461,0,0,0,0,0.0,0.0,0,0,0,0,0.0000,0.0000,65.59,0,stuck
1779865597.083,crossing_person,0,fusion_with_risk_avoidance,1,0.0000,0.0000,0.0000,6.00,0.00,6.0000,0.0000,0.0000,5.0636,0,0,0,0,0.0,0.0,0,0,0,0,0.0000,0.0000,65.69,0,stuck
1779865597.183,crossing_person,0,fusion_with_risk_avoidance,1,0.0000,0.0000,0.0000,6.00,0.00,6.0000,0.0000,0.0000,5.0841,0,0,0,0,0.0,0.0,0,0,0,0,0.0000,0.0000,65.79,0,stuck
1779865597.283,crossing_person,0,fusion_with_risk_avoidance,1,0.0000,0.0000,0.0000,6.00,0.00,6.0000,0.0000,0.0000,5.1073,0,0,0,0,0.0,0.0,0,0,0,0,0.0000,0.0000,65.89,0,stuck
1779865597.383,crossing_person,0,fusion_with_risk_avoidance,1,0.0000,0.0000,0.0000,6.00,0.00,6.0000,0.0000,0.0000,5.1329,0,0,0,0,0.0,0.0,0,0,0,0,0.0000,0.0000,65.99,0,stuck
1779865597.483,crossing_person,0,fusion_with_risk_avoidance,1,0.0000,0.0000,0.0000,6.00,0.00,6.0000,0.0000,0.0000,5.1613,0,0,0,0,0.0,0.0,0,0,0,0,0.0000,0.0000,66.09,0,stuck
1779865597.583,crossing_person,0,fusion_with_risk_avoidance,1,0.0000,0.0000,0.0000,6.00,0.00,6.0000,0.0000,0.0000,5.1927,0,0,0,0,0.0,0.0,0,0,0,0,0.0000,0.0000,66.19,0,stuck
1779865597.683,crossing_person,0,fusion_with_risk_avoidance,1,0.0000,0.0000,0.0000,6.00,0.00,6.0000,0.0000,0.0000,5.2260,0,0,0,0,0.0,0.0,0,0,0,0,0.0000,0.0000,66.29,0,stuck
1779865597.783,crossing_person,0,fusion_with_risk_avoidance,1,0.0000,0.0000,0.0000,6.00,0.00,6.0000,0.0000,0.0000,5.2622,0,0,0,0,0.0,0.0,0,0,0,0,0.0000,0.0000,66.39,0,stuck
1779865597.883,crossing_person,0,fusion_with_risk_avoidance,1,0.0000,0.0000,0.0000,6.00,0.00,6.0000,0.0000,0.0000,5.3008,0,0,0,0,0.0,0.0,0,0,0,0,0.0000,0.0000,66.49,0,stuck
1779865597.983,crossing_person,0,fusion_with_risk_avoidance,1,0.0000,0.0000,0.0000,6.00,0.00,6.0000,0.0000,0.0000,5.3419,0,0,0,0,0.0,0.0,0,0,0,0,0.0000,0.0000,66.59,0,stuck
1779865598.083,crossing_person,0,fusion_with_risk_avoidance,1,0.0000,0.0000,0.0000,6.00,0.00,6.0000,0.0000,0.0000,5.3851,0,0,0,0,0.0,0.0,0,0,0,0,0.0000,0.0000,66.69,0,stuck
1779865598.184,crossing_person,0,fusion_with_risk_avoidance,1,0.0000,0.0000,0.0000,6.00,0.00,6.0000,0.0000,0.0000,5.3416,0,0,0,0,0.0,0.0,0,0,0,0,0.0000,0.0000,66.79,0,stuck
1779865598.283,crossing_person,0,fusion_with_risk_avoidance,1,0.0000,0.0000,0.0000,6.00,0.00,6.0000,0.0000,0.0000,5.2998,0,0,0,0,0.0,0.0,0,0,0,0,0.0000,0.0000,66.89,0,stuck
1779865598.383,crossing_person,0,fusion_with_risk_avoidance,1,0.0000,0.0000,0.0000,6.00,0.00,6.0000,0.0000,0.0000,5.2620,0,0,0,0,0.0,0.0,0,0,0,0,0.0000,0.0000,66.99,0,stuck
1779865598.483,crossing_person,0,fusion_with_risk_avoidance,1,0.0000,0.0000,0.0000,6.00,0.00,6.0000,0.0000,0.0000,5.2258,0,0,0,0,0.0,0.0,0,0,0,0,0.0000,0.0000,67.09,0,stuck
1779865598.585,crossing_person,0,fusion_with_risk_avoidance,1,0.0000,0.0000,0.0000,6.00,0.00,6.0000,0.0000,0.0000,5.1922,0,0,0,0,0.0,0.0,0,0,0,0,0.0000,0.0000,67.20,0,stuck
1779865598.683,crossing_person,0,fusion_with_risk_avoidance,1,0.0000,0.0000,0.0000,6.00,0.00,6.0000,0.0000,0.0000,5.1612,0,0,0,0,0.0,0.0,0,0,0,0,0.0000,0.0000,67.29,0,stuck
1779865598.783,crossing_person,0,fusion_with_risk_avoidance,1,0.0000,0.0000,0.0000,6.00,0.00,6.0000,0.0000,0.0000,5.1323,0,0,0,0,0.0,0.0,0,0,0,0,0.0000,0.0000,67.39,0,stuck
1779865598.883,crossing_person,0,fusion_with_risk_avoidance,1,0.0000,0.0000,0.0000,6.00,0.00,6.0000,0.0000,0.0000,5.1070,0,0,0,0,0.0,0.0,0,0,0,0,0.0000,0.0000,67.49,0,stuck
1779865598.983,crossing_person,0,fusion_with_risk_avoidance,1,0.0000,0.0000,0.0000,6.00,0.00,6.0000,0.0000,0.0000,5.0839,0,0,0,0,0.0,0.0,0,0,0,0,0.0000,0.0000,67.59,0,stuck
1779865599.083,crossing_person,0,fusion_with_risk_avoidance,1,0.0000,0.0000,0.0000,6.00,0.00,6.0000,0.0000,0.0000,5.0635,0,0,0,0,0.0,0.0,0,0,0,0,0.0000,0.0000,67.69,0,stuck
1779865599.183,crossing_person,0,fusion_with_risk_avoidance,1,0.0000,0.0000,0.0000,6.00,0.00,6.0000,0.0000,0.0000,5.0460,0,0,0,0,0.0,0.0,0,0,0,0,0.0000,0.0000,67.79,0,stuck
1779865599.283,crossing_person,0,fusion_with_risk_avoidance,1,0.0000,0.0000,0.0000,6.00,0.00,6.0000,0.0000,0.0000,5.0312,0,0,0,0,0.0,0.0,0,0,0,0,0.0000,0.0000,67.89,0,stuck
1779865599.383,crossing_person,0,fusion_with_risk_avoidance,1,0.0000,0.0000,0.0000,6.00,0.00,6.0000,0.0000,0.0000,5.0193,0,0,0,0,0.0,0.0,0,0,0,0,0.0000,0.0000,67.99,0,stuck
1779865599.483,crossing_person,0,fusion_with_risk_avoidance,1,0.0000,0.0000,0.0000,6.00,0.00,6.0000,0.0000,0.0000,5.0102,0,0,0,0,0.0,0.0,0,0,0,0,0.0000,0.0000,68.09,0,stuck
1779865599.583,crossing_person,0,fusion_with_risk_avoidance,1,0.0000,0.0000,0.0000,6.00,0.00,6.0000,0.0000,0.0000,5.0040,0,0,0,0,0.0,0.0,0,0,0,0,0.0000,0.0000,68.19,0,stuck
1779865599.683,crossing_person,0,fusion_with_risk_avoidance,1,0.0000,0.0000,0.0000,6.00,0.00,6.0000,0.0000,0.0000,5.0006,0,0,0,0,0.0,0.0,0,0,0,0,0.0000,0.0000,68.29,0,stuck
1779865599.783,crossing_person,0,fusion_with_risk_avoidance,1,0.0000,0.0000,0.0000,6.00,0.00,6.0000,0.0000,0.0000,5.0002,0,0,0,0,0.0,0.0,0,0,0,0,0.0000,0.0000,68.39,0,stuck
1779865599.883,crossing_person,0,fusion_with_risk_avoidance,1,0.0000,0.0000,0.0000,6.00,0.00,6.0000,0.0000,0.0000,5.0026,0,0,0,0,0.0,0.0,0,0,0,0,0.0000,0.0000,68.49,0,stuck
1779865599.983,crossing_person,0,fusion_with_risk_avoidance,1,0.0000,0.0000,0.0000,6.00,0.00,6.0000,0.0000,0.0000,5.0079,0,0,0,0,0.0,0.0,0,0,0,0,0.0000,0.0000,68.59,0,stuck
1779865600.083,crossing_person,0,fusion_with_risk_avoidance,1,0.0000,0.0000,0.0000,6.00,0.00,6.0000,0.0000,0.0000,5.0160,0,0,0,0,0.0,0.0,0,0,0,0,0.0000,0.0000,68.69,0,stuck
1779865600.183,crossing_person,0,fusion_with_risk_avoidance,1,0.0000,0.0000,0.0000,6.00,0.00,6.0000,0.0000,0.0000,5.0270,0,0,0,0,0.0,0.0,0,0,0,0,0.0000,0.0000,68.79,0,stuck
1779865600.283,crossing_person,0,fusion_with_risk_avoidance,1,0.0000,0.0000,0.0000,6.00,0.00,6.0000,0.0000,0.0000,5.0408,0,0,0,0,0.0,0.0,0,0,0,0,0.0000,0.0000,68.89,0,stuck
1779865600.383,crossing_person,0,fusion_with_risk_avoidance,1,0.0000,0.0000,0.0000,6.00,0.00,6.0000,0.0000,0.0000,5.0575,0,0,0,0,0.0,0.0,0,0,0,0,0.0000,0.0000,68.99,0,stuck
1779865600.483,crossing_person,0,fusion_with_risk_avoidance,1,0.0000,0.0000,0.0000,6.00,0.00,6.0000,0.0000,0.0000,5.0769,0,0,0,0,0.0,0.0,0,0,0,0,0.0000,0.0000,69.09,0,stuck
1779865600.585,crossing_person,0,fusion_with_risk_avoidance,1,0.0000,0.0000,0.0000,6.00,0.00,6.0000,0.0000,0.0000,5.0991,0,0,0,0,0.0,0.0,0,0,0,0,0.0000,0.0000,69.20,0,stuck
1779865600.683,crossing_person,0,fusion_with_risk_avoidance,1,0.0000,0.0000,0.0000,6.00,0.00,6.0000,0.0000,0.0000,5.1241,0,0,0,0,0.0,0.0,0,0,0,0,0.0000,0.0000,69.29,0,stuck
1779865600.783,crossing_person,0,fusion_with_risk_avoidance,1,0.0000,0.0000,0.0000,6.00,0.00,6.0000,0.0000,0.0000,5.1515,0,0,0,0,0.0,0.0,0,0,0,0,0.0000,0.0000,69.39,0,stuck
1779865600.883,crossing_person,0,fusion_with_risk_avoidance,1,0.0000,0.0000,0.0000,6.00,0.00,6.0000,0.0000,0.0000,5.1817,0,0,0,0,0.0,0.0,0,0,0,0,0.0000,0.0000,69.49,0,stuck
1779865600.983,crossing_person,0,fusion_with_risk_avoidance,1,0.0000,0.0000,0.0000,6.00,0.00,6.0000,0.0000,0.0000,5.2145,0,0,0,0,0.0,0.0,0,0,0,0,0.0000,0.0000,69.59,0,stuck
1779865601.083,crossing_person,0,fusion_with_risk_avoidance,1,0.0000,0.0000,0.0000,6.00,0.00,6.0000,0.0000,0.0000,5.2499,0,0,0,0,0.0,0.0,0,0,0,0,0.0000,0.0000,69.69,0,stuck
1779865601.183,crossing_person,0,fusion_with_risk_avoidance,1,0.0000,0.0000,0.0000,6.00,0.00,6.0000,0.0000,0.0000,5.2877,0,0,0,0,0.0,0.0,0,0,0,0,0.0000,0.0000,69.79,0,stuck
1779865601.283,crossing_person,0,fusion_with_risk_avoidance,1,0.0000,0.0000,0.0000,6.00,0.00,6.0000,0.0000,0.0000,5.3279,0,0,0,0,0.0,0.0,0,0,0,0,0.0000,0.0000,69.89,0,stuck
1779865601.383,crossing_person,0,fusion_with_risk_avoidance,1,0.0000,0.0000,0.0000,6.00,0.00,6.0000,0.0000,0.0000,5.3706,0,0,0,0,0.0,0.0,0,0,0,0,0.0000,0.0000,69.99,0,stuck
1779865601.483,crossing_person,0,fusion_with_risk_avoidance,1,0.0000,0.0000,0.0000,6.00,0.00,6.0000,0.0000,0.0000,5.3558,0,0,0,0,0.0,0.0,0,0,0,0,0.0000,0.0000,70.09,0,stuck
1779865601.584,crossing_person,0,fusion_with_risk_avoidance,1,0.0000,0.0000,0.0000,6.00,0.00,6.0000,0.0000,0.0000,5.3140,0,0,0,0,0.0,0.0,0,0,0,0,0.0000,0.0000,70.19,0,stuck
1779865601.683,crossing_person,0,fusion_with_risk_avoidance,1,0.0000,0.0000,0.0000,6.00,0.00,6.0000,0.0000,0.0000,5.2746,0,0,0,0,0.0,0.0,0,0,0,0,0.0000,0.0000,70.29,0,stuck
1779865601.783,crossing_person,0,fusion_with_risk_avoidance,1,0.0000,0.0000,0.0000,6.00,0.00,6.0000,0.0000,0.0000,5.2376,0,0,0,0,0.0,0.0,0,0,0,0,0.0000,0.0000,70.39,0,stuck
1779865601.883,crossing_person,0,fusion_with_risk_avoidance,1,0.0000,0.0000,0.0000,6.00,0.00,6.0000,0.0000,0.0000,5.2032,0,0,0,0,0.0,0.0,0,0,0,0,0.0000,0.0000,70.49,0,stuck
1779865601.983,crossing_person,0,fusion_with_risk_avoidance,1,0.0000,0.0000,0.0000,6.00,0.00,6.0000,0.0000,0.0000,5.1712,0,0,0,0,0.0,0.0,0,0,0,0,0.0000,0.0000,70.59,0,stuck
1779865602.083,crossing_person,0,fusion_with_risk_avoidance,1,0.0000,0.0000,0.0000,6.00,0.00,6.0000,0.0000,0.0000,5.1419,0,0,0,0,0.0,0.0,0,0,0,0,0.0000,0.0000,70.69,0,stuck
1779865602.183,crossing_person,0,fusion_with_risk_avoidance,1,0.0000,0.0000,0.0000,6.00,0.00,6.0000,0.0000,0.0000,5.1152,0,0,0,0,0.0,0.0,0,0,0,0,0.0000,0.0000,70.79,0,stuck
1779865602.283,crossing_person,0,fusion_with_risk_avoidance,1,0.0000,0.0000,0.0000,6.00,0.00,6.0000,0.0000,0.0000,5.0913,0,0,0,0,0.0,0.0,0,0,0,0,0.0000,0.0000,70.89,0,stuck
1779865602.383,crossing_person,0,fusion_with_risk_avoidance,1,0.0000,0.0000,0.0000,6.00,0.00,6.0000,0.0000,0.0000,5.0700,0,0,0,0,0.0,0.0,0,0,0,0,0.0000,0.0000,70.99,0,stuck
1779865602.483,crossing_person,0,fusion_with_risk_avoidance,1,0.0000,0.0000,0.0000,6.00,0.00,6.0000,0.0000,0.0000,5.0515,0,0,0,0,0.0,0.0,0,0,0,0,0.0000,0.0000,71.09,0,stuck
1779865602.583,crossing_person,0,fusion_with_risk_avoidance,1,0.0000,0.0000,0.0000,6.00,0.00,6.0000,0.0000,0.0000,5.0358,0,0,0,0,0.0,0.0,0,0,0,0,0.0000,0.0000,71.19,0,stuck
1779865602.683,crossing_person,0,fusion_with_risk_avoidance,1,0.0000,0.0000,0.0000,6.00,0.00,6.0000,0.0000,0.0000,5.0230,0,0,0,0,0.0,0.0,0,0,0,0,0.0000,0.0000,71.29,0,stuck
1779865602.783,crossing_person,0,fusion_with_risk_avoidance,1,0.0000,0.0000,0.0000,6.00,0.00,6.0000,0.0000,0.0000,5.0129,0,0,0,0,0.0,0.0,0,0,0,0,0.0000,0.0000,71.39,0,stuck
1779865602.883,crossing_person,0,fusion_with_risk_avoidance,1,0.0000,0.0000,0.0000,6.00,0.00,6.0000,0.0000,0.0000,5.0057,0,0,0,0,0.0,0.0,0,0,0,0,0.0000,0.0000,71.49,0,stuck
1779865602.983,crossing_person,0,fusion_with_risk_avoidance,1,0.0000,0.0000,0.0000,6.00,0.00,6.0000,0.0000,0.0000,5.0014,0,0,0,0,0.0,0.0,0,0,0,0,0.0000,0.0000,71.59,0,stuck
1779865603.083,crossing_person,0,fusion_with_risk_avoidance,1,0.0000,0.0000,0.0000,6.00,0.00,6.0000,0.0000,0.0000,5.0000,0,0,0,0,0.0,0.0,0,0,0,0,0.0000,0.0000,71.69,0,stuck
1779865603.183,crossing_person,0,fusion_with_risk_avoidance,1,0.0000,0.0000,0.0000,6.00,0.00,6.0000,0.0000,0.0000,5.0014,0,0,0,0,0.0,0.0,0,0,0,0,0.0000,0.0000,71.79,0,stuck
1779865603.283,crossing_person,0,fusion_with_risk_avoidance,1,0.0000,0.0000,0.0000,6.00,0.00,6.0000,0.0000,0.0000,5.0058,0,0,0,0,0.0,0.0,0,0,0,0,0.0000,0.0000,71.89,0,stuck
1779865603.383,crossing_person,0,fusion_with_risk_avoidance,1,0.0000,0.0000,0.0000,6.00,0.00,6.0000,0.0000,0.0000,5.0130,0,0,0,0,0.0,0.0,0,0,0,0,0.0000,0.0000,71.99,0,stuck
1779865603.483,crossing_person,0,fusion_with_risk_avoidance,1,0.0000,0.0000,0.0000,6.00,0.00,6.0000,0.0000,0.0000,5.0230,0,0,0,0,0.0,0.0,0,0,0,0,0.0000,0.0000,72.09,0,stuck
1779865603.583,crossing_person,0,fusion_with_risk_avoidance,1,0.0000,0.0000,0.0000,6.00,0.00,6.0000,0.0000,0.0000,5.0359,0,0,0,0,0.0,0.0,0,0,0,0,0.0000,0.0000,72.19,0,stuck
1779865603.683,crossing_person,0,fusion_with_risk_avoidance,1,0.0000,0.0000,0.0000,6.00,0.00,6.0000,0.0000,0.0000,5.0516,0,0,0,0,0.0,0.0,0,0,0,0,0.0000,0.0000,72.29,0,stuck
1779865603.783,crossing_person,0,fusion_with_risk_avoidance,1,0.0000,0.0000,0.0000,6.00,0.00,6.0000,0.0000,0.0000,5.0703,0,0,0,0,0.0,0.0,0,0,0,0,0.0000,0.0000,72.39,0,stuck
1779865603.883,crossing_person,0,fusion_with_risk_avoidance,1,0.0000,0.0000,0.0000,6.00,0.00,6.0000,0.0000,0.0000,5.0914,0,0,0,0,0.0,0.0,0,0,0,0,0.0000,0.0000,72.49,0,stuck
1779865603.983,crossing_person,0,fusion_with_risk_avoidance,1,0.0000,0.0000,0.0000,6.00,0.00,6.0000,0.0000,0.0000,5.1154,0,0,0,0,0.0,0.0,0,0,0,0,0.0000,0.0000,72.59,0,stuck
1779865604.083,crossing_person,0,fusion_with_risk_avoidance,1,0.0000,0.0000,0.0000,6.00,0.00,6.0000,0.0000,0.0000,5.1421,0,0,0,0,0.0,0.0,0,0,0,0,0.0000,0.0000,72.69,0,stuck
1779865604.183,crossing_person,0,fusion_with_risk_avoidance,1,0.0000,0.0000,0.0000,6.00,0.00,6.0000,0.0000,0.0000,5.1714,0,0,0,0,0.0,0.0,0,0,0,0,0.0000,0.0000,72.79,0,stuck
1779865604.283,crossing_person,0,fusion_with_risk_avoidance,1,0.0000,0.0000,0.0000,6.00,0.00,6.0000,0.0000,0.0000,5.2033,0,0,0,0,0.0,0.0,0,0,0,0,0.0000,0.0000,72.89,0,stuck
1779865604.383,crossing_person,0,fusion_with_risk_avoidance,1,0.0000,0.0000,0.0000,6.00,0.00,6.0000,0.0000,0.0000,5.2378,0,0,0,0,0.0,0.0,0,0,0,0,0.0000,0.0000,72.99,0,stuck
1779865604.483,crossing_person,0,fusion_with_risk_avoidance,1,0.0000,0.0000,0.0000,6.00,0.00,6.0000,0.0000,0.0000,5.2748,0,0,0,0,0.0,0.0,0,0,0,0,0.0000,0.0000,73.09,0,stuck
1779865604.583,crossing_person,0,fusion_with_risk_avoidance,1,0.0000,0.0000,0.0000,6.00,0.00,6.0000,0.0000,0.0000,5.3142,0,0,0,0,0.0,0.0,0,0,0,0,0.0000,0.0000,73.19,0,stuck
1779865604.683,crossing_person,0,fusion_with_risk_avoidance,1,0.0000,0.0000,0.0000,6.00,0.00,6.0000,0.0000,0.0000,5.3561,0,0,0,0,0.0,0.0,0,0,0,0,0.0000,0.0000,73.29,0,stuck
1779865604.783,crossing_person,0,fusion_with_risk_avoidance,1,0.0000,0.0000,0.0000,6.00,0.00,6.0000,0.0000,0.0000,5.3703,0,0,0,0,0.0,0.0,0,0,0,0,0.0000,0.0000,73.39,0,stuck
1779865604.883,crossing_person,0,fusion_with_risk_avoidance,1,0.0000,0.0000,0.0000,6.00,0.00,6.0000,0.0000,0.0000,5.3276,0,0,0,0,0.0,0.0,0,0,0,0,0.0000,0.0000,73.49,0,stuck
1779865604.983,crossing_person,0,fusion_with_risk_avoidance,1,0.0000,0.0000,0.0000,6.00,0.00,6.0000,0.0000,0.0000,5.2875,0,0,0,0,0.0,0.0,0,0,0,0,0.0000,0.0000,73.59,0,stuck
1779865605.083,crossing_person,0,fusion_with_risk_avoidance,1,0.0000,0.0000,0.0000,6.00,0.00,6.0000,0.0000,0.0000,5.2497,0,0,0,0,0.0,0.0,0,0,0,0,0.0000,0.0000,73.69,0,stuck
1779865605.183,crossing_person,0,fusion_with_risk_avoidance,1,0.0000,0.0000,0.0000,6.00,0.00,6.0000,0.0000,0.0000,5.2144,0,0,0,0,0.0,0.0,0,0,0,0,0.0000,0.0000,73.79,0,stuck
1779865605.283,crossing_person,0,fusion_with_risk_avoidance,1,0.0000,0.0000,0.0000,6.00,0.00,6.0000,0.0000,0.0000,5.1816,0,0,0,0,0.0,0.0,0,0,0,0,0.0000,0.0000,73.89,0,stuck
1779865605.383,crossing_person,0,fusion_with_risk_avoidance,1,0.0000,0.0000,0.0000,6.00,0.00,6.0000,0.0000,0.0000,5.1514,0,0,0,0,0.0,0.0,0,0,0,0,0.0000,0.0000,73.99,0,stuck
1779865605.483,crossing_person,0,fusion_with_risk_avoidance,1,0.0000,0.0000,0.0000,6.00,0.00,6.0000,0.0000,0.0000,5.1238,0,0,0,0,0.0,0.0,0,0,0,0,0.0000,0.0000,74.09,0,stuck
1779865605.583,crossing_person,0,fusion_with_risk_avoidance,1,0.0000,0.0000,0.0000,6.00,0.00,6.0000,0.0000,0.0000,5.0990,0,0,0,0,0.0,0.0,0,0,0,0,0.0000,0.0000,74.19,0,stuck
1779865605.683,crossing_person,0,fusion_with_risk_avoidance,1,0.0000,0.0000,0.0000,6.00,0.00,6.0000,0.0000,0.0000,5.0768,0,0,0,0,0.0,0.0,0,0,0,0,0.0000,0.0000,74.29,0,stuck
1779865605.783,crossing_person,0,fusion_with_risk_avoidance,1,0.0000,0.0000,0.0000,6.00,0.00,6.0000,0.0000,0.0000,5.0574,0,0,0,0,0.0,0.0,0,0,0,0,0.0000,0.0000,74.39,0,stuck
1779865605.883,crossing_person,0,fusion_with_risk_avoidance,1,0.0000,0.0000,0.0000,6.00,0.00,6.0000,0.0000,0.0000,5.0408,0,0,0,0,0.0,0.0,0,0,0,0,0.0000,0.0000,74.49,0,stuck
1779865605.983,crossing_person,0,fusion_with_risk_avoidance,1,0.0000,0.0000,0.0000,6.00,0.00,6.0000,0.0000,0.0000,5.0269,0,0,0,0,0.0,0.0,0,0,0,0,0.0000,0.0000,74.59,0,stuck
1779865606.083,crossing_person,0,fusion_with_risk_avoidance,1,0.0000,0.0000,0.0000,6.00,0.00,6.0000,0.0000,0.0000,5.0160,0,0,0,0,0.0,0.0,0,0,0,0,0.0000,0.0000,74.69,0,stuck
1779865606.183,crossing_person,0,fusion_with_risk_avoidance,1,0.0000,0.0000,0.0000,6.00,0.00,6.0000,0.0000,0.0000,5.0078,0,0,0,0,0.0,0.0,0,0,0,0,0.0000,0.0000,74.79,0,stuck
1779865606.283,crossing_person,0,fusion_with_risk_avoidance,1,0.0000,0.0000,0.0000,6.00,0.00,6.0000,0.0000,0.0000,5.0025,0,0,0,0,0.0,0.0,0,0,0,0,0.0000,0.0000,74.89,0,stuck
1779865606.383,crossing_person,0,fusion_with_risk_avoidance,1,0.0000,0.0000,0.0000,6.00,0.00,6.0000,0.0000,0.0000,5.0002,0,0,0,0,0.0,0.0,0,0,0,0,0.0000,0.0000,74.99,0,stuck
1779865606.483,crossing_person,0,fusion_with_risk_avoidance,1,0.0000,0.0000,0.0000,6.00,0.00,6.0000,0.0000,0.0000,5.0006,0,0,0,0,0.0,0.0,0,0,0,0,0.0000,0.0000,75.09,0,stuck
1779865606.584,crossing_person,0,fusion_with_risk_avoidance,1,0.0000,0.0000,0.0000,6.00,0.00,6.0000,0.0000,0.0000,5.0040,0,0,0,0,0.0,0.0,0,0,0,0,0.0000,0.0000,75.19,0,stuck
1779865606.683,crossing_person,0,fusion_with_risk_avoidance,1,0.0000,0.0000,0.0000,6.00,0.00,6.0000,0.0000,0.0000,5.0103,0,0,0,0,0.0,0.0,0,0,0,0,0.0000,0.0000,75.29,0,stuck
1779865606.783,crossing_person,0,fusion_with_risk_avoidance,1,0.0000,0.0000,0.0000,6.00,0.00,6.0000,0.0000,0.0000,5.0193,0,0,0,0,0.0,0.0,0,0,0,0,0.0000,0.0000,75.39,0,stuck
1779865606.883,crossing_person,0,fusion_with_risk_avoidance,1,0.0000,0.0000,0.0000,6.00,0.00,6.0000,0.0000,0.0000,5.0313,0,0,0,0,0.0,0.0,0,0,0,0,0.0000,0.0000,75.49,0,stuck
1779865606.983,crossing_person,0,fusion_with_risk_avoidance,1,0.0000,0.0000,0.0000,6.00,0.00,6.0000,0.0000,0.0000,5.0461,0,0,0,0,0.0,0.0,0,0,0,0,0.0000,0.0000,75.59,0,stuck
1779865607.083,crossing_person,0,fusion_with_risk_avoidance,1,0.0000,0.0000,0.0000,6.00,0.00,6.0000,0.0000,0.0000,5.0636,0,0,0,0,0.0,0.0,0,0,0,0,0.0000,0.0000,75.69,0,stuck
1779865607.183,crossing_person,0,fusion_with_risk_avoidance,1,0.0000,0.0000,0.0000,6.00,0.00,6.0000,0.0000,0.0000,5.0840,0,0,0,0,0.0,0.0,0,0,0,0,0.0000,0.0000,75.79,0,stuck
1779865607.283,crossing_person,0,fusion_with_risk_avoidance,1,0.0000,0.0000,0.0000,6.00,0.00,6.0000,0.0000,0.0000,5.1071,0,0,0,0,0.0,0.0,0,0,0,0,0.0000,0.0000,75.89,0,stuck
1779865607.383,crossing_person,0,fusion_with_risk_avoidance,1,0.0000,0.0000,0.0000,6.00,0.00,6.0000,0.0000,0.0000,5.1329,0,0,0,0,0.0,0.0,0,0,0,0,0.0000,0.0000,75.99,0,stuck
1779865607.483,crossing_person,0,fusion_with_risk_avoidance,1,0.0000,0.0000,0.0000,6.00,0.00,6.0000,0.0000,0.0000,5.1614,0,0,0,0,0.0,0.0,0,0,0,0,0.0000,0.0000,76.09,0,stuck
1779865607.583,crossing_person,0,fusion_with_risk_avoidance,1,0.0000,0.0000,0.0000,6.00,0.00,6.0000,0.0000,0.0000,5.1924,0,0,0,0,0.0,0.0,0,0,0,0,0.0000,0.0000,76.19,0,stuck
1779865607.683,crossing_person,0,fusion_with_risk_avoidance,1,0.0000,0.0000,0.0000,6.00,0.00,6.0000,0.0000,0.0000,5.2260,0,0,0,0,0.0,0.0,0,0,0,0,0.0000,0.0000,76.29,0,stuck
1779865607.783,crossing_person,0,fusion_with_risk_avoidance,1,0.0000,0.0000,0.0000,6.00,0.00,6.0000,0.0000,0.0000,5.2622,0,0,0,0,0.0,0.0,0,0,0,0,0.0000,0.0000,76.39,0,stuck
1779865607.883,crossing_person,0,fusion_with_risk_avoidance,1,0.0000,0.0000,0.0000,6.00,0.00,6.0000,0.0000,0.0000,5.3008,0,0,0,0,0.0,0.0,0,0,0,0,0.0000,0.0000,76.49,0,stuck
1779865607.983,crossing_person,0,fusion_with_risk_avoidance,1,0.0000,0.0000,0.0000,6.00,0.00,6.0000,0.0000,0.0000,5.3419,0,0,0,0,0.0,0.0,0,0,0,0,0.0000,0.0000,76.59,0,stuck
1779865608.083,crossing_person,0,fusion_with_risk_avoidance,1,0.0000,0.0000,0.0000,6.00,0.00,6.0000,0.0000,0.0000,5.3851,0,0,0,0,0.0,0.0,0,0,0,0,0.0000,0.0000,76.69,0,stuck
1779865608.183,crossing_person,0,fusion_with_risk_avoidance,1,0.0000,0.0000,0.0000,6.00,0.00,6.0000,0.0000,0.0000,5.3417,0,0,0,0,0.0,0.0,0,0,0,0,0.0000,0.0000,76.79,0,stuck
1779865608.283,crossing_person,0,fusion_with_risk_avoidance,1,0.0000,0.0000,0.0000,6.00,0.00,6.0000,0.0000,0.0000,5.3006,0,0,0,0,0.0,0.0,0,0,0,0,0.0000,0.0000,76.89,0,stuck
1779865608.383,crossing_person,0,fusion_with_risk_avoidance,1,0.0000,0.0000,0.0000,6.00,0.00,6.0000,0.0000,0.0000,5.2620,0,0,0,0,0.0,0.0,0,0,0,0,0.0000,0.0000,76.99,0,stuck
1779865608.483,crossing_person,0,fusion_with_risk_avoidance,1,0.0000,0.0000,0.0000,6.00,0.00,6.0000,0.0000,0.0000,5.2258,0,0,0,0,0.0,0.0,0,0,0,0,0.0000,0.0000,77.09,0,stuck
1779865608.583,crossing_person,0,fusion_with_risk_avoidance,1,0.0000,0.0000,0.0000,6.00,0.00,6.0000,0.0000,0.0000,5.1922,0,0,0,0,0.0,0.0,0,0,0,0,0.0000,0.0000,77.19,0,stuck
1779865608.683,crossing_person,0,fusion_with_risk_avoidance,1,0.0000,0.0000,0.0000,6.00,0.00,6.0000,0.0000,0.0000,5.1612,0,0,0,0,0.0,0.0,0,0,0,0,0.0000,0.0000,77.29,0,stuck
1779865608.783,crossing_person,0,fusion_with_risk_avoidance,1,0.0000,0.0000,0.0000,6.00,0.00,6.0000,0.0000,0.0000,5.1327,0,0,0,0,0.0,0.0,0,0,0,0,0.0000,0.0000,77.39,0,stuck
1779865608.883,crossing_person,0,fusion_with_risk_avoidance,1,0.0000,0.0000,0.0000,6.00,0.00,6.0000,0.0000,0.0000,5.1070,0,0,0,0,0.0,0.0,0,0,0,0,0.0000,0.0000,77.49,0,stuck
1779865608.983,crossing_person,0,fusion_with_risk_avoidance,1,0.0000,0.0000,0.0000,6.00,0.00,6.0000,0.0000,0.0000,5.0839,0,0,0,0,0.0,0.0,0,0,0,0,0.0000,0.0000,77.59,0,stuck
1779865609.083,crossing_person,0,fusion_with_risk_avoidance,1,0.0000,0.0000,0.0000,6.00,0.00,6.0000,0.0000,0.0000,5.0636,0,0,0,0,0.0,0.0,0,0,0,0,0.0000,0.0000,77.69,0,stuck
1779865609.183,crossing_person,0,fusion_with_risk_avoidance,1,0.0000,0.0000,0.0000,6.00,0.00,6.0000,0.0000,0.0000,5.0460,0,0,0,0,0.0,0.0,0,0,0,0,0.0000,0.0000,77.79,0,stuck
1779865609.283,crossing_person,0,fusion_with_risk_avoidance,1,0.0000,0.0000,0.0000,6.00,0.00,6.0000,0.0000,0.0000,5.0312,0,0,0,0,0.0,0.0,0,0,0,0,0.0000,0.0000,77.89,0,stuck
1779865609.383,crossing_person,0,fusion_with_risk_avoidance,1,0.0000,0.0000,0.0000,6.00,0.00,6.0000,0.0000,0.0000,5.0193,0,0,0,0,0.0,0.0,0,0,0,0,0.0000,0.0000,77.99,0,stuck
1779865609.483,crossing_person,0,fusion_with_risk_avoidance,1,0.0000,0.0000,0.0000,6.00,0.00,6.0000,0.0000,0.0000,5.0102,0,0,0,0,0.0,0.0,0,0,0,0,0.0000,0.0000,78.09,0,stuck
1779865609.583,crossing_person,0,fusion_with_risk_avoidance,1,0.0000,0.0000,0.0000,6.00,0.00,6.0000,0.0000,0.0000,5.0040,0,0,0,0,0.0,0.0,0,0,0,0,0.0000,0.0000,78.19,0,stuck
1779865609.683,crossing_person,0,fusion_with_risk_avoidance,1,0.0000,0.0000,0.0000,6.00,0.00,6.0000,0.0000,0.0000,5.0006,0,0,0,0,0.0,0.0,0,0,0,0,0.0000,0.0000,78.29,0,stuck
1779865609.783,crossing_person,0,fusion_with_risk_avoidance,1,0.0000,0.0000,0.0000,6.00,0.00,6.0000,0.0000,0.0000,5.0002,0,0,0,0,0.0,0.0,0,0,0,0,0.0000,0.0000,78.39,0,stuck
1779865609.883,crossing_person,0,fusion_with_risk_avoidance,1,0.0000,0.0000,0.0000,6.00,0.00,6.0000,0.0000,0.0000,5.0026,0,0,0,0,0.0,0.0,0,0,0,0,0.0000,0.0000,78.49,0,stuck
1779865609.983,crossing_person,0,fusion_with_risk_avoidance,1,0.0000,0.0000,0.0000,6.00,0.00,6.0000,0.0000,0.0000,5.0078,0,0,0,0,0.0,0.0,0,0,0,0,0.0000,0.0000,78.59,0,stuck
1779865610.083,crossing_person,0,fusion_with_risk_avoidance,1,0.0000,0.0000,0.0000,6.00,0.00,6.0000,0.0000,0.0000,5.0160,0,0,0,0,0.0,0.0,0,0,0,0,0.0000,0.0000,78.69,0,stuck
1779865610.183,crossing_person,0,fusion_with_risk_avoidance,1,0.0000,0.0000,0.0000,6.00,0.00,6.0000,0.0000,0.0000,5.0270,0,0,0,0,0.0,0.0,0,0,0,0,0.0000,0.0000,78.79,0,stuck
1779865610.283,crossing_person,0,fusion_with_risk_avoidance,1,0.0000,0.0000,0.0000,6.00,0.00,6.0000,0.0000,0.0000,5.0408,0,0,0,0,0.0,0.0,0,0,0,0,0.0000,0.0000,78.89,0,stuck
1779865610.383,crossing_person,0,fusion_with_risk_avoidance,1,0.0000,0.0000,0.0000,6.00,0.00,6.0000,0.0000,0.0000,5.0575,0,0,0,0,0.0,0.0,0,0,0,0,0.0000,0.0000,78.99,0,stuck
1779865610.483,crossing_person,0,fusion_with_risk_avoidance,1,0.0000,0.0000,0.0000,6.00,0.00,6.0000,0.0000,0.0000,5.0769,0,0,0,0,0.0,0.0,0,0,0,0,0.0000,0.0000,79.09,0,stuck
