            0.492454  0.150313   30.3507 0.0543327  0.000198406 -0.000177554 -0.000904371  0.000839233   0.00142032 -0.000855012 -1.86175e-08  4.35032e-09 -1.81791e-08 -1.27704e-09  4.40206e-10  1.37311e-09 1 0 0 13854
            0.492454  0.150313   30.3507 0.0543327  0.000198406 -0.000177554 -0.000904371  0.000839233   0.00142032 -0.000855012 -1.86175e-08  4.35032e-09 -1.81791e-08 -1.27704e-09  4.40206e-10  1.37311e-09 1 0 0 0
             0.55917  0.185266   30.2911 0.0352546  -0.00144454 -3.42139e-05  -0.00377913 -0.0241136 0.00238119 -0.0419583 -1.58306e-05  1.88235e-05  6.22512e-06  4.43036e-08 -6.93646e-08   4.6653e-06 1 0 0 10458
             0.55917  0.185266   30.2911 0.0352546  -0.00144454 -3.42139e-05  -0.00377913 -0.0241136 0.00238119 -0.0419583 -1.58306e-05  1.88235e-05  6.22512e-06  4.43036e-08 -6.93646e-08   4.6653e-06 1 0 0 0
            0.625885  0.161196   30.3617 0.0281386 -0.00222697 0.000702759 -0.00350896 -0.0175825  0.0076611 -0.0141377 -1.07715e-05 -3.00404e-06  9.02586e-06 -2.65125e-06 -8.58573e-06 -2.03985e-05 1 0 0 11850
            0.625885  0.161196   30.3617 0.0281386 -0.00222697 0.000702759 -0.00350896 -0.0175825  0.0076611 -0.0141377 -1.07715e-05 -3.00404e-06  9.02586e-06 -2.65125e-06 -8.58573e-06 -2.03985e-05 1 0 0 0
            0.692601  0.174154   30.3964 0.0184926  -0.0022491 0.000820119 -0.00475582 -0.0094538  0.0048024 -0.0160709 -1.63457e-05 -1.66568e-05  1.37185e-05 -4.72417e-05 -9.18635e-06 -4.08709e-05 1 0 0 13704
            0.692601  0.174154   30.3964 0.0184926  -0.0022491 0.000820119 -0.00475582 -0.0094538  0.0048024 -0.0160709 -1.63457e-05 -1.66568e-05  1.37185e-05 -4.72417e-05 -9.18635e-06 -4.08709e-05 1 0 0 0
            0.759317  0.184849    30.393 0.0418567 -0.00196112 7.07051e-05 -0.00470298 -0.00308384 -0.00263304  -0.0078463 -1.62456e-05 -1.66997e-05  8.72107e-06 -7.86653e-05   3.2198e-05 -0.000136312 1 0 0 10582
            0.759317  0.184849    30.393 0.0418567 -0.00196112 7.07051e-05 -0.00470298 -0.00308384 -0.00263304  -0.0078463 -1.62456e-05 -1.66997e-05  8.72107e-06 -7.86653e-05   3.2198e-05 -0.000136312 1 0 0 0
            0.826032  0.189681   30.3826 0.0272076 -0.00213921 0.000483355 -0.00413851  -0.00242635  0.000318453 -0.000326841 -2.24009e-05 -1.32365e-05  1.45792e-05 -3.49573e-05 -9.92842e-06 -0.000232752 1 0 0 12082
            0.826032  0.189681   30.3826 0.0272076 -0.00213921 0.000483355 -0.00413851  -0.00242635  0.000318453 -0.000326841 -2.24009e-05 -1.32365e-05  1.45792e-05 -3.49573e-05 -9.92842e-06 -0.000232752 1 0 0 0
            0.892748  0.171971   30.3706 0.0323727   -0.001828 0.000157785 -0.00376378  0.00141877 -0.00211477  0.00238363 -1.62008e-05 -9.84409e-06  1.42221e-05 -5.82628e-05  1.90801e-05 -0.000307101 1 0 0 13643
            0.892748  0.171971   30.3706 0.0323727   -0.001828 0.000157785 -0.00376378  0.00141877 -0.00211477  0.00238363 -1.62008e-05 -9.84409e-06  1.42221e-05 -5.82628e-05  1.90801e-05 -0.000307101 1 0 0 0
            0.959464  0.190025   30.3021 0.0505387 -0.000366493   0.00107713  -0.00319028  0.0127905 0.00513397 0.00509119 -1.86128e-05  1.03809e-05  1.16401e-05 -0.000218782 -0.000124166 -0.000472104 1 0 0 10586
            0.959464  0.190025   30.3021 0.0505387 -0.000366493   0.00107713  -0.00319028  0.0127905 0.00513397 0.00509119 -1.86128e-05  1.03809e-05  1.16401e-05 -0.000218782 -0.000124166 -0.000472104 1 0 0 0
             1.02618  0.174601   30.3756 0.0167015 -0.00112843 0.000510455 -0.00293879 0.000871854 -0.00115458  0.00411504 -2.20527e-05 -1.15569e-05   2.2424e-05 -2.58321e-05  7.06242e-07  -0.00034222 1 0 0 11969
             1.02618  0.174601   30.3756 0.0167015 -0.00112843 0.000510455 -0.00293879 0.000871854 -0.00115458  0.00411504 -2.20527e-05 -1.15569e-05   2.2424e-05 -2.58321e-05  7.06242e-07  -0.00034222 1 0 0 0
              1.0929 0.208839  30.3812 0.057671 -0.000905066  0.000599481  -0.00330433   0.0026744  0.00038589 -0.00058932 -2.75644e-05 -1.34694e-05  1.22403e-05 -9.59262e-05  -2.3903e-05 -0.000274221 1 0 0 13721
              1.0929 0.208839  30.3812 0.057671 -0.000905066  0.000599481  -0.00330433   0.0026744  0.00038589 -0.00058932 -2.75644e-05 -1.34694e-05  1.22403e-05 -9.59262e-05  -2.3903e-05 -0.000274221 1 0 0 0
             1.22633 0.186283   30.363 0.030869  -0.00155519 -2.32217e-05  -0.00306931 -0.00361297 -0.00405167  0.00125043 -2.72804e-05 -5.07706e-06  2.25642e-05  1.77019e-05  3.77617e-05 -0.000242302 1 0 0 22621
             1.22633 0.186283   30.363 0.030869  -0.00155519 -2.32217e-05  -0.00306931 -0.00361297 -0.00405167  0.00125043 -2.72804e-05 -5.07706e-06  2.25642e-05  1.77019e-05  3.77617e-05 -0.000242302 1 0 0 0
             1.29304  0.194691   30.3462 0.0581618 -0.00129708 0.000474466 -0.00329599  0.000186387  0.000908871 -0.000634275 -2.60892e-05  4.80909e-07  1.62377e-05 -7.35221e-05 -6.62933e-05 -0.000242849 1 0 0 13549
             1.29304  0.194691   30.3462 0.0581618 -0.00129708 0.000474466 -0.00329599  0.000186387  0.000908871 -0.000634275 -2.60892e-05  4.80909e-07  1.62377e-05 -7.35221e-05 -6.62933e-05 -0.000242849 1 0 0 0
             1.35976  0.188656   30.3382 0.0395877 -0.00108624 0.000870189 -0.00343622  0.00105396  0.00247124 -0.00105154 -2.8911e-05 2.93643e-06  2.3086e-05 -0.000101339 -0.000111427 -0.000247495 1 0 0 10534
             1.35976  0.188656   30.3382 0.0395877 -0.00108624 0.000870189 -0.00343622  0.00105396  0.00247124 -0.00105154 -2.8911e-05 2.93643e-06  2.3086e-05 -0.000101339 -0.000111427 -0.000247495 1 0 0 0
             1.42647  0.167825   30.3749 0.0264304 -0.00183725 0.000190008 -0.00339603  -0.00503515  -0.00377351 -0.000232001 -2.74585e-05  -7.6836e-06   2.9363e-05  1.55119e-05 -6.10888e-06 -0.000203758 1 0 0 12186
             1.42647  0.167825   30.3749 0.0264304 -0.00183725 0.000190008 -0.00339603  -0.00503515  -0.00377351 -0.000232001 -2.74585e-05  -7.6836e-06   2.9363e-05  1.55119e-05 -6.10888e-06 -0.000203758 1 0 0 0
             1.49319  0.185187   30.3952 0.0497881 -0.00158617 9.02435e-05 -0.00368933 -9.56227e-05  -0.00297715  -0.00219282 -3.05223e-05 -1.52891e-05   2.4445e-05 -6.84935e-05 -2.63004e-05  -0.00021277 1 0 0 13536
             1.49319  0.185187   30.3952 0.0497881 -0.00158617 9.02435e-05 -0.00368933 -9.56227e-05  -0.00297715  -0.00219282 -3.05223e-05 -1.52891e-05   2.4445e-05 -6.84935e-05 -2.63004e-05  -0.00021277 1 0 0 0
              1.5599  0.188149   30.3604 0.0501528   -0.0017598 -0.000215983  -0.00412624 -0.000787234  -0.00389882  -0.00470608 -3.36092e-05 -2.86511e-06  2.61749e-05 -6.52991e-05 -1.02616e-05 -0.000166684 1 0 0 10634
              1.5599  0.188149   30.3604 0.0501528   -0.0017598 -0.000215983  -0.00412624 -0.000787234  -0.00389882  -0.00470608 -3.36092e-05 -2.86511e-06  2.61749e-05 -6.52991e-05 -1.02616e-05 -0.000166684 1 0 0 0
             1.69333  0.160668   30.3684 0.0224963  -0.00160773 -0.000190196  -0.00369109    0.0015275 -0.000630683   0.00113061 -2.99969e-05 -4.84942e-06  3.80368e-05 -3.88656e-05 -6.67148e-05 -0.000285621 1 0 0 24071
             1.69333  0.160668   30.3684 0.0224963  -0.00160773 -0.000190196  -0.00369109    0.0015275 -0.000630683   0.00113061 -2.99969e-05 -4.84942e-06  3.80368e-05 -3.88656e-05 -6.67148e-05 -0.000285621 1 0 0 0
             1.76005  0.178805   30.4037 0.0336352  -0.00154961 -0.000130998  -0.00380573   0.00197482  0.000527865 -0.000525158 -3.40914e-05 -1.28933e-05  3.68083e-05 -4.55802e-05   -8.333e-05 -0.000257439 1 0 0 12033
             1.76005  0.178805   30.4037 0.0336352  -0.00154961 -0.000130998  -0.00380573   0.00197482  0.000527865 -0.000525158 -3.40914e-05 -1.28933e-05  3.68083e-05 -4.55802e-05   -8.333e-05 -0.000257439 1 0 0 0
             1.82676  0.186183   30.3624 0.0149137 -0.000643474  0.000157905  -0.00314064 0.00874359 0.00249047  0.0053135 -3.89516e-05 -3.70348e-06  4.10043e-05 -8.15729e-05 -0.000116997 -0.000385562 1 0 0 12409
             1.82676  0.186183   30.3624 0.0149137 -0.000643474  0.000157905  -0.00314064 0.00874359 0.00249047  0.0053135 -3.89516e-05 -3.70348e-06  4.10043e-05 -8.15729e-05 -0.000116997 -0.000385562 1 0 0 0
             1.89348 0.193465  30.3752 0.045825 -0.00111381 0.000268599  -0.0029421  -0.00212867 -0.000324831   0.00325913 -3.83996e-05 -7.25275e-06  3.96716e-05  1.03604e-05 -0.000115152 -0.000321616 1 0 0 13254
             1.89348 0.193465  30.3752 0.045825 -0.00111381 0.000268599  -0.0029421  -0.00212867 -0.000324831   0.00325913 -3.83996e-05 -7.25275e-06  3.96716e-05  1.03604e-05 -0.000115152 -0.000321616 1 0 0 0
             1.96019  0.181857   30.3535 0.0230676 -0.00171376 0.000408338 -0.00382117 -0.00524718  0.00153371 -0.00673068 -3.85617e-05 -7.59972e-06  4.03832e-05  3.68683e-06 -0.000122468  -0.00025334 1 0 0 10654
             1.96019  0.181857   30.3535 0.0230676 -0.00171376 0.000408338 -0.00382117 -0.00524718  0.00153371 -0.00673068 -3.85617e-05 -7.59972e-06  4.03832e-05  3.68683e-06 -0.000122468  -0.00025334 1 0 0 0
             2.02691    0.15095    30.3291 0.00673734 -0.00141025 0.000427032 -0.00247923 0.00384149 0.00133424  0.0157644 -3.76361e-05 -6.33497e-06  4.12296e-05   1.6537e-05 -0.000117319 -0.000306729 1 0 0 12205
             2.02691    0.15095    30.3291 0.00673734 -0.00141025 0.000427032 -0.00247923 0.00384149 0.00133424  0.0157644 -3.76361e-05 -6.33497e-06  4.12296e-05   1.6537e-05 -0.000117319 -0.000306729 1 0 0 0
             2.16034  0.182676   30.3931 0.0341977  -0.00144083 -0.000158081  -0.00267452 -0.00119878 -0.00461483 -0.00194902 -3.87761e-05 -9.92803e-06  4.04723e-05 -2.19484e-06 -0.000105664 -0.000270107 1 0 0 24028
             2.16034  0.182676   30.3931 0.0341977  -0.00144083 -0.000158081  -0.00267452 -0.00119878 -0.00461483 -0.00194902 -3.87761e-05 -9.92803e-06  4.04723e-05 -2.19484e-06 -0.000105664 -0.000270107 1 0 0 0
             2.22706   0.17025   30.3671 0.0150342 -0.00114344 0.000176761  -0.0024902   0.00160628  -0.00172309 -0.000335604 -3.12513e-05  1.46095e-05  6.19031e-05 -6.00651e-06 -0.000112092 -0.000276562 1 0 0 12390
             2.22706   0.17025   30.3671 0.0150342 -0.00114344 0.000176761  -0.0024902   0.00160628  -0.00172309 -0.000335604 -3.12513e-05  1.46095e-05  6.19031e-05 -6.00651e-06 -0.000112092 -0.000276562 1 0 0 0
             2.29377  0.186226   30.3723 0.0238648    -0.001517 -5.45305e-05  -0.00388161  -0.0059848 -0.00526383  -0.0176386 -3.24692e-05  1.15326e-05  6.12661e-05 -1.84652e-05 -0.000113574 -0.000211253 1 0 0 13084
             2.29377  0.186226   30.3723 0.0238648    -0.001517 -5.45305e-05  -0.00388161  -0.0059848 -0.00526383  -0.0176386 -3.24692e-05  1.15326e-05  6.12661e-05 -1.84652e-05 -0.000113574 -0.000211253 1 0 0 0
             2.36049  0.169809   30.3402 0.0305681 -0.00131052  0.00080607 -0.00430097  -0.0010179  0.00752292 -0.00757785 -3.46198e-05  1.52118e-05  5.92724e-05 -3.50441e-05 -0.000157233 -0.000248405 1 0 0 10739
             2.36049  0.169809   30.3402 0.0305681 -0.00131052  0.00080607 -0.00430097  -0.0010179  0.00752292 -0.00757785 -3.46198e-05  1.52118e-05  5.92724e-05 -3.50441e-05 -0.000157233 -0.000248405 1 0 0 0
              2.4272   0.137559    30.3591 0.00745764 -0.00119558 0.000101299 -0.00343952 -0.000531819  -0.00120893   0.00735229 -3.28183e-05  1.47636e-05  6.07013e-05 -1.75529e-05 -0.000121704  -0.00028844 1 0 0 12310
              2.4272   0.137559    30.3591 0.00745764 -0.00119558 0.000101299 -0.00343952 -0.000531819  -0.00120893   0.00735229 -3.28183e-05  1.47636e-05  6.07013e-05 -1.75529e-05 -0.000121704  -0.00028844 1 0 0 0
             2.49392 0.190475   30.382 0.030195  -0.00120024 -7.44194e-05  -0.00336148 -0.000839355  -0.00328839   0.00742985 -4.3492e-05  8.9282e-06 5.59582e-05 -1.69178e-05 -0.000115734 -0.000288775 1 0 0 13153
             2.49392 0.190475   30.382 0.030195  -0.00120024 -7.44194e-05  -0.00336148 -0.000839355  -0.00328839   0.00742985 -4.3492e-05  8.9282e-06 5.59582e-05 -1.69178e-05 -0.000115734 -0.000288775 1 0 0 0
             2.56063  0.203544   30.3394 0.0345337 -0.00082317 5.04669e-05  -0.0028628   0.00458884 -1.18983e-05   0.00704382 -4.46812e-05  1.15589e-05  5.59779e-05 -2.60482e-05 -0.000126886 -0.000296428 1 0 0 10867
             2.56063  0.203544   30.3394 0.0345337 -0.00082317 5.04669e-05  -0.0028628   0.00458884 -1.18983e-05   0.00704382 -4.46812e-05  1.15589e-05  5.59779e-05 -2.60482e-05 -0.000126886 -0.000296428 1 0 0 0
             2.62735   0.14604   30.3505 0.0136119 -0.00137744 -0.00040825 -0.00234298 -0.00854914 -0.00716617   0.0102333 -4.20142e-05  1.15755e-05   5.6956e-05 -1.03535e-05 -0.000117818  -0.00028431 1 0 0 12301
             2.62735   0.14604   30.3505 0.0136119 -0.00137744 -0.00040825 -0.00234298 -0.00854914 -0.00716617   0.0102333 -4.20142e-05  1.15755e-05   5.6956e-05 -1.03535e-05 -0.000117818  -0.00028431 1 0 0 0
             2.69406 0.184101  30.3408 0.029761  -0.00222531 -0.000396569   -0.0035262  -0.0123246 4.52601e-05 -0.00787356 -4.36151e-05     1.23e-05  5.63984e-05 -3.38806e-05 -0.000129082   -0.0002256 1 0 0 13075
             2.69406 0.184101  30.3408 0.029761  -0.00222531 -0.000396569   -0.0035262  -0.0123246 4.52601e-05 -0.00787356 -4.36151e-05     1.23e-05  5.63984e-05 -3.38806e-05 -0.000129082   -0.0002256 1 0 0 0
             2.76078  0.193295   30.3662 0.0629761 -0.00190877 0.000675619 -0.00367546 -0.000552432    0.0124879  -0.00587062 -4.33343e-05  1.14588e-05  5.51511e-05   -6.355e-05 -0.000169114 -0.000254223 1 0 0 10731
             2.76078  0.193295   30.3662 0.0629761 -0.00190877 0.000675619 -0.00367546 -0.000552432    0.0124879  -0.00587062 -4.33343e-05  1.14588e-05  5.51511e-05   -6.355e-05 -0.000169114 -0.000254223 1 0 0 0
             2.82749  0.179559   30.3638 0.0340178 -0.00123872 3.52548e-05  -0.0034792  0.00728145  0.00585245 -0.00321245 -3.9586e-05 1.07269e-05 7.89406e-05 -8.26725e-05 -0.000146385 -0.000276579 1 0 0 12471
             2.82749  0.179559   30.3638 0.0340178 -0.00123872 3.52548e-05  -0.0034792  0.00728145  0.00585245 -0.00321245 -3.9586e-05 1.07269e-05 7.89406e-05 -8.26725e-05 -0.000146385 -0.000276579 1 0 0 0
             2.89421  0.168141   30.3888 0.0319151 -0.000752917  0.000347251  -0.00358684  0.00863746  0.00476416 -0.00244621 -3.94463e-05  9.74531e-06  7.95553e-05 -7.83065e-05 -0.000144804 -0.000279156 1 0 0 13015
             2.89421  0.168141   30.3888 0.0319151 -0.000752917  0.000347251  -0.00358684  0.00863746  0.00476416 -0.00244621 -3.94463e-05  9.74531e-06  7.95553e-05 -7.83065e-05 -0.000144804 -0.000279156 1 0 0 0
             2.96092  0.183374   30.3391 0.0121644 -0.000977591  0.000822124  -0.00376007 -0.000494663   0.00663319  -0.00193214 -4.16691e-05  1.42777e-05  8.08738e-05 -5.24875e-05 -0.000145985 -0.000264105 1 0 0 10855
             2.96092  0.183374   30.3391 0.0121644 -0.000977591  0.000822124  -0.00376007 -0.000494663   0.00663319  -0.00193214 -4.16691e-05  1.42777e-05  8.08738e-05 -5.24875e-05 -0.000145985 -0.000264105 1 0 0 0
             3.02764  0.164903   30.3483 0.0386916 -0.000538094   0.00101771  -0.00305569 0.00460325 0.00236792 0.00857998 -4.06196e-05  1.29915e-05  7.99101e-05 -5.33608e-05 -0.000145259 -0.000295886 1 0 0 12397
             3.02764  0.164903   30.3483 0.0386916 -0.000538094   0.00101771  -0.00305569 0.00460325 0.00236792 0.00857998 -4.06196e-05  1.29915e-05  7.99101e-05 -5.33608e-05 -0.000145259 -0.000295886 1 0 0 0
             3.09435  0.165697   30.3432 0.0198396 -0.000856917  0.000933403  -0.00331147 -0.00415811   0.0002248 0.000732632 -4.1586e-05 1.36283e-05 8.04349e-05 -5.02581e-05  -0.00013595 -0.000262197 1 0 0 12890
             3.09435  0.165697   30.3432 0.0198396 -0.000856917  0.000933403  -0.00331147 -0.00415811   0.0002248 0.000732632 -4.1586e-05 1.36283e-05 8.04349e-05 -5.02581e-05  -0.00013595 -0.000262197 1 0 0 0
             3.22778 0.186142  30.3945 0.030044 -0.00113513 0.000169233 -0.00347782 -0.000314954  -0.00495533 -0.000909114 -4.32076e-05  1.12776e-05  7.97632e-05 -4.94281e-05 -0.000115057 -0.000258499 1 0 0 22982
             3.22778 0.186142  30.3945 0.030044 -0.00113513 0.000169233 -0.00347782 -0.000314954  -0.00495533 -0.000909114 -4.32076e-05  1.12776e-05  7.97632e-05 -4.94281e-05 -0.000115057 -0.000258499 1 0 0 0
              3.2945  0.179963   30.3625 0.0254052 -0.00153511 9.31021e-05 -0.00355379 -0.00481626 -0.00320411 -0.00108892 -4.32523e-05  1.42237e-05   8.0726e-05 -3.89578e-05  -0.00012482 -0.000251255 1 0 0 13314
              3.2945  0.179963   30.3625 0.0254052 -0.00153511 9.31021e-05 -0.00355379 -0.00481626 -0.00320411 -0.00108892 -4.32523e-05  1.42237e-05   8.0726e-05 -3.89578e-05  -0.00012482 -0.000251255 1 0 0 0
             3.36121  0.155024   30.3574 0.0261154  -0.0011882 -0.00065523 -0.00387799  0.00389972 -0.00876109 -0.00345235 -4.2478e-05 1.32593e-05 8.06689e-05 -6.37774e-05 -0.000112035 -0.000253095 1 0 0 10755
             3.36121  0.155024   30.3574 0.0261154  -0.0011882 -0.00065523 -0.00387799  0.00389972 -0.00876109 -0.00345235 -4.2478e-05 1.32593e-05 8.06689e-05 -6.37774e-05 -0.000112035 -0.000253095 1 0 0 0
             3.42793   0.18432   30.3599 0.0300486 -0.00121615 0.000735895 -0.00374224 0.000409415   0.0109321   0.0011048 -4.27114e-05  1.31945e-05  8.14501e-05 -5.53249e-05 -0.000178306 -0.000260819 1 0 0 12429
             3.42793   0.18432   30.3599 0.0300486 -0.00121615 0.000735895 -0.00374224 0.000409415   0.0109321   0.0011048 -4.27114e-05  1.31945e-05  8.14501e-05 -5.53249e-05 -0.000178306 -0.000260819 1 0 0 0
             3.49464  0.184393   30.3572 0.0280751 -0.00117887 0.000537485 -0.00357184 0.00072703 0.00902276 0.00301716 -4.30123e-05  1.33395e-05  8.14422e-05 -5.24962e-05 -0.000171329  -0.00026795 1 0 0 12750
             3.49464  0.184393   30.3572 0.0280751 -0.00117887 0.000537485 -0.00357184 0.00072703 0.00902276 0.00301716 -4.30123e-05  1.33395e-05  8.14422e-05 -5.24962e-05 -0.000171329  -0.00026795 1 0 0 0
             3.56136  0.184259   30.3626 0.0261991 -0.00119574 0.000380893 -0.00361275 0.000467227  0.00752595  0.00259165 -4.32339e-05  1.30051e-05  8.14517e-05  -5.2333e-05 -0.000165829 -0.000265959 1 0 0 11075
             3.56136  0.184259   30.3626 0.0261991 -0.00119574 0.000380893 -0.00361275 0.000467227  0.00752595  0.00259165 -4.32339e-05  1.30051e-05  8.14517e-05  -5.2333e-05 -0.000165829 -0.000265959 1 0 0 0
             3.62807  0.158736   30.3831 0.0229559  -0.00153759 -0.000185911  -0.00311927 -0.00484602 -0.00501005  0.00690926 -4.19108e-05  1.15498e-05  8.21523e-05 -2.53677e-05 -0.000112945 -0.000269071 1 0 0 12511
             3.62807  0.158736   30.3831 0.0229559  -0.00153759 -0.000185911  -0.00311927 -0.00484602 -0.00501005  0.00690926 -4.19108e-05  1.15498e-05  8.21523e-05 -2.53677e-05 -0.000112945 -0.000269071 1 0 0 0
             3.69479  0.194555   30.3129 0.0196186 -0.00114921 0.000627343 -0.00329376  0.00367983  0.00716334 0.000350769 -4.5127e-05 1.71617e-05 8.27954e-05 -6.86959e-05 -0.000163099 -0.000262987 1 0 0 12796
             3.69479  0.194555   30.3129 0.0196186 -0.00114921 0.000627343 -0.00329376  0.00367983  0.00716334 0.000350769 -4.5127e-05 1.71617e-05 8.27954e-05 -6.86959e-05 -0.000163099 -0.000262987 1 0 0 0
             3.82822  0.172405   30.3517 0.0269054 -0.000610929   0.00111657  -0.00296984 0.00137431 0.00255713 0.00199014 -4.44941e-05  1.55493e-05  8.28025e-05 -7.03563e-05 -0.000154596 -0.000276305 1 0 0 23302
             3.82822  0.172405   30.3517 0.0269054 -0.000610929   0.00111657  -0.00296984 0.00137431 0.00255713 0.00199014 -4.44941e-05  1.55493e-05  8.28025e-05 -7.03563e-05 -0.000154596 -0.000276305 1 0 0 0
             3.89493  0.179629   30.4174 0.0201782   -0.0016628 -0.000528342  -0.00378743 -0.0142331 -0.0221811 -0.0111308 -5.10976e-05   1.7448e-05  8.00027e-05  -5.6799e-05 -0.000109371 -0.000238981 1 0 0 13037
             3.89493  0.179629   30.4174 0.0201782   -0.0016628 -0.000528342  -0.00378743 -0.0142331 -0.0221811 -0.0111308 -5.10976e-05   1.7448e-05  8.00027e-05  -5.6799e-05 -0.000109371 -0.000238981 1 0 0 0
             3.96165  0.184456   30.3521 0.0170625  -0.00230617 -0.000318996  -0.00371546  -0.0106408 -0.00523051 -0.00153437 -4.87554e-05  2.17688e-05  8.23299e-05 -5.69028e-05 -0.000153601 -0.000266537 1 0 0 10837
             3.96165  0.184456   30.3521 0.0170625  -0.00230617 -0.000318996  -0.00371546  -0.0106408 -0.00523051 -0.00153437 -4.87554e-05  2.17688e-05  8.23299e-05 -5.69028e-05 -0.000153601 -0.000266537 1 0 0 0
             4.02836  0.168862   30.3652 0.0265255  -0.00135832 -5.74026e-05  -0.00331141 0.00928245 0.00184319 0.00372389 -4.6348e-05 1.70339e-05 8.25927e-05 -0.000100907 -0.000176215 -0.000319402 1 0 0 12391
             4.02836  0.168862   30.3652 0.0265255  -0.00135832 -5.74026e-05  -0.00331141 0.00928245 0.00184319 0.00372389 -4.6348e-05 1.70339e-05 8.25927e-05 -0.000100907 -0.000176215 -0.000319402 1 0 0 0
             4.09508  0.157323   30.3613 0.0143891 -0.00143096  0.00134696 -0.00407036 -0.000468646    0.0130942  -0.00317614 -4.46479e-05  1.78418e-05  8.43383e-05 -0.000104462 -0.000233061 -0.000266949 1 0 0 12295
             4.09508  0.157323   30.3613 0.0143891 -0.00143096  0.00134696 -0.00407036 -0.000468646    0.0130942  -0.00317614 -4.46479e-05  1.78418e-05  8.43383e-05 -0.000104462 -0.000233061 -0.000266949 1 0 0 0
             4.22851 0.181495  30.3707 0.028724 -0.00081249 0.000746557 -0.00277066  0.00560432 -0.00485058   0.0101897 -4.7639e-05 1.66959e-05 8.33412e-05 -8.75276e-05 -0.000172939 -0.000319513 1 0 0 23937
             4.22851 0.181495  30.3707 0.028724 -0.00081249 0.000746557 -0.00277066  0.00560432 -0.00485058   0.0101897 -4.7639e-05 1.66959e-05 8.33412e-05 -8.75276e-05 -0.000172939 -0.000319513 1 0 0 0
             4.29523 0.177121  30.3795 0.028123 -0.00126301 0.000388732 -0.00336994 0.00197186  -0.007564 0.00540113 -4.76393e-05  1.65145e-05  8.32279e-05 -8.49848e-05 -0.000162754 -0.000297594 1 0 0 12980
             4.29523 0.177121  30.3795 0.028123 -0.00126301 0.000388732 -0.00336994 0.00197186  -0.007564 0.00540113 -4.76393e-05  1.65145e-05  8.32279e-05 -8.49848e-05 -0.000162754 -0.000297594 1 0 0 0
             4.36195   0.16668   30.3326 0.0223178 -0.000879767 -0.000143744  -0.00255585  0.00773316 -0.00620062   0.0102317 -4.82145e-05  2.08375e-05  8.38503e-05 -7.78917e-05 -0.000157674 -0.000322462 1 0 0 10950
             4.36195   0.16668   30.3326 0.0223178 -0.000879767 -0.000143744  -0.00255585  0.00773316 -0.00620062   0.0102317 -4.82145e-05  2.08375e-05  8.38503e-05 -7.78917e-05 -0.000157674 -0.000322462 1 0 0 0
             4.42866  0.182661   30.3621 0.0421512 -0.000258381  0.000948606   -0.0032055   0.0121708   0.0109879 -0.00490294 -4.65355e-05  1.90037e-05  8.44883e-05 -0.000107993 -0.000210147 -0.000278943 1 0 0 12191
             4.42866  0.182661   30.3621 0.0421512 -0.000258381  0.000948606   -0.0032055   0.0121708   0.0109879 -0.00490294 -4.65355e-05  1.90037e-05  8.44883e-05 -0.000107993 -0.000210147 -0.000278943 1 0 0 0
             4.49538  0.178429   30.3477 0.0352375 -0.00101796 0.000956441 -0.00327998 -0.00397985  0.00801719 -0.00575102 -4.74516e-05  2.61477e-05  8.65641e-05 -5.67043e-05 -0.000198357 -0.000246614 1 0 0 12970
             4.49538  0.178429   30.3477 0.0352375 -0.00101796 0.000956441 -0.00327998 -0.00397985  0.00801719 -0.00575102 -4.74516e-05  2.61477e-05  8.65641e-05 -5.67043e-05 -0.000198357 -0.000246614 1 0 0 0
             4.62881  0.171571   30.3786 0.0284269   -0.0016576 -0.000669056  -0.00275874 -0.00983371   -0.015487  0.00600495 -4.95531e-05   2.4014e-05  8.61263e-05  -5.6936e-05 -0.000131131 -0.000283959 1 0 0 23266
             4.62881  0.171571   30.3786 0.0284269   -0.0016576 -0.000669056  -0.00275874 -0.00983371   -0.015487  0.00600495 -4.95531e-05   2.4014e-05  8.61263e-05  -5.6936e-05 -0.000131131 -0.000283959 1 0 0 0
             4.69553  0.179666   30.3402 0.0332918  -0.00170934 -0.000313923  -0.00342115 -0.00728145 -0.00266891  -0.0113215 -4.61531e-05  3.37345e-05  8.84945e-05 -9.01979e-05  -0.00016834 -0.000243326 1 0 0 12997
             4.69553  0.179666   30.3402 0.0332918  -0.00170934 -0.000313923  -0.00342115 -0.00728145 -0.00266891  -0.0113215 -4.61531e-05  3.37345e-05  8.84945e-05 -9.01979e-05  -0.00016834 -0.000243326 1 0 0 0
             4.76225  0.155424   30.3263 0.0249941  -0.00165951 -0.000195132   -0.0024828 -0.00233823 -0.00149973   0.0111164 -4.18825e-05  3.06817e-05  9.13308e-05 -7.91007e-05 -0.000184046 -0.000309374 1 0 0 11061
             4.76225  0.155424   30.3263 0.0249941  -0.00165951 -0.000195132   -0.0024828 -0.00233823 -0.00149973   0.0111164 -4.18825e-05  3.06817e-05  9.13308e-05 -7.91007e-05 -0.000184046 -0.000309374 1 0 0 0
             4.89568  0.175245   30.3511 0.0317776 -0.000992157  8.10263e-05  -0.00315323 0.00632314 0.00205285 0.00252572 -4.19769e-05  2.32486e-05  9.17653e-05 -0.000112473 -0.000193872 -0.000299312 1 0 0 24159
             4.89568  0.175245   30.3511 0.0317776 -0.000992157  8.10263e-05  -0.00315323 0.00632314 0.00205285 0.00252572 -4.19769e-05  2.32486e-05  9.17653e-05 -0.000112473 -0.000193872 -0.000299312 1 0 0 0
              4.9624  0.173433   30.3458 0.0190563 -0.00168149 0.000202261 -0.00239302  -0.00946539 -0.000117323     0.010978 -4.20227e-05  2.74505e-05  9.28593e-05 -4.75405e-05  -0.00019236 -0.000294713 1 0 0 12270
              4.9624  0.173433   30.3458 0.0190563 -0.00168149 0.000202261 -0.00239302  -0.00946539 -0.000117323     0.010978 -4.20227e-05  2.74505e-05  9.28593e-05 -4.75405e-05  -0.00019236 -0.000294713 1 0 0 0
             5.02912  0.18734  30.4021 0.051667  -0.0020259 0.000216174 -0.00319447 -0.00380682  0.00094371  -0.0077737 -4.28642e-05  2.13066e-05   9.0913e-05 -9.49789e-05 -0.000197037 -0.000233414 1 0 0 11991
             5.02912  0.18734  30.4021 0.051667  -0.0020259 0.000216174 -0.00319447 -0.00380682  0.00094371  -0.0077737 -4.28642e-05  2.13066e-05   9.0913e-05 -9.49789e-05 -0.000197037 -0.000233414 1 0 0 0
             5.16255  0.161118   30.3468 0.0137811 -0.000968889  0.000373399  -0.00361394  0.00895032  0.00083284 -0.00377519 -4.36524e-05  2.39294e-05  9.34826e-05 -0.000129008 -0.000198471 -0.000277583 1 0 0 24153
             5.16255  0.161118   30.3468 0.0137811 -0.000968889  0.000373399  -0.00361394  0.00895032  0.00083284 -0.00377519 -4.36524e-05  2.39294e-05  9.34826e-05 -0.000129008 -0.000198471 -0.000277583 1 0 0 0
             5.22927  0.165079   30.3861 0.0325464 -0.00105886 0.000116104 -0.00397692 0.000971567 -0.00452811 -0.00637378 -4.46036e-05  2.45163e-05  9.21544e-05  -0.00010466 -0.000188647 -0.000261306 1 0 0 12036
             5.22927  0.165079   30.3861 0.0325464 -0.00105886 0.000116104 -0.00397692 0.000971567 -0.00452811 -0.00637378 -4.46036e-05  2.45163e-05  9.21544e-05  -0.00010466 -0.000188647 -0.000261306 1 0 0 0
             5.29598  0.193356   30.3673 0.0380736 -0.000373237 -0.000659039  -0.00374486   0.00975571  -0.00779906 -0.000716382 -5.00984e-05  2.50388e-05   9.1464e-05 -0.000104226 -0.000168189 -0.000301596 1 0 0 12925
             5.29598  0.193356   30.3673 0.0380736 -0.000373237 -0.000659039  -0.00374486   0.00975571  -0.00779906 -0.000716382 -5.00984e-05  2.50388e-05   9.1464e-05 -0.000104226 -0.000168189 -0.000301596 1 0 0 0
              5.3627  0.185237   30.3659 0.0254398   -0.0010207 -0.000438183    -0.003395  0.00217093 -0.00572173  0.00309583 -4.9283e-05  2.7795e-05 9.31543e-05 -7.26233e-05 -0.000174737 -0.000299775 1 0 0 11339
              5.3627  0.185237   30.3659 0.0254398   -0.0010207 -0.000438183    -0.003395  0.00217093 -0.00572173  0.00309583 -4.9283e-05  2.7795e-05 9.31543e-05 -7.26233e-05 -0.000174737 -0.000299775 1 0 0 0
             5.42941  0.184221   30.3718 0.0249158  -0.00122308 -0.000240737   -0.0038697 -0.000196818  -0.00363423  -0.00225719 -4.85929e-05   2.7935e-05   9.3559e-05 -7.53509e-05 -0.000181896 -0.000277504 1 0 0 11970
             5.42941  0.184221   30.3718 0.0249158  -0.00122308 -0.000240737   -0.0038697 -0.000196818  -0.00363423  -0.00225719 -4.85929e-05   2.7935e-05   9.3559e-05 -7.53509e-05 -0.000181896 -0.000277504 1 0 0 0
             5.56284  0.167731   30.3552 0.0327859 -0.000702337  0.000167939  -0.00293391  0.0079914  0.0037558 0.00656031 -4.53389e-05  2.81054e-05  9.50318e-05  -9.2341e-05  -0.00024725 -0.000351522 1 0 0 24236
             5.56284  0.167731   30.3552 0.0327859 -0.000702337  0.000167939  -0.00293391  0.0079914  0.0037558 0.00656031 -4.53389e-05  2.81054e-05  9.50318e-05  -9.2341e-05  -0.00024725 -0.000351522 1 0 0 0
             5.62956  0.180085   30.4086 0.0221181 -0.000567939 -0.000113393  -0.00320802  0.00648754 0.000306446 -0.00503594 -4.82334e-05  2.69999e-05  9.55503e-05 -8.00629e-05 -0.000210721 -0.000307398 1 0 0 11983
             5.62956  0.180085   30.4086 0.0221181 -0.000567939 -0.000113393  -0.00320802  0.00648754 0.000306446 -0.00503594 -4.82334e-05  2.69999e-05  9.55503e-05 -8.00629e-05 -0.000210721 -0.000307398 1 0 0 0
             5.69627  0.191794   30.3378 0.0305369 -0.00142258  0.00021543 -0.00352916    -0.01009  0.00582679 -0.00964302 -4.93945e-05  4.16198e-05  9.50498e-05 -2.17416e-05 -0.000226173 -0.000256962 1 0 0 12829
             5.69627  0.191794   30.3378 0.0305369 -0.00142258  0.00021543 -0.00352916    -0.01009  0.00582679 -0.00964302 -4.93945e-05  4.16198e-05  9.50498e-05 -2.17416e-05 -0.000226173 -0.000256962 1 0 0 0
             5.76299    0.132631     30.3413 -0.00594609 -0.000921122  0.000440924  -0.00256096 0.00365171 0.00741845 0.00822919 -4.71466e-05  4.15255e-05  9.69952e-05 -2.88651e-05  -0.00021357 -0.000357055 1 0 0 11516
             5.76299    0.132631     30.3413 -0.00594609 -0.000921122  0.000440924  -0.00256096 0.00365171 0.00741845 0.00822919 -4.71466e-05  4.15255e-05  9.69952e-05 -2.88651e-05  -0.00021357 -0.000357055 1 0 0 0
              5.8297  0.196858   30.3451 0.0289879 -0.00117941 0.000317361 -0.00352983 -0.0016762 0.00390995 -0.0103583 -5.2933e-05 4.13187e-05 9.38616e-05 -3.80902e-05 -0.000184981 -0.000277592 1 0 0 11895
              5.8297  0.196858   30.3451 0.0289879 -0.00117941 0.000317361 -0.00352983 -0.0016762 0.00390995 -0.0103583 -5.2933e-05 4.13187e-05 9.38616e-05 -3.80902e-05 -0.000184981 -0.000277592 1 0 0 0
             5.89641  0.175414   30.3957 0.0348379  -0.0016387 0.000396025 -0.00419682 -0.00826106  0.00198495 -0.00926046 -5.01609e-05  3.41129e-05  9.33119e-05 -2.16456e-05 -0.000172442 -0.000269916 1 0 0 12713
             5.89641  0.175414   30.3957 0.0348379  -0.0016387 0.000396025 -0.00419682 -0.00826106  0.00198495 -0.00926046 -5.01609e-05  3.41129e-05  9.33119e-05 -2.16456e-05 -0.000172442 -0.000269916 1 0 0 0
             5.96313   0.16977   30.3733 0.0214735  -0.0010008 0.000456483 -0.00355276 -0.000879832   0.00276838   -0.0019779 -5.03442e-05  3.72044e-05  9.48489e-05   -3.609e-05 -0.000176732 -0.000320939 1 0 0 11561
             5.96313   0.16977   30.3733 0.0214735  -0.0010008 0.000456483 -0.00355276 -0.000879832   0.00276838   -0.0019779 -5.03442e-05  3.72044e-05  9.48489e-05   -3.609e-05 -0.000176732 -0.000320939 1 0 0 0
             6.02984  0.188558    30.398 0.0452913  -0.00185192 -0.000180423   -0.0030358  -0.0139619 -0.00795477  0.00737667 -5.16267e-05    3.556e-05  9.33925e-05   2.4229e-05 -0.000125124 -0.000329822 1 0 0 12028
             6.02984  0.188558    30.398 0.0452913  -0.00185192 -0.000180423   -0.0030358  -0.0139619 -0.00795477  0.00737667 -5.16267e-05    3.556e-05  9.33925e-05   2.4229e-05 -0.000125124 -0.000329822 1 0 0 0
             6.09656  0.180937   30.3875 0.0341915  -0.00190562 -0.000286325  -0.00357283  -0.0146388 -0.00898504  0.00171866 -5.14292e-05  3.63043e-05  9.41345e-05  9.08674e-06 -0.000118192 -0.000293725 1 0 0 12668
             6.09656  0.180937   30.3875 0.0341915  -0.00190562 -0.000286325  -0.00357283  -0.0146388 -0.00898504  0.00171866 -5.14292e-05  3.63043e-05  9.41345e-05  9.08674e-06 -0.000118192 -0.000293725 1 0 0 0
             6.16327  0.149177   30.3252 0.0284413 -0.000839981  0.000502838  -0.00171492  0.0126569 0.00805837  0.0257545 -4.84082e-05  3.88387e-05   9.5522e-05 -4.53589e-05 -0.000203178  -0.00045929 1 0 0 11487
             6.16327  0.149177   30.3252 0.0284413 -0.000839981  0.000502838  -0.00171492  0.0126569 0.00805837  0.0257545 -4.84082e-05  3.88387e-05   9.5522e-05 -4.53589e-05 -0.000203178  -0.00045929 1 0 0 0
             6.22999  0.197481   30.3462 0.0494357 -0.000807904   0.00121762  -0.00281056  0.00849298   0.0167649 -0.00291402 -5.48069e-05  3.70074e-05  9.32388e-05  -8.1347e-05 -0.000233245 -0.000342071 1 0 0 11941
             6.22999  0.197481   30.3462 0.0494357 -0.000807904   0.00121762  -0.00281056  0.00849298   0.0167649 -0.00291402 -5.48069e-05  3.70074e-05  9.32388e-05  -8.1347e-05 -0.000233245 -0.000342071 1 0 0 0
             6.29671  0.179477   30.4153 0.0284052 -0.00178809 0.000205533 -0.00409696  -0.0120886 -0.00519767  -0.0133235 -5.49486e-05  2.86716e-05  9.50697e-05 -3.28778e-05 -0.000110685 -0.000237824 1 0 0 12690
             6.29671  0.179477   30.4153 0.0284052 -0.00178809 0.000205533 -0.00409696  -0.0120886 -0.00519767  -0.0133235 -5.49486e-05  2.86716e-05  9.50697e-05 -3.28778e-05 -0.000110685 -0.000237824 1 0 0 0
             6.36342   0.16193   30.3417 0.0145325  -0.00135129 -0.000456735  -0.00226929 -0.00232101  -0.0100127   0.0176781 -5.49736e-05    3.165e-05  9.60217e-05  -1.8513e-05 -9.45007e-05 -0.000432702 1 0 0 11665
             6.36342   0.16193   30.3417 0.0145325  -0.00135129 -0.000456735  -0.00226929 -0.00232101  -0.0100127   0.0176781 -5.49736e-05    3.165e-05  9.60217e-05  -1.8513e-05 -9.45007e-05 -0.000432702 1 0 0 0
             6.43014  0.204846   30.3416 0.0252418  -0.00135851 -9.24122e-07  -0.00330748  -0.00252337  -0.00210612 -0.000726882 -6.37702e-05  3.25704e-05  9.49872e-05 -8.01849e-05 -0.000147302 -0.000337312 1 0 0 11871
             6.43014  0.204846   30.3416 0.0252418  -0.00135851 -9.24122e-07  -0.00330748  -0.00252337  -0.00210612 -0.000726882 -6.37702e-05  3.25704e-05  9.49872e-05 -8.01849e-05 -0.000147302 -0.000337312 1 0 0 0
             6.49685   0.163645    30.3668 0.00935044 -0.00151746  0.00040718 -0.00370325 0.000763418  0.00708254  -0.0060384 -6.06208e-05  3.10497e-05  9.66214e-05 -8.18845e-05 -0.000172085 -0.000316227 1 0 0 12673
             6.49685   0.163645    30.3668 0.00935044 -0.00151746  0.00040718 -0.00370325 0.000763418  0.00708254  -0.0060384 -6.06208e-05  3.10497e-05  9.66214e-05 -8.18845e-05 -0.000172085 -0.000316227 1 0 0 0
             6.56357   0.136969    30.3634 0.00548137 -0.00153756 0.000493387 -0.00280568 -0.000831417   0.00495495    0.0117668 -5.76377e-05  3.15195e-05  9.63278e-05 -3.46485e-05 -0.000159339 -0.000393521 1 0 0 11576
             6.56357   0.136969    30.3634 0.00548137 -0.00153756 0.000493387 -0.00280568 -0.000831417   0.00495495    0.0117668 -5.76377e-05  3.15195e-05  9.63278e-05 -3.46485e-05 -0.000159339 -0.000393521 1 0 0 0
             6.63028  0.186624   30.3637 0.0407936 -0.00124652 0.000267906 -0.00330862 0.00334538 0.00194107 0.00346284 -0.000119069  3.44736e-05  3.49084e-05  -7.8243e-05 -0.000142914 -0.000366976 1 0 0 12122
             6.63028  0.186624   30.3637 0.0407936 -0.00124652 0.000267906 -0.00330862 0.00334538 0.00194107 0.00346284 -0.000119069  3.44736e-05  3.49084e-05  -7.8243e-05 -0.000142914 -0.000366976 1 0 0 0
               6.697  0.195255   30.3627 0.0388576 -0.00108268 0.000330415 -0.00325406 0.00614063  0.0029602 0.00435621 -0.000134525  3.50441e-05  3.74135e-05 -8.86175e-05  -0.00014838  -0.00037851 1 0 0 12552
               6.697  0.195255   30.3627 0.0388576 -0.00108268 0.000330415 -0.00325406 0.00614063  0.0029602 0.00435621 -0.000134525  3.50441e-05  3.74135e-05 -8.86175e-05  -0.00014838  -0.00037851 1 0 0 0
             6.76371  0.160886   30.3734 0.0367891 -0.00134293  0.00032699 -0.00263731 -0.000424025   0.00310031    0.0072884 -0.000131203  3.30268e-05  3.74243e-05 -2.08846e-05  -0.00012289 -0.000373181 1 0 0 11448
             6.76371  0.160886   30.3734 0.0367891 -0.00134293  0.00032699 -0.00263731 -0.000424025   0.00310031    0.0072884 -0.000131203  3.30268e-05  3.74243e-05 -2.08846e-05  -0.00012289 -0.000373181 1 0 0 0
             6.89714  0.173768    30.333 0.0354128 -0.00188206  0.00093494 -0.00260092 -0.0120747 0.00145427 0.00552675 -0.000132592  3.53132e-05  3.80516e-05  -6.3247e-05 -0.000140795 -0.000323464 1 0 0 23949
             6.89714  0.173768    30.333 0.0354128 -0.00188206  0.00093494 -0.00260092 -0.0120747 0.00145427 0.00552675 -0.000132592  3.53132e-05  3.80516e-05  -6.3247e-05 -0.000140795 -0.000323464 1 0 0 0
             6.96386  0.175729   30.3745 0.0339521 -0.00152877 0.000375578 -0.00290117  0.00250032 -0.00834623 -0.00346946 -0.000136211  2.36606e-05  3.66061e-05 -0.000133611 -0.000102458 -0.000317053 1 0 0 12484
             6.96386  0.175729   30.3745 0.0339521 -0.00152877 0.000375578 -0.00290117  0.00250032 -0.00834623 -0.00346946 -0.000136211  2.36606e-05  3.66061e-05 -0.000133611 -0.000102458 -0.000317053 1 0 0 0
             7.03057  0.177079   30.3854 0.0300923 -0.00133261 0.000243211 -0.00297248  0.00660069  -0.0102357 -0.00466334 -0.000143996  2.02899e-06  4.01499e-05 -0.000148314 -9.51122e-05 -0.000319907 1 0 0 12010
             7.03057  0.177079   30.3854 0.0300923 -0.00133261 0.000243211 -0.00297248  0.00660069  -0.0102357 -0.00466334 -0.000143996  2.02899e-06  4.01499e-05 -0.000148314 -9.51122e-05 -0.000319907 1 0 0 0
             7.09729  0.177206   30.3302 0.0101208  -0.00123637 -0.000328436  -0.00355493 0.000820153 -0.00787154 -0.00607976 -0.000144578  7.18456e-06   4.1764e-05 -0.000146873 -9.68234e-05 -0.000295437 1 0 0 12467
             7.09729  0.177206   30.3302 0.0101208  -0.00123637 -0.000328436  -0.00355493 0.000820153 -0.00787154 -0.00607976 -0.000144578  7.18456e-06   4.1764e-05 -0.000146873 -9.68234e-05 -0.000295437 1 0 0 0
               7.164   0.15663   30.3481 0.0130595 -0.000330743 -0.000487679  -0.00290992   0.0124807 -0.00266239  0.00520503 -0.000142579  2.94287e-06  4.19397e-05 -0.000160933 -0.000108948  -0.00037757 1 0 0 11793
               7.164   0.15663   30.3481 0.0130595 -0.000330743 -0.000487679  -0.00290992   0.0124807 -0.00266239  0.00520503 -0.000142579  2.94287e-06  4.19397e-05 -0.000160933 -0.000108948  -0.00037757 1 0 0 0
             7.23072  0.189184   30.3493 0.0212016 -0.000522309   0.00016252  -0.00349475  0.00553034   0.0083006 -0.00686079 -0.000146622   4.8867e-06  4.20333e-05 -0.000146989 -0.000156731  -0.00030992 1 0 0 11891
             7.23072  0.189184   30.3493 0.0212016 -0.000522309   0.00016252  -0.00349475  0.00553034   0.0083006 -0.00686079 -0.000146622   4.8867e-06  4.20333e-05 -0.000146989 -0.000156731  -0.00030992 1 0 0 0
             7.29743  0.165024   30.3737 0.0290536 -0.00107998 0.000824265 -0.00333825 -0.00366309   0.0118281  5.7747e-05 -0.000143101  2.55417e-06  4.09473e-05 -6.12757e-05 -0.000151924 -0.000312262 1 0 0 12496
             7.29743  0.165024   30.3737 0.0290536 -0.00107998 0.000824265 -0.00333825 -0.00366309   0.0118281  5.7747e-05 -0.000143101  2.55417e-06  4.09473e-05 -6.12757e-05 -0.000151924 -0.000312262 1 0 0 0
             7.36415  0.188531   30.3612 0.0390023 -0.000996748  0.000739303  -0.00273071 -0.000639711   0.00460827   0.00831408 -0.00014687 3.50948e-06 3.96086e-05 -5.07277e-05 -0.000108324 -0.000366243 1 0 0 11875
             7.36415  0.188531   30.3612 0.0390023 -0.000996748  0.000739303  -0.00273071 -0.000639711   0.00460827   0.00831408 -0.00014687 3.50948e-06 3.96086e-05 -5.07277e-05 -0.000108324 -0.000366243 1 0 0 0
             7.43086  0.185571   30.3851 0.0337963 -0.00178805 0.000256628 -0.00361361  -0.0143275   -0.004283 -0.00514528 -0.000150213 -1.71045e-06  4.05793e-05   -1.746e-05 -5.33888e-05 -0.000233071 1 0 0 11932
             7.43086  0.185571   30.3851 0.0337963 -0.00178805 0.000256628 -0.00361361  -0.0143275   -0.004283 -0.00514528 -0.000150213 -1.71045e-06  4.05793e-05   -1.746e-05 -5.33888e-05 -0.000233071 1 0 0 0
             7.49758  0.157681   30.3374 0.0148054  -0.00160767 -0.000158265  -0.00334204  0.00140633 -0.00110963 0.000163514 -0.000150283  1.24341e-06  4.16895e-05 -5.78694e-05 -3.00911e-05 -0.000322766 1 0 0 12468
             7.49758  0.157681   30.3374 0.0148054  -0.00160767 -0.000158265  -0.00334204  0.00140633 -0.00110963 0.000163514 -0.000150283  1.24341e-06  4.16895e-05 -5.78694e-05 -3.00911e-05 -0.000322766 1 0 0 0
             7.56429  0.185547   30.3562 0.0423019 -0.00108571 0.000774139 -0.00343621  0.00541448   0.0066439 0.000548402 -0.000151057 -1.68316e-06  4.00569e-05 -9.38172e-05 -0.000104637 -0.000329971 1 0 0 11759
             7.56429  0.185547   30.3562 0.0423019 -0.00108571 0.000774139 -0.00343621  0.00541448   0.0066439 0.000548402 -0.000151057 -1.68316e-06  4.00569e-05 -9.38172e-05 -0.000104637 -0.000329971 1 0 0 0
             7.63101  0.181155   30.3542 0.0376502 -0.00111385 0.000670406 -0.00341576  0.00503478  0.00550738 0.000795889 -0.000150847 -1.38403e-06  4.05671e-05 -9.12526e-05 -9.77484e-05 -0.000330163 1 0 0 11504
             7.63101  0.181155   30.3542 0.0376502 -0.00111385 0.000670406 -0.00341576  0.00503478  0.00550738 0.000795889 -0.000150847 -1.38403e-06  4.05671e-05 -9.12526e-05 -9.77484e-05 -0.000330163 1 0 0 0
             7.69773  0.175728   30.3646 0.0188302 -0.00155011 0.000127845   -0.003255 -0.00776869 -0.00423317  0.00416165 -0.000154576 -2.07232e-07  4.03794e-05 -5.01339e-05  -3.2571e-05 -0.000305651 1 0 0 12862
             7.69773  0.175728   30.3646 0.0188302 -0.00155011 0.000127845   -0.003255 -0.00776869 -0.00423317  0.00416165 -0.000154576 -2.07232e-07  4.03794e-05 -5.01339e-05  -3.2571e-05 -0.000305651 1 0 0 0
             7.76444  0.153659   30.3854 0.0387338  -0.00109396 -0.000384141  -0.00255721 0.000559926 -0.00947358   0.0137866 -0.000151565 -8.73113e-06  3.72159e-05 -9.13355e-05 -1.10032e-05 -0.000380061 1 0 0 11908
             7.76444  0.153659   30.3854 0.0387338  -0.00109396 -0.000384141  -0.00255721 0.000559926 -0.00947358   0.0137866 -0.000151565 -8.73113e-06  3.72159e-05 -9.13355e-05 -1.10032e-05 -0.000380061 1 0 0 0
             7.83116  0.188852   30.3415 0.0280852  -0.00153065 -2.61471e-05  -0.00366213  -0.0078903 -0.00398276 -0.00420347 -0.000183615  3.00311e-05  4.52764e-05 -0.000108096 -4.71624e-05  -0.00025983 1 0 0 11898
             7.83116  0.188852   30.3415 0.0280852  -0.00153065 -2.61471e-05  -0.00366213  -0.0078903 -0.00398276 -0.00420347 -0.000183615  3.00311e-05  4.52764e-05 -0.000108096 -4.71624e-05  -0.00025983 1 0 0 0
             7.89787  0.155695    30.344 0.0141671 -0.00165153 0.000188266 -0.00319711 -0.00131058  0.00442322   0.0027815 -0.000180446  2.98646e-05  4.80839e-05 -0.000106207 -7.87248e-05 -0.000335422 1 0 0 11679
             7.89787  0.155695    30.344 0.0141671 -0.00165153 0.000188266 -0.00319711 -0.00131058  0.00442322   0.0027815 -0.000180446  2.98646e-05  4.80839e-05 -0.000106207 -7.87248e-05 -0.000335422 1 0 0 0
             7.96459  0.170727   30.3553 0.0265101 -0.00122438 0.000583067 -0.00323936 0.0038157 0.0087992 0.0023243 -0.000181108  2.76451e-05  4.72578e-05 -0.000142039 -0.000111667 -0.000352349 1 0 0 12531
             7.96459  0.170727   30.3553 0.0265101 -0.00122438 0.000583067 -0.00323936 0.0038157 0.0087992 0.0023243 -0.000181108  2.76451e-05  4.72578e-05 -0.000142039 -0.000111667 -0.000352349 1 0 0 0
              8.0313   0.19861    30.415 0.0372985 -0.00126822 0.000374957 -0.00408339  0.0027333 0.00136931 -0.0113752 -0.000185458  2.48309e-05  4.59198e-05  -0.00014049 -3.89522e-05 -0.000265411 1 0 0 11910
              8.0313   0.19861    30.415 0.0372985 -0.00126822 0.000374957 -0.00408339  0.0027333 0.00136931 -0.0113752 -0.000185458  2.48309e-05  4.59198e-05  -0.00014049 -3.89522e-05 -0.000265411 1 0 0 0
             8.09802  0.171551    30.368 0.0128102 -0.00151957 2.69078e-06 -0.00354557 -0.00092469 -0.00419217  0.00198838 -0.000184959  3.30812e-05  4.90253e-05 -5.73984e-05  5.66483e-08 -0.000328788 1 0 0 12570
             8.09802  0.171551    30.368 0.0128102 -0.00151957 2.69078e-06 -0.00354557 -0.00092469 -0.00419217  0.00198838 -0.000184959  3.30812e-05  4.90253e-05 -5.73984e-05  5.66483e-08 -0.000328788 1 0 0 0
             8.16473  0.174906   30.3743 0.0222392 -0.00173303 0.000200125 -0.00349519  -0.00362977 -0.000546166   0.00180456 -0.000184129  3.06863e-05  4.46593e-05 -3.80489e-05 -1.94894e-05 -0.000320875 1 0 0 11828
             8.16473  0.174906   30.3743 0.0222392 -0.00173303 0.000200125 -0.00349519  -0.00362977 -0.000546166   0.00180456 -0.000184129  3.06863e-05  4.46593e-05 -3.80489e-05 -1.94894e-05 -0.000320875 1 0 0 0
             8.23145  0.182581   30.3138 0.0225715 -0.000614197  0.000784009  -0.00339015   0.019105  0.0096077 0.00272887 -0.000185406  4.16789e-05  4.52194e-05 -0.000155803 -8.63169e-05 -0.000399348 1 0 0 11883
             8.23145  0.182581   30.3138 0.0225715 -0.000614197  0.000784009  -0.00339015   0.019105  0.0096077 0.00272887 -0.000185406  4.16789e-05  4.52194e-05 -0.000155803 -8.63169e-05 -0.000399348 1 0 0 0
             8.29816  0.177113   30.3779 0.0185107   -0.0010458 -0.000232703  -0.00327344  -0.0012903 -0.00932314  0.00307893 -0.000184343  3.52277e-05  4.55956e-05 -4.63231e-05  2.81911e-05 -0.000325255 1 0 0 12160
             8.29816  0.177113   30.3779 0.0185107   -0.0010458 -0.000232703  -0.00327344  -0.0012903 -0.00932314  0.00307893 -0.000184343  3.52277e-05  4.55956e-05 -4.63231e-05  2.81911e-05 -0.000325255 1 0 0 0
             8.36488  0.177915   30.3839 0.0211331  -0.00115427 -0.000321776  -0.00363003 -0.00221875 -0.00769761 -0.00398733 -0.000184073  3.42571e-05   4.5766e-05 -6.32866e-05  5.67987e-06 -0.000284775 1 0 0 18285
             8.36488  0.177915   30.3839 0.0211331  -0.00115427 -0.000321776  -0.00363003 -0.00221875 -0.00769761 -0.00398733 -0.000184073  3.42571e-05   4.5766e-05 -6.32866e-05  5.67987e-06 -0.000284775 1 0 0 0
             8.43159  0.187504   30.4152 0.0664691  -0.00135351 -0.000584327  -0.00430983 7.89895e-05 -0.00395097  -0.0118174 -0.000182986  3.00599e-05  4.08818e-05 -6.60734e-05 -1.37778e-05 -0.000257651 1 0 0 5848
             8.43159  0.187504   30.4152 0.0664691  -0.00135351 -0.000584327  -0.00430983 7.89895e-05 -0.00395097  -0.0118174 -0.000182986  3.00599e-05  4.08818e-05 -6.60734e-05 -1.37778e-05 -0.000257651 1 0 0 0
              8.4983  0.182443   30.3732 0.0263095  -0.00147517 -0.000293948  -0.00350136  -0.00130814 -0.000857026  -0.00250594 -0.000185528  3.69339e-05  4.65499e-05 -2.67814e-05 -3.45795e-05 -0.000307678 1 0 0 12478
              8.4983  0.182443   30.3732 0.0263095  -0.00147517 -0.000293948  -0.00350136  -0.00130814 -0.000857026  -0.00250594 -0.000185528  3.69339e-05  4.65499e-05 -2.67814e-05 -3.45795e-05 -0.000307678 1 0 0 0
             8.56502  0.188916   30.3713 0.0352498 -0.00147101 -5.7614e-05 -0.00439379 0.00167827 0.00148433 -0.0120215 -0.000185161  3.75869e-05  4.68732e-05 -5.25899e-05 -5.91125e-05   -0.0002617 1 0 0 11726
             8.56502  0.188916   30.3713 0.0352498 -0.00147101 -5.7614e-05 -0.00439379 0.00167827 0.00148433 -0.0120215 -0.000185161  3.75869e-05  4.68732e-05 -5.25899e-05 -5.91125e-05   -0.0002617 1 0 0 0
             8.63173   0.18858   30.3196 0.0445372 -0.000451949   0.00115535  -0.00356181  0.0191417  0.0179772 0.00605345 -0.00018164 4.22144e-05 4.78411e-05 -8.13478e-05 -0.000166983 -0.000416824 1 0 0 11967
             8.63173   0.18858   30.3196 0.0445372 -0.000451949   0.00115535  -0.00356181  0.0191417  0.0179772 0.00605345 -0.00018164 4.22144e-05 4.78411e-05 -8.13478e-05 -0.000166983 -0.000416824 1 0 0 0
             8.76516    0.1728   30.3884 0.0255703 0.000421025  0.00022075  -0.0026085  0.0113705 -0.0056549 0.00497295 -0.000183378  4.02085e-05  4.83367e-05  1.77014e-05 -2.53809e-05 -0.000383754 1 0 0 24223
             8.76516    0.1728   30.3884 0.0255703 0.000421025  0.00022075  -0.0026085  0.0113705 -0.0056549 0.00497295 -0.000183378  4.02085e-05  4.83367e-05  1.77014e-05 -2.53809e-05 -0.000383754 1 0 0 0
             8.83188   0.20133   30.3233 0.0355681 -0.000321836  0.000100914  -0.00308334  -0.0172382 -0.00627257 -0.00892942 -0.000186961  5.94215e-05  4.72514e-05  6.25565e-05  -3.3687e-05 -0.000301633 1 0 0 12134
             8.83188   0.20133   30.3233 0.0355681 -0.000321836  0.000100914  -0.00308334  -0.0172382 -0.00627257 -0.00892942 -0.000186961  5.94215e-05  4.72514e-05  6.25565e-05  -3.3687e-05 -0.000301633 1 0 0 0
             8.89859  0.147286   30.3493 0.0208347 -0.00121342 0.000106655 -0.00285274    -0.023646  -0.00447702 -0.000371629 -0.000177039   5.6051e-05  5.07474e-05  9.78875e-05 -4.41228e-05 -0.000317651 1 0 0 12613
             8.89859  0.147286   30.3493 0.0208347 -0.00121342 0.000106655 -0.00285274    -0.023646  -0.00447702 -0.000371629 -0.000177039   5.6051e-05  5.07474e-05  9.78875e-05 -4.41228e-05 -0.000317651 1 0 0 0
             8.96531   0.18377   30.3622 0.0366255  -0.0011274 0.000492626 -0.00362699  -0.018931  0.0021692 -0.0136867 -0.000199472  4.57589e-05  4.00799e-05   4.9665e-05 -7.38519e-05 -0.000279383 1 0 0 11466
             8.96531   0.18377   30.3622 0.0366255  -0.0011274 0.000492626 -0.00362699  -0.018931  0.0021692 -0.0136867 -0.000199472  4.57589e-05  4.00799e-05   4.9665e-05 -7.38519e-05 -0.000279383 1 0 0 0
             9.03202  0.171923   30.3996 0.0319837 -0.00275463 2.88234e-05 -0.00447983  -0.0232235 -0.00430576  -0.0134027 -0.000199572  4.22994e-05   4.0632e-05  8.10982e-05   -3.212e-05 -0.000267592 1 0 0 11834
             9.03202  0.171923   30.3996 0.0319837 -0.00275463 2.88234e-05 -0.00447983  -0.0232235 -0.00430576  -0.0134027 -0.000199572  4.22994e-05   4.0632e-05  8.10982e-05   -3.212e-05 -0.000267592 1 0 0 0
             9.16545  0.194484   30.3479 0.0251951  -0.0017164 0.000247697 -0.00279327 0.00978561  0.0029695 0.00817364 -0.000202708     4.58e-05  4.20904e-05  1.15065e-05 -6.26158e-05   -0.0005141 1 0 0 24538
             9.16545  0.194484   30.3479 0.0251951  -0.0017164 0.000247697 -0.00279327 0.00978561  0.0029695 0.00817364 -0.000202708     4.58e-05  4.20904e-05  1.15065e-05 -6.26158e-05   -0.0005141 1 0 0 0
             9.23217  0.187277   30.3489 0.0294777 -0.00202679 0.000221223  -0.0036858  -0.00752055 -0.000628278   -0.0177868 -0.000202394  5.48761e-05  4.08086e-05  6.81529e-06 -5.29776e-05 -0.000394972 1 0 0 12097
             9.23217  0.187277   30.3489 0.0294777 -0.00202679 0.000221223  -0.0036858  -0.00752055 -0.000628278   -0.0177868 -0.000202394  5.48761e-05  4.08086e-05  6.81529e-06 -5.29776e-05 -0.000394972 1 0 0 0
              9.3656  0.165394   30.3633 0.0319788 -0.00130786 0.000233077 -0.00454696  0.00874264 0.000127884 -0.00831796 -0.000200242  4.85145e-05  4.27494e-05   -2.179e-06 -5.84389e-05 -0.000487957 1 0 0 24089
              9.3656  0.165394   30.3633 0.0319788 -0.00130786 0.000233077 -0.00454696  0.00874264 0.000127884 -0.00831796 -0.000200242  4.85145e-05  4.27494e-05   -2.179e-06 -5.84389e-05 -0.000487957 1 0 0 0
             9.43231  0.180747   30.4002 0.0361896 -0.00158827 -0.00065248 -0.00461695  -0.0014675  -0.0131039 -0.00432937 -0.00020601 4.86233e-05 4.13588e-05  8.76376e-05  1.57068e-05 -0.000483586 1 0 0 12038
             9.43231  0.180747   30.4002 0.0361896 -0.00158827 -0.00065248 -0.00461695  -0.0014675  -0.0131039 -0.00432937 -0.00020601 4.86233e-05 4.13588e-05  8.76376e-05  1.57068e-05 -0.000483586 1 0 0 0
             9.49903  0.153571   30.3505 0.0205019 -0.000929467 -0.000456674  -0.00289147   0.0103894 -0.00485482   0.0231948 -0.000201805    5.533e-05  4.52518e-05  0.000122253 -4.64155e-05 -0.000682683 1 0 0 12733
             9.49903  0.153571   30.3505 0.0205019 -0.000929467 -0.000456674  -0.00289147   0.0103894 -0.00485482   0.0231948 -0.000201805    5.533e-05  4.52518e-05  0.000122253 -4.64155e-05 -0.000682683 1 0 0 0
             9.56574  0.192862   30.3417 0.0194442 -0.000893288 -4.81348e-05  -0.00339853 0.00591236 0.00118712 0.00573646 -0.000209576  5.76783e-05  4.61297e-05  8.65379e-05 -0.000102312 -0.000555542 1 0 0 11422
             9.56574  0.192862   30.3417 0.0194442 -0.000893288 -4.81348e-05  -0.00339853 0.00591236 0.00118712 0.00573646 -0.000209576  5.76783e-05  4.61297e-05  8.65379e-05 -0.000102312 -0.000555542 1 0 0 0
             9.63246  0.183416   30.3518 0.0319668 -0.00126672 0.000292069 -0.00357939 -0.000940779   0.00503615   0.00185299  -0.0001997 5.31781e-05 4.06695e-05  0.000119586 -0.000135753 -0.000500924 1 0 0 11988
             9.63246  0.183416   30.3518 0.0319668 -0.00126672 0.000292069 -0.00357939 -0.000940779   0.00503615   0.00185299  -0.0001997 5.31781e-05 4.06695e-05  0.000119586 -0.000135753 -0.000500924 1 0 0 0
             9.69917  0.145837    30.352 0.0239014 -0.000984623  -7.3074e-05   -0.0024306 -0.000722261  -0.00329593    0.0152199 -0.000195121  5.41519e-05  4.15523e-05  0.000121568 -7.71408e-05 -0.000628085 1 0 0 12447
             9.69917  0.145837    30.352 0.0239014 -0.000984623  -7.3074e-05   -0.0024306 -0.000722261  -0.00329593    0.0152199 -0.000195121  5.41519e-05  4.15523e-05  0.000121568 -7.71408e-05 -0.000628085 1 0 0 0
             9.76589  0.210103   30.3665 0.0549939  -0.00131074 -9.34935e-05  -0.00266174 -0.00674816 -0.00239748  0.00584934 -0.000200529  5.27725e-05  3.89439e-05  7.70853e-05 -9.79934e-05 -0.000511208 1 0 0 11801
             9.76589  0.210103   30.3665 0.0549939  -0.00131074 -9.34935e-05  -0.00266174 -0.00674816 -0.00239748  0.00584934 -0.000200529  5.27725e-05  3.89439e-05  7.70853e-05 -9.79934e-05 -0.000511208 1 0 0 0
              9.8326  0.207234   30.3737 0.0192775 -0.00139982  0.00027024 -0.00311362 -0.00573674  0.00294346 -0.00247788 -0.000202662  5.03645e-05  4.54122e-05   1.4535e-05 -0.000150755 -0.000453746 1 0 0 12021
              9.8326  0.207234   30.3737 0.0192775 -0.00139982  0.00027024 -0.00311362 -0.00573674  0.00294346 -0.00247788 -0.000202662  5.03645e-05  4.54122e-05   1.4535e-05 -0.000150755 -0.000453746 1 0 0 0
             9.89932   0.151176    30.3589 0.00773475  -0.00184599 -4.85596e-05  -0.00285543  -0.0115987 -0.00278087  0.00360517 -0.000193919  5.33804e-05  4.67657e-05  5.68547e-05 -0.000106157 -0.000473153 1 0 0 12602
             9.89932   0.151176    30.3589 0.00773475  -0.00184599 -4.85596e-05  -0.00285543  -0.0115987 -0.00278087  0.00360517 -0.000193919  5.33804e-05  4.67657e-05  5.68547e-05 -0.000106157 -0.000473153 1 0 0 0
             9.96603  0.181173    30.336 0.0297148  -0.0018792 0.000127134 -0.00396476 -0.000760447   0.00470709   -0.0119358 -0.00019765 5.64544e-05 4.56778e-05  -5.9664e-05 -0.000129058 -0.000406052 1 0 0 11599
             9.96603  0.181173    30.336 0.0297148  -0.0018792 0.000127134 -0.00396476 -0.000760447   0.00470709   -0.0119358 -0.00019765 5.64544e-05 4.56778e-05  -5.9664e-05 -0.000129058 -0.000406052 1 0 0 0
             10.0327   0.18311    30.378 0.0369467  -0.0020536 0.000775739 -0.00377154 -0.00141206    0.010339 -0.00397356 -0.000196312   4.9483e-05  4.55453e-05 -8.62401e-06 -0.000177429 -0.000460507 1 0 0 11848
             10.0327   0.18311    30.378 0.0369467  -0.0020536 0.000775739 -0.00377154 -0.00141206    0.010339 -0.00397356 -0.000196312   4.9483e-05  4.55453e-05 -8.62401e-06 -0.000177429 -0.000460507 1 0 0 0
             10.0995    0.1716   30.3791 0.0254615  -0.00124527 -7.44006e-05  -0.00326617  0.00986724 -0.00627638  0.00613613 -0.000199424  4.57715e-05  4.53024e-05 -5.07239e-05 -5.57897e-05 -0.000579884 1 0 0 12671
             10.0995    0.1716   30.3791 0.0254615  -0.00124527 -7.44006e-05  -0.00326617  0.00986724 -0.00627638  0.00613613 -0.000199424  4.57715e-05  4.53024e-05 -5.07239e-05 -5.57897e-05 -0.000579884 1 0 0 0
             10.1662  0.174749   30.3846 0.0308919 -0.00124814 0.000116316 -0.00337221  0.00698503 -0.00307033  0.00330126 -0.000199707  4.46756e-05  4.43725e-05 -4.62426e-05 -9.29174e-05 -0.000544009 1 0 0 11676
             10.1662  0.174749   30.3846 0.0308919 -0.00124814 0.000116316 -0.00337221  0.00698503 -0.00307033  0.00330126 -0.000199707  4.46756e-05  4.43725e-05 -4.62426e-05 -9.29174e-05 -0.000544009 1 0 0 0
             10.2329   0.187038    30.3432 0.00781261  -0.00135039 -0.000566941  -0.00337844 -0.00124866 -0.00992555  0.00289892 -0.000203687  5.10736e-05  4.74897e-05 -1.53984e-05 -5.08725e-05 -0.000481162 1 0 0 12005
             10.2329   0.187038    30.3432 0.00781261  -0.00135039 -0.000566941  -0.00337844 -0.00124866 -0.00992555  0.00289892 -0.000203687  5.10736e-05  4.74897e-05 -1.53984e-05 -5.08725e-05 -0.000481162 1 0 0 0
             10.2996  0.173702   30.3525 0.0445102 -0.000775864  0.000510543  -0.00251163  0.0060841 0.00556265  0.0122771 -0.00019301 4.51562e-05 4.78946e-05 -5.55092e-05 -0.000223826 -0.000590558 1 0 0 12495
             10.2996  0.173702   30.3525 0.0445102 -0.000775864  0.000510543  -0.00251163  0.0060841 0.00556265  0.0122771 -0.00019301 4.51562e-05 4.78946e-05 -5.55092e-05 -0.000223826 -0.000590558 1 0 0 0
             10.3663   0.188462    30.3389 0.00914817 -0.000877724  0.000801627  -0.00367697  0.00077625  0.00630362 -0.00874736 -0.000199011  4.95333e-05   5.4254e-05 -0.000111718 -0.000231077 -0.000410033 1 0 0 11730
             10.3663   0.188462    30.3389 0.00914817 -0.000877724  0.000801627  -0.00367697  0.00077625  0.00630362 -0.00874736 -0.000199011  4.95333e-05   5.4254e-05 -0.000111718 -0.000231077 -0.000410033 1 0 0 0
              10.433  0.178623   30.3909 0.0278257 -0.00173001 0.000178547 -0.00382705  -0.0136839 -0.00546501 -0.00617179 -0.000196943  3.97191e-05   4.9566e-05 -7.29302e-06 -0.000134602 -0.000362713 1 0 0 11849
              10.433  0.178623   30.3909 0.0278257 -0.00173001 0.000178547 -0.00382705  -0.0136839 -0.00546501 -0.00617179 -0.000196943  3.97191e-05   4.9566e-05 -7.29302e-06 -0.000134602 -0.000362713 1 0 0 0
             10.4998  0.178345   30.3915 0.0379153  -0.0014862 0.000344481 -0.00376476 -0.00636104 -0.00177174 -0.00374746 -0.000192959  3.77596e-05  4.52728e-05 -5.28099e-05 -0.000167595 -0.000412778 1 0 0 12644
             10.4998  0.178345   30.3915 0.0379153  -0.0014862 0.000344481 -0.00376476 -0.00636104 -0.00177174 -0.00374746 -0.000192959  3.77596e-05  4.52728e-05 -5.28099e-05 -0.000167595 -0.000412778 1 0 0 0
             10.5665  0.187187   30.3619 0.0335401 -0.00148251 0.000474082 -0.00394775 -0.00143404  0.00140533 -0.00386204 -0.000194816  4.19282e-05  4.64365e-05 -9.31634e-05 -0.000193759 -0.000450144 1 0 0 11897
             10.5665  0.187187   30.3619 0.0335401 -0.00148251 0.000474082 -0.00394775 -0.00143404  0.00140533 -0.00386204 -0.000194816  4.19282e-05  4.64365e-05 -9.31634e-05 -0.000193759 -0.000450144 1 0 0 0
             10.6332  0.150521   30.3607 0.0262507  -0.00154687 -5.74706e-05  -0.00361901  0.00153417 -0.00257746  0.00131369 -0.00019334 4.35572e-05 4.70218e-05 -4.74163e-05 -0.000121293 -0.000498783 1 0 0 11721
             10.6332  0.150521   30.3607 0.0262507  -0.00154687 -5.74706e-05  -0.00361901  0.00153417 -0.00257746  0.00131369 -0.00019334 4.35572e-05 4.70218e-05 -4.74163e-05 -0.000121293 -0.000498783 1 0 0 0
             10.6999  0.192107   30.3594 0.0428105  -0.0014954   0.0011668 -0.00341672 0.00386223  0.0145942 0.00284408 -0.000197694  4.34841e-05  4.66312e-05 -3.99035e-05 -0.000249087 -0.000511942 1 0 0 12460
             10.6999  0.192107   30.3594 0.0428105  -0.0014954   0.0011668 -0.00341672 0.00386223  0.0145942 0.00284408 -0.000197694  4.34841e-05  4.66312e-05 -3.99035e-05 -0.000249087 -0.000511942 1 0 0 0
             10.7666  0.198253   30.3683 0.0422323 -0.00118299  0.00060141 -0.00372167 0.00748139 0.00102531  -0.003744 -0.000200632  4.11632e-05   4.7382e-05 -7.03669e-05 -0.000137607 -0.000485499 1 0 0 11962
             10.7666  0.198253   30.3683 0.0422323 -0.00118299  0.00060141 -0.00372167 0.00748139 0.00102531  -0.003744 -0.000200632  4.11632e-05   4.7382e-05 -7.03669e-05 -0.000137607 -0.000485499 1 0 0 0
             10.8333  0.176903   30.3727 0.0096145  -0.00121299 -1.35645e-05  -0.00360863  0.00508423 -0.00808943 -0.00137062 -0.000199356  3.97516e-05  6.13405e-05 -3.53337e-05 -6.03845e-05 -0.000492662 1 0 0 11721
             10.8333  0.176903   30.3727 0.0096145  -0.00121299 -1.35645e-05  -0.00360863  0.00508423 -0.00808943 -0.00137062 -0.000199356  3.97516e-05  6.13405e-05 -3.53337e-05 -6.03845e-05 -0.000492662 1 0 0 0
                10.9  0.157882   30.3905 0.0260755  -0.00131453 -0.000876388  -0.00321695 0.00121175 -0.0129323 0.00270571 -0.000196052  3.71247e-05  6.03771e-05  5.03457e-05 -2.94297e-05 -0.000517065 1 0 0 12561
                10.9  0.157882   30.3905 0.0260755  -0.00131453 -0.000876388  -0.00321695 0.00121175 -0.0129323 0.00270571 -0.000196052  3.71247e-05  6.03771e-05  5.03457e-05 -2.94297e-05 -0.000517065 1 0 0 0
             10.9668   0.159473    30.3369 0.00673161 -0.00126975 0.000309778 -0.00309134 -0.00261118   0.0050239  0.00528884 -0.000191456  4.12636e-05  6.54644e-05  1.74653e-05 -0.000237316  -0.00051282 1 0 0 18095
             10.9668   0.159473    30.3369 0.00673161 -0.00126975 0.000309778 -0.00309134 -0.00261118   0.0050239  0.00528884 -0.000191456  4.12636e-05  6.54644e-05  1.74653e-05 -0.000237316  -0.00051282 1 0 0 0
             11.0335  0.184648   30.3411 0.0231652 -0.00124277 0.000355825 -0.00317213 -0.00176474  0.00234011 0.000415333 -0.000194985  4.03749e-05  6.33669e-05 -1.67524e-05  -0.00021955 -0.000494224 1 0 0 5628
             11.0335  0.184648   30.3411 0.0231652 -0.00124277 0.000355825 -0.00317213 -0.00176474  0.00234011 0.000415333 -0.000194985  4.03749e-05  6.33669e-05 -1.67524e-05  -0.00021955 -0.000494224 1 0 0 0
             11.1002  0.164974   30.3583 0.0404498 -0.000722857  0.000920755  -0.00326015  0.00467337  0.00732601 -0.00106427 -0.000189784  3.64405e-05  6.11861e-05 -6.84021e-05 -0.000259314  -0.00051295 1 0 0 12315
             11.1002  0.164974   30.3583 0.0404498 -0.000722857  0.000920755  -0.00326015  0.00467337  0.00732601 -0.00106427 -0.000189784  3.64405e-05  6.11861e-05 -6.84021e-05 -0.000259314  -0.00051295 1 0 0 0
             11.1669   0.18576   30.3796 0.0262313 -0.00143096 0.000357374 -0.00350394 -0.00968094 -0.00506795 -0.00308555 -0.00019747 3.14077e-05 6.41278e-05  8.99201e-06 -0.000176281  -0.00043896 1 0 0 18318
             11.1669   0.18576   30.3796 0.0262313 -0.00143096 0.000357374 -0.00350394 -0.00968094 -0.00506795 -0.00308555 -0.00019747 3.14077e-05 6.41278e-05  8.99201e-06 -0.000176281  -0.00043896 1 0 0 0
             11.2336   0.194886    30.3632 0.00627711 -0.00252942 0.000721958 -0.00371506  -0.0185136 0.000654147 -0.00339128 -0.000200679  3.31956e-05  6.65208e-05  6.69745e-05 -0.000246585 -0.000390516 1 0 0 5559
             11.2336   0.194886    30.3632 0.00627711 -0.00252942 0.000721958 -0.00371506  -0.0185136 0.000654147 -0.00339128 -0.000200679  3.31956e-05  6.65208e-05  6.69745e-05 -0.000246585 -0.000390516 1 0 0 0
             11.3003  0.169788   30.3823 0.0206429 -0.00161886 0.000133071 -0.00381827 0.00666951 -0.0021055 -0.0039824 -0.000192979  2.95123e-05  6.43682e-05  -0.00010287 -0.000191384 -0.000521738 1 0 0 12437
             11.3003  0.169788   30.3823 0.0206429 -0.00161886 0.000133071 -0.00381827 0.00666951 -0.0021055 -0.0039824 -0.000192979  2.95123e-05  6.43682e-05  -0.00010287 -0.000191384 -0.000521738 1 0 0 0
             11.3671  0.164543   30.3376 0.0248546 -0.00145686 0.000592787 -0.00429327  0.00624439  0.00360236 -0.00720393 -0.000192248  3.69548e-05  6.38726e-05 -0.000102617 -0.000253184 -0.000482706 1 0 0 11846
             11.3671  0.164543   30.3376 0.0248546 -0.00145686 0.000592787 -0.00429327  0.00624439  0.00360236 -0.00720393 -0.000192248  3.69548e-05  6.38726e-05 -0.000102617 -0.000253184 -0.000482706 1 0 0 0
             11.4338  0.181184   30.3626 0.0228608  -0.00125182 -6.36457e-05  -0.00316068  0.00563792 -0.00753971   0.0112827 -0.00019553 3.32357e-05   6.546e-05  1.14908e-05 -0.000159887 -0.000645953 1 0 0 11954
             11.4338  0.181184   30.3626 0.0228608  -0.00125182 -6.36457e-05  -0.00316068  0.00563792 -0.00753971   0.0112827 -0.00019553 3.32357e-05   6.546e-05  1.14908e-05 -0.000159887 -0.000645953 1 0 0 0
             11.5005  0.180205   30.3751 0.0400044 -0.000484085   0.00036003  -0.00319363  0.0159173 0.00329337  0.0038925 -0.000193868  3.16187e-05  6.30365e-05 -8.08419e-05 -0.000245774 -0.000630715 1 0 0 12406
             11.5005  0.180205   30.3751 0.0400044 -0.000484085   0.00036003  -0.00319363  0.0159173 0.00329337  0.0038925 -0.000193868  3.16187e-05  6.30365e-05 -8.08419e-05 -0.000245774 -0.000630715 1 0 0 0
             11.5672  0.180884   30.3823 0.0236021  -0.00163968 -0.000258387  -0.00325133 -0.00963163 -0.00672294  0.00170278 -0.000196634  3.05019e-05  6.62977e-05  0.000123832 -0.000135345 -0.000479313 1 0 0 18167
             11.5672  0.180884   30.3823 0.0236021  -0.00163968 -0.000258387  -0.00325133 -0.00963163 -0.00672294  0.00170278 -0.000196634  3.05019e-05  6.62977e-05  0.000123832 -0.000135345 -0.000479313 1 0 0 0
             11.7006  0.181148   30.3303 0.0282481 -0.00137655 0.000607992  -0.0031807  0.00504005  0.00786808 0.000824017 -0.000195713  3.55316e-05  6.89175e-05 -5.11064e-06 -0.000274658 -0.000519699 1 0 0 17971
             11.7006  0.181148   30.3303 0.0282481 -0.00137655 0.000607992  -0.0031807  0.00504005  0.00786808 0.000824017 -0.000195713  3.55316e-05  6.89175e-05 -5.11064e-06 -0.000274658 -0.000519699 1 0 0 0
             11.7673  0.182222   30.3297 0.0329861 -0.00114872 0.000728702 -0.00306907 0.00693311 0.00883231 0.00171286 -0.000195312  3.51338e-05  6.84845e-05 -1.80067e-05 -0.000285196 -0.000538484 1 0 0 11968
             11.7673  0.182222   30.3297 0.0329861 -0.00114872 0.000728702 -0.00306907 0.00693311 0.00883231 0.00171286 -0.000195312  3.51338e-05  6.84845e-05 -1.80067e-05 -0.000285196 -0.000538484 1 0 0 0
             11.8341   0.17718   30.3422 0.0263083 -0.00144089 0.000413772 -0.00300717 0.00454518 0.00637099 0.00219476 -0.000195565   3.4005e-05  6.89728e-05   7.7264e-06 -0.000258354 -0.000529595 1 0 0 12099
             11.8341   0.17718   30.3422 0.0263083 -0.00144089 0.000413772 -0.00300717 0.00454518 0.00637099 0.00219476 -0.000195565   3.4005e-05  6.89728e-05   7.7264e-06 -0.000258354 -0.000529595 1 0 0 0
             11.9008  0.160955   30.4002 0.0183046  -0.00105607 -0.000402979  -0.00318529  0.00339032  -0.0113852 -0.00175242 -0.000202948   2.5151e-05  6.62163e-05 -1.85409e-05 -0.000157035 -0.000509225 1 0 0 12201
             11.9008  0.160955   30.4002 0.0183046  -0.00105607 -0.000402979  -0.00318529  0.00339032  -0.0113852 -0.00175242 -0.000202948   2.5151e-05  6.62163e-05 -1.85409e-05 -0.000157035 -0.000509225 1 0 0 0
             11.9675  0.179863   30.3655 0.0238762  -0.00101398 -8.65502e-05  -0.00330779  0.00405127 -0.00722185 -0.00342897 -0.00020294 2.96617e-05 6.68737e-05 -2.80763e-05 -0.000184223 -0.000500514 1 0 0 11994
             11.9675  0.179863   30.3655 0.0238762  -0.00101398 -8.65502e-05  -0.00330779  0.00405127 -0.00722185 -0.00342897 -0.00020294 2.96617e-05 6.68737e-05 -2.80763e-05 -0.000184223 -0.000500514 1 0 0 0
             12.0342    0.14334    30.3688 0.00356321   -0.0016068 -0.000663507  -0.00318695 -0.00559552 -0.00780465  0.00133563 -0.000200159  3.55358e-05  6.91322e-05  5.50829e-05 -0.000169453 -0.000483582 1 0 0 12003
             12.0342    0.14334    30.3688 0.00356321   -0.0016068 -0.000663507  -0.00318695 -0.00559552 -0.00780465  0.00133563 -0.000200159  3.55358e-05  6.91322e-05  5.50829e-05 -0.000169453 -0.000483582 1 0 0 0
             12.1009  0.174759   30.3895 0.0348674  -0.00156315 -0.000104076  -0.00426901 0.000863615  0.00361748  -0.0137484 -0.000198676  3.19168e-05  6.83471e-05  -2.0167e-05 -0.000255112 -0.000411228 1 0 0 12103
             12.1009  0.174759   30.3895 0.0348674  -0.00156315 -0.000104076  -0.00426901 0.000863615  0.00361748  -0.0137484 -0.000198676  3.19168e-05  6.83471e-05  -2.0167e-05 -0.000255112 -0.000411228 1 0 0 0
             12.1676  0.169044   30.3936 0.0178802 -0.00155407 0.000147412 -0.00370108   0.0014594   0.0054233 0.000663084 -0.000198906  3.18147e-05  7.20332e-05  4.17677e-05 -0.000261395  -0.00051039 1 0 0 18184
             12.1676  0.169044   30.3936 0.0178802 -0.00155407 0.000147412 -0.00370108   0.0014594   0.0054233 0.000663084 -0.000198906  3.18147e-05  7.20332e-05  4.17677e-05 -0.000261395  -0.00051039 1 0 0 0
             12.2344     0.206337      30.3227 -0.000284627 -0.00106797 0.000860252 -0.00300975  0.008238 0.0120252 0.0116621 -0.000209084  4.77689e-05  7.64582e-05   2.2317e-05 -0.000331426 -0.000620474 1 0 0 6190
             12.2344     0.206337      30.3227 -0.000284627 -0.00106797 0.000860252 -0.00300975  0.008238 0.0120252 0.0116621 -0.000209084  4.77689e-05  7.64582e-05   2.2317e-05 -0.000331426 -0.000620474 1 0 0 0
             12.3011   0.18436   30.3874 0.0380637 -0.00176539 0.000561364 -0.00354228 -0.00458898  0.00396816 4.25676e-05 -0.000196309   2.5978e-05  6.60644e-05  8.56979e-05 -0.000253911 -0.000455815 1 0 0 11951
             12.3011   0.18436   30.3874 0.0380637 -0.00176539 0.000561364 -0.00354228 -0.00458898  0.00396816 4.25676e-05 -0.000196309   2.5978e-05  6.60644e-05  8.56979e-05 -0.000253911 -0.000455815 1 0 0 0
             12.3678  0.178574   30.3331 0.0214276 -0.00159472 0.000751292 -0.00354583  2.75351e-05   0.00656439 -0.000100545  -0.0001985 4.65521e-05 7.20224e-05  4.59693e-05  -0.00027102 -0.000479348 1 0 0 12061
             12.3678  0.178574   30.3331 0.0214276 -0.00159472 0.000751292 -0.00354583  2.75351e-05   0.00656439 -0.000100545  -0.0001985 4.65521e-05 7.20224e-05  4.59693e-05  -0.00027102 -0.000479348 1 0 0 0
             12.5012  0.184543   30.3641 0.0192342 -0.00144391 0.000203917 -0.00323188  0.00197435 -0.00101371  0.00462642 -0.000212449 -1.25843e-05  7.69723e-05  5.66387e-05 -0.000184725 -0.000540139 1 0 0 24112
             12.5012  0.184543   30.3641 0.0192342 -0.00144391 0.000203917 -0.00323188  0.00197435 -0.00101371  0.00462642 -0.000212449 -1.25843e-05  7.69723e-05  5.66387e-05 -0.000184725 -0.000540139 1 0 0 0
             12.5679  0.187012   30.3856 0.0345119  -0.00152986 -0.000272531  -0.00359227 -0.000492648  -0.00534058  -0.00281925 -0.000211561 -1.53723e-05  7.68963e-05  4.01227e-05  -0.00011714 -0.000418313 1 0 0 12096
             12.5679  0.187012   30.3856 0.0345119  -0.00152986 -0.000272531  -0.00359227 -0.000492648  -0.00534058  -0.00281925 -0.000211561 -1.53723e-05  7.68963e-05  4.01227e-05  -0.00011714 -0.000418313 1 0 0 0
             12.6346  0.179981   30.3731 0.0267664  -0.00129609 -0.000282109  -0.00313749  0.00211189 -0.00540851  0.00207436  -0.00021166 -1.36837e-05  7.77587e-05  4.19645e-05 -0.000117174  -0.00051173 1 0 0 12321
             12.6346  0.179981   30.3731 0.0267664  -0.00129609 -0.000282109  -0.00313749  0.00211189 -0.00540851  0.00207436  -0.00021166 -1.36837e-05  7.77587e-05  4.19645e-05 -0.000117174  -0.00051173 1 0 0 0
             12.7014  0.198663   30.3791 0.0270071  -0.00159227 -7.19519e-05  -0.00368336 -0.00443764 -0.00146335 -0.00837062 -0.000234171  -1.6689e-05  7.65006e-05  4.22709e-05 -0.000162788 -0.000361662 1 0 0 11824
             12.7014  0.198663   30.3791 0.0270071  -0.00159227 -7.19519e-05  -0.00368336 -0.00443764 -0.00146335 -0.00837062 -0.000234171  -1.6689e-05  7.65006e-05  4.22709e-05 -0.000162788 -0.000361662 1 0 0 0
             12.7681  0.176274   30.3537 0.0466637 -0.00103778 0.000529865 -0.00327487   0.013383  0.0131874 0.00426205 -0.000222729 -5.47182e-06    6.965e-05 -2.68414e-05  -0.00029534 -0.000551586 1 0 0 17948
             12.7681  0.176274   30.3537 0.0466637 -0.00103778 0.000529865 -0.00327487   0.013383  0.0131874 0.00426205 -0.000222729 -5.47182e-06    6.965e-05 -2.68414e-05  -0.00029534 -0.000551586 1 0 0 0
             12.8348  0.159213   30.3495 0.0190554 -0.00105333 0.000407039 -0.00303087 0.00995424 0.00835187  0.0089835 -0.000220249 -1.33014e-06  9.31806e-05  2.23629e-05 -0.000246547 -0.000576644 1 0 0 6424
             12.8348  0.159213   30.3495 0.0190554 -0.00105333 0.000407039 -0.00303087 0.00995424 0.00835187  0.0089835 -0.000220249 -1.33014e-06  9.31806e-05  2.23629e-05 -0.000246547 -0.000576644 1 0 0 0
             12.9015 0.170716  30.3729 0.024657 -0.00105356 0.000158251 -0.00315072 0.00957735 0.00327648 0.00637168 -0.000229343 -2.39149e-05  8.80738e-05  1.17144e-05  -0.00019574 -0.000553364 1 0 0 11909
             12.9015 0.170716  30.3729 0.024657 -0.00105356 0.000158251 -0.00315072 0.00957735 0.00327648 0.00637168 -0.000229343 -2.39149e-05  8.80738e-05  1.17144e-05  -0.00019574 -0.000553364 1 0 0 0
             12.9682  0.183542   30.3519 0.0271886 -0.00132202 0.000103521 -0.00319219 -0.000717404  0.000952687   0.00240321 -0.000231689 -1.93658e-05  8.75257e-05  7.80147e-05 -0.000165244 -0.000466025 1 0 0 17992
             12.9682  0.183542   30.3519 0.0271886 -0.00132202 0.000103521 -0.00319219 -0.000717404  0.000952687   0.00240321 -0.000231689 -1.93658e-05  8.75257e-05  7.80147e-05 -0.000165244 -0.000466025 1 0 0 0
             13.0349   0.117901    30.3553 0.00865831   -0.0013199 -2.57581e-05   -0.0030102 -0.000756807  -0.00065975   0.00422936 -0.000212981 -2.01577e-05  9.27895e-05  8.73338e-05 -0.000137909 -0.000488223 1 0 0 6469
             13.0349   0.117901    30.3553 0.00865831   -0.0013199 -2.57581e-05   -0.0030102 -0.000756807  -0.00065975   0.00422936 -0.000212981 -2.01577e-05  9.27895e-05  8.73338e-05 -0.000137909 -0.000488223 1 0 0 0
             13.1016  0.197872   30.3355 0.0263225 -0.00116705  0.00019887  -0.0032472  0.00087323  0.00240792 0.000539682 -0.000246131  -1.0975e-05  8.51291e-05  2.54625e-05 -0.000181553 -0.000456724 1 0 0 11762
             13.1016  0.197872   30.3355 0.0263225 -0.00116705  0.00019887  -0.0032472  0.00087323  0.00240792 0.000539682 -0.000246131  -1.0975e-05  8.51291e-05  2.54625e-05 -0.000181553 -0.000456724 1 0 0 0
             13.1684  0.176923    30.363 0.0393914 -0.00105916 0.000355288  -0.0032066  0.00272218   0.0041298 0.000856576 -0.000224741 -3.19296e-05  7.68185e-05  8.31892e-06 -0.000207419 -0.000475331 1 0 0 17894
             13.1684  0.176923    30.363 0.0393914 -0.00105916 0.000355288  -0.0032066  0.00272218   0.0041298 0.000856576 -0.000224741 -3.19296e-05  7.68185e-05  8.31892e-06 -0.000207419 -0.000475331 1 0 0 0
             13.2351   0.159377     30.365 0.00278117 -0.00104501 0.000127538 -0.00326889   0.0032202 2.89895e-06 -0.00163978 -0.000224607 -3.23528e-05  8.78287e-05  2.40251e-05 -0.000136789  -0.00045024 1 0 0 6472
             13.2351   0.159377     30.365 0.00278117 -0.00104501 0.000127538 -0.00326889   0.0032202 2.89895e-06 -0.00163978 -0.000224607 -3.23528e-05  8.78287e-05  2.40251e-05 -0.000136789  -0.00045024 1 0 0 0
             13.3018   0.20424    30.387 0.0379662    -0.001235 -0.000112702  -0.00320915 0.000584808 -0.00291426 -0.00112031 -0.000237525 -4.29387e-05  7.37954e-05  0.000101599 -7.54256e-05 -0.000431904 1 0 0 11959
             13.3018   0.20424    30.387 0.0379662    -0.001235 -0.000112702  -0.00320915 0.000584808 -0.00291426 -0.00112031 -0.000237525 -4.29387e-05  7.37954e-05  0.000101599 -7.54256e-05 -0.000431904 1 0 0 0
             13.3685  0.172707   30.3521 0.0272761 -0.00134677 8.99185e-05 -0.00345176 -0.00129816 1.04567e-05 -0.00429788 -0.000218578 -1.58868e-05  8.07417e-05  9.54283e-05 -0.000129766 -0.000359735 1 0 0 17861
             13.3685  0.172707   30.3521 0.0272761 -0.00134677 8.99185e-05 -0.00345176 -0.00129816 1.04567e-05 -0.00429788 -0.000218578 -1.58868e-05  8.07417e-05  9.54283e-05 -0.000129766 -0.000359735 1 0 0 0
             13.4352   0.16778   30.3585 0.0231541 -0.00102281 0.000664705 -0.00258397 0.00419374 0.00502771 0.00535243 -0.000220747   -1.518e-05  8.15987e-05  0.000148458 -0.000259536 -0.000658952 1 0 0 6266
             13.4352   0.16778   30.3585 0.0231541 -0.00102281 0.000664705 -0.00258397 0.00419374 0.00502771 0.00535243 -0.000220747   -1.518e-05  8.15987e-05  0.000148458 -0.000259536 -0.000658952 1 0 0 0
             13.5019  0.177741   30.3529 0.0356006 -0.00139437  0.00159581 -0.00339817 -0.00348662    0.013995  -0.0080281 -0.000221602 -1.37699e-05  8.02127e-05  0.000142354 -0.000340405 -0.000472232 1 0 0 11911
             13.5019  0.177741   30.3529 0.0356006 -0.00139437  0.00159581 -0.00339817 -0.00348662    0.013995  -0.0080281 -0.000221602 -1.37699e-05  8.02127e-05  0.000142354 -0.000340405 -0.000472232 1 0 0 0
             13.5686  0.177785   30.3867 0.0265427  -0.00151024 -0.000129618  -0.00349925 -0.00602093  -0.0155238 -0.00188577 -0.000225731 -1.98308e-05  7.98369e-05  0.000144905 -9.05814e-05 -0.000501329 1 0 0 18049
             13.5686  0.177785   30.3867 0.0265427  -0.00151024 -0.000129618  -0.00349925 -0.00602093  -0.0155238 -0.00188577 -0.000225731 -1.98308e-05  7.98369e-05  0.000144905 -9.05814e-05 -0.000501329 1 0 0 0
             13.6354  0.175051    30.363 0.0228925  -0.00141858 -0.000777409  -0.00297475 0.000932384  -0.0155801  0.00637488 -0.000225973 -1.51937e-05  8.11572e-05   0.00014798 -9.52444e-05 -0.000577115 1 0 0 6406
             13.6354  0.175051    30.363 0.0228925  -0.00141858 -0.000777409  -0.00297475 0.000932384  -0.0155801  0.00637488 -0.000225973 -1.51937e-05  8.11572e-05   0.00014798 -9.52444e-05 -0.000577115 1 0 0 0
             13.7021  0.191365   30.3601 0.0133459 -0.00122137 -0.00027199  -0.0033832  0.00482488  -0.0023825 -0.00247469 -0.000229665 -1.39006e-05  8.30832e-05  0.000107851 -0.000217949 -0.000529852 1 0 0 11995
             13.7021  0.191365   30.3601 0.0133459 -0.00122137 -0.00027199  -0.0033832  0.00482488  -0.0023825 -0.00247469 -0.000229665 -1.39006e-05  8.30832e-05  0.000107851 -0.000217949 -0.000529852 1 0 0 0
             13.7688  0.172381   30.3499 0.0167637 -0.00116842 0.000200021 -0.00366316  0.00288743   0.0015106 -0.00450606 -0.000227344 -1.21944e-05  8.30809e-05  0.000116599 -0.000281681 -0.000505479 1 0 0 17600
             13.7688  0.172381   30.3499 0.0167637 -0.00116842 0.000200021 -0.00366316  0.00288743   0.0015106 -0.00450606 -0.000227344 -1.21944e-05  8.30809e-05  0.000116599 -0.000281681 -0.000505479 1 0 0 0
             13.9022  0.186317    30.382 0.0255571 -0.000964654  0.000362279  -0.00373292   0.00261078  -0.00133539 -0.000385488 -0.000228584 -1.65845e-05  8.20786e-05  0.000141294 -0.000306464 -0.000526369 1 0 0 18619
             13.9022  0.186317    30.382 0.0255571 -0.000964654  0.000362279  -0.00373292   0.00261078  -0.00133539 -0.000385488 -0.000228584 -1.65845e-05  8.20786e-05  0.000141294 -0.000306464 -0.000526369 1 0 0 0
             13.9689  0.176606   30.4016 0.0230138  -0.00114536 -8.74686e-05  -0.00382518  0.00118113 -0.00510039 -0.00428335 -0.000227966 -1.84562e-05  8.37775e-05  0.000183573 -0.000270816 -0.000510034 1 0 0 17851
             13.9689  0.176606   30.4016 0.0230138  -0.00114536 -8.74686e-05  -0.00382518  0.00118113 -0.00510039 -0.00428335 -0.000227966 -1.84562e-05  8.37775e-05  0.000183573 -0.000270816 -0.000510034 1 0 0 0
             14.0357   0.14726    30.364 0.0108554 -0.00143643 -0.00065798 -0.00311341  -0.0015607 -0.00645956  0.00675357  -0.00022498 -1.21625e-05  8.53615e-05  0.000269612 -0.000235845 -0.000571511 1 0 0 6351
             14.0357   0.14726    30.364 0.0108554 -0.00143643 -0.00065798 -0.00311341  -0.0015607 -0.00645956  0.00675357  -0.00022498 -1.21625e-05  8.53615e-05  0.000269612 -0.000235845 -0.000571511 1 0 0 0
             14.1024  0.193886   30.3189 0.0136482 -0.00153186 0.000493381 -0.00359768 -0.00202697  0.00970019 -0.00070279  -0.00023324 -3.82964e-06  8.43509e-05  0.000229503 -0.000361525 -0.000511168 1 0 0 12058
             14.1024  0.193886   30.3189 0.0136482 -0.00153186 0.000493381 -0.00359768 -0.00202697  0.00970019 -0.00070279  -0.00023324 -3.82964e-06  8.43509e-05  0.000229503 -0.000361525 -0.000511168 1 0 0 0
             14.1691  0.173461   30.3639 0.0424144  -0.0012253 0.000868297  -0.0036155   0.00351981   0.00887815 -0.000971989 -0.000225221  -1.3064e-05  7.97879e-05  0.000189241 -0.000366819 -0.000539004 1 0 0 17697
             14.1691  0.173461   30.3639 0.0424144  -0.0012253 0.000868297  -0.0036155   0.00351981   0.00887815 -0.000971989 -0.000225221  -1.3064e-05  7.97879e-05  0.000189241 -0.000366819 -0.000539004 1 0 0 0
             14.2358  0.167814   30.3793 0.0356052 -0.00121749 0.000988067 -0.00308765 0.00256071 0.00765339 0.00691432 -0.000224625 -1.63992e-05  8.21918e-05  0.000255722 -0.000335775 -0.000607492 1 0 0 6399
             14.2358  0.167814   30.3793 0.0356052 -0.00121749 0.000988067 -0.00308765 0.00256071 0.00765339 0.00691432 -0.000224625 -1.63992e-05  8.21918e-05  0.000255722 -0.000335775 -0.000607492 1 0 0 0
             14.3025  0.190958   30.4043 0.0301175    -0.00158 0.000357507 -0.00352243  -0.00506798  -0.00338346 -0.000249311 -0.000234421 -2.42968e-05  8.38418e-05  0.000277721 -0.000209534 -0.000484251 1 0 0 11669
             14.3025  0.190958   30.4043 0.0301175    -0.00158 0.000357507 -0.00352243  -0.00506798  -0.00338346 -0.000249311 -0.000234421 -2.42968e-05  8.38418e-05  0.000277721 -0.000209534 -0.000484251 1 0 0 0
             14.3692   0.19263   30.3623 0.0141361  -0.0015568 0.000243001 -0.00336727 -0.00314919 -0.00513499   0.0027263 -0.000239194  -9.2545e-06  9.02896e-05  0.000267614 -0.000208522 -0.000521651 1 0 0 12192
             14.3692   0.19263   30.3623 0.0141361  -0.0015568 0.000243001 -0.00336727 -0.00314919 -0.00513499   0.0027263 -0.000239194  -9.2545e-06  9.02896e-05  0.000267614 -0.000208522 -0.000521651 1 0 0 0
             14.4359  0.167403   30.3678 0.0263607  -0.00154117 -3.11038e-05  -0.00356213  -0.00115718  -0.00806434 -0.000777362 -0.000229755 -1.05537e-05  8.92099e-05  0.000225797 -0.000191061 -0.000483096 1 0 0 12419
             14.4359  0.167403   30.3678 0.0263607  -0.00154117 -3.11038e-05  -0.00356213  -0.00115718  -0.00806434 -0.000777362 -0.000229755 -1.05537e-05  8.92099e-05  0.000225797 -0.000191061 -0.000483096 1 0 0 0
             14.5027  0.172555   30.3481 0.0196903 -0.00124729 0.000400143 -0.00365701   0.00483393 -0.000207108  -0.00253207 -0.000234131 -1.02572e-06   9.3482e-05   0.00014301 -0.000319984 -0.000513941 1 0 0 11980
             14.5027  0.172555   30.3481 0.0196903 -0.00124729 0.000400143 -0.00365701   0.00483393 -0.000207108  -0.00253207 -0.000234131 -1.02572e-06   9.3482e-05   0.00014301 -0.000319984 -0.000513941 1 0 0 0
             14.5694  0.175972   30.3726 0.0255369 -0.00126796 0.000483919 -0.00332258 0.00390325 0.00188618 0.00230003  -0.00023561 -1.14523e-05  9.14057e-05  0.000217682 -0.000333528 -0.000583184 1 0 0 17688
             14.5694  0.175972   30.3726 0.0255369 -0.00126796 0.000483919 -0.00332258 0.00390325 0.00188618 0.00230003  -0.00023561 -1.14523e-05  9.14057e-05  0.000217682 -0.000333528 -0.000583184 1 0 0 0
             14.6361   0.19448   30.3737 0.0426682 -0.00111603 0.000441091 -0.00316185 0.00488102 0.00111641 0.00489444 -0.000242424  -1.2634e-05   8.0482e-05  0.000208617 -0.000318386 -0.000632922 1 0 0 6596
             14.6361   0.19448   30.3737 0.0426682 -0.00111603 0.000441091 -0.00316185 0.00488102 0.00111641 0.00489444 -0.000242424  -1.2634e-05   8.0482e-05  0.000208617 -0.000318386 -0.000632922 1 0 0 0
             14.7028  0.186885   30.3749 0.0359091  -0.0014837 0.000130467 -0.00359018 -0.00206768 -0.00379877 -0.00191304 -0.000239782 -1.24862e-05  8.78156e-05  0.000261354 -0.000224459 -0.000440627 1 0 0 11970
             14.7028  0.186885   30.3749 0.0359091  -0.0014837 0.000130467 -0.00359018 -0.00206768 -0.00379877 -0.00191304 -0.000239782 -1.24862e-05  8.78156e-05  0.000261354 -0.000224459 -0.000440627 1 0 0 0
             14.7695  0.172087   30.3461 0.0173121 -0.00124325 0.000214227 -0.00355579   0.00226524  -0.00268764 -0.000537733 -0.000238657  1.21523e-07  9.48782e-05  0.000181938 -0.000286789 -0.000516096 1 0 0 17705
             14.7695  0.172087   30.3461 0.0173121 -0.00124325 0.000214227 -0.00355579   0.00226524  -0.00268764 -0.000537733 -0.000238657  1.21523e-07  9.48782e-05  0.000181938 -0.000286789 -0.000516096 1 0 0 0
             14.8362  0.170182   30.3542 0.0547577 -0.000928969  0.000462094  -0.00312451  0.00675725 0.000452337  0.00613559 -0.000228588 -2.41903e-06   7.9393e-05  0.000158995  -0.00038703 -0.000709741 1 0 0 6506
             14.8362  0.170182   30.3542 0.0547577 -0.000928969  0.000462094  -0.00312451  0.00675725 0.000452337  0.00613559 -0.000228588 -2.41903e-06   7.9393e-05  0.000158995  -0.00038703 -0.000709741 1 0 0 0
             14.9029  0.179681   30.3639 0.0316554 -0.00119507 0.000525246  -0.0035858  0.00182898  0.00135249 -0.00267245 -0.00024004  -7.592e-06 9.12363e-05  0.000187543 -0.000397223 -0.000467277 1 0 0 11979
             14.9029  0.179681   30.3639 0.0316554 -0.00119507 0.000525246  -0.0035858  0.00182898  0.00135249 -0.00267245 -0.00024004  -7.592e-06 9.12363e-05  0.000187543 -0.000397223 -0.000467277 1 0 0 0
             14.9697  0.170303   30.3852 0.0328758 -0.00126078 3.41825e-05  -0.0034405  0.000132491  -0.00509566 -0.000191763 -0.000230849 -2.77492e-05   9.0142e-05  0.000257916 -0.000227726 -0.000500821 1 0 0 17712
             14.9697  0.170303   30.3852 0.0328758 -0.00126078 3.41825e-05  -0.0034405  0.000132491  -0.00509566 -0.000191763 -0.000230849 -2.77492e-05   9.0142e-05  0.000257916 -0.000227726 -0.000500821 1 0 0 0
             15.0364  0.150594   30.3862 0.0164004 -0.00125422  8.3377e-05 -0.00328989 -0.000238946  -0.00412253   0.00244694 -0.000216514 -2.95412e-05  0.000109528  0.000281669 -0.000255908 -0.000554158 1 0 0 6584
             15.0364  0.150594   30.3862 0.0164004 -0.00125422  8.3377e-05 -0.00328989 -0.000238946  -0.00412253   0.00244694 -0.000216514 -2.95412e-05  0.000109528  0.000281669 -0.000255908 -0.000554158 1 0 0 0
             15.1031  0.196315    30.325 0.0320655 -0.00135472 0.000558884 -0.00373358  0.00112014  0.00171584 -0.00446719 -0.000222876 -2.00537e-05  0.000107864  0.000231286  -0.00047793 -0.000388906 1 0 0 11919
             15.1031  0.196315    30.325 0.0320655 -0.00135472 0.000558884 -0.00373358  0.00112014  0.00171584 -0.00446719 -0.000222876 -2.00537e-05  0.000107864  0.000231286  -0.00047793 -0.000388906 1 0 0 0
             15.1698  0.154385    30.353 0.0209018 -0.000521824  0.000982579  -0.00383158   0.0133914  0.00798954 -0.00508098 -0.000219114   -2.584e-05   0.00011086  0.000172422 -0.000509178 -0.000484718 1 0 0 17622
             15.1698  0.154385    30.353 0.0209018 -0.000521824  0.000982579  -0.00383158   0.0133914  0.00798954 -0.00508098 -0.000219114   -2.584e-05   0.00011086  0.000172422 -0.000509178 -0.000484718 1 0 0 0
             15.2365  0.144208   30.3641 0.0196925  -0.0014322  0.00119291 -0.00241797 -0.0085651 0.00662116  0.0162874 -0.000219046 -2.46359e-05  0.000110482  0.000405679 -0.000467734 -0.000544614 1 0 0 6604
             15.2365  0.144208   30.3641 0.0196925  -0.0014322  0.00119291 -0.00241797 -0.0085651 0.00662116  0.0162874 -0.000219046 -2.46359e-05  0.000110482  0.000405679 -0.000467734 -0.000544614 1 0 0 0
             15.3032  0.187363    30.415 0.0248972 -0.00189204  -0.0006677 -0.00372566  -0.0124202  -0.0167681 -0.00383852  -0.00022562 -3.29661e-05  0.000107807  0.000309323 -0.000291312 -0.000400287 1 0 0 11545
             15.3032  0.187363    30.415 0.0248972 -0.00189204  -0.0006677 -0.00372566  -0.0124202  -0.0167681 -0.00383852  -0.00022562 -3.29661e-05  0.000107807  0.000309323 -0.000291312 -0.000400287 1 0 0 0
             15.3699  0.178415   30.3592 0.0120116  -0.00209546 -0.000164956  -0.00276511 -0.00701577 -0.00314923   0.0118254 -0.000224771 -2.38074e-05  0.000109695  0.000313047 -0.000412783 -0.000523382 1 0 0 12520
             15.3699  0.178415   30.3592 0.0120116  -0.00209546 -0.000164956  -0.00276511 -0.00701577 -0.00314923   0.0118254 -0.000224771 -2.38074e-05  0.000109695  0.000313047 -0.000412783 -0.000523382 1 0 0 0
             15.4367  0.182145   30.3786 0.0427844  -0.00155007 -0.000326668   -0.0028082  0.00727186 -0.00284266  0.00246577 -0.000223091 -2.66976e-05  0.000106475  0.000201692 -0.000419962 -0.000517964 1 0 0 12287
             15.4367  0.182145   30.3786 0.0427844  -0.00155007 -0.000326668   -0.0028082  0.00727186 -0.00284266  0.00246577 -0.000223091 -2.66976e-05  0.000106475  0.000201692 -0.000419962 -0.000517964 1 0 0 0
             15.5034   0.187311    30.3133 0.00977771 0.000352776  0.00109179 -0.00353687  0.0301962  0.0164991 -0.0100614 -0.000226649 -1.54562e-05  0.000112184  2.01585e-05 -0.000588734 -0.000533875 1 0 0 11797
             15.5034   0.187311    30.3133 0.00977771 0.000352776  0.00109179 -0.00353687  0.0301962  0.0164991 -0.0100614 -0.000226649 -1.54562e-05  0.000112184  2.01585e-05 -0.000588734 -0.000533875 1 0 0 0
             15.5701   0.17992   30.3734 0.0217873 -0.000827401  0.000164073  -0.00367583 -0.00316239 -0.00368882 -0.00706485 -0.000223374 -2.57557e-05  0.000110579  0.000347141 -0.000378999 -0.000409446 1 0 0 17636
             15.5701   0.17992   30.3734 0.0217873 -0.000827401  0.000164073  -0.00367583 -0.00316239 -0.00368882 -0.00706485 -0.000223374 -2.57557e-05  0.000110579  0.000347141 -0.000378999 -0.000409446 1 0 0 0
             15.6368   0.128282    30.3728 0.00697787  -0.00216386 -0.000228772   -0.0032712  -0.0218039 -0.00691631  0.00321198  -0.0002145 -2.6056e-05 0.000112293  0.000534398 -0.000340493   -0.0004115 1 0 0 6792
             15.6368   0.128282    30.3728 0.00697787  -0.00216386 -0.000228772   -0.0032712  -0.0218039 -0.00691631  0.00321198  -0.0002145 -2.6056e-05 0.000112293  0.000534398 -0.000340493   -0.0004115 1 0 0 0
             15.7035  0.196952   30.3642 0.0306774  -0.00125109 -0.000913854  -0.00319282 -0.00155982  -0.0120545  0.00494286 -0.000226046 -2.52816e-05  0.000107871  0.000309531 -0.000312239 -0.000531017 1 0 0 11875
             15.7035  0.196952   30.3642 0.0306774  -0.00125109 -0.000913854  -0.00319282 -0.00155982  -0.0120545  0.00494286 -0.000226046 -2.52816e-05  0.000107871  0.000309531 -0.000312239 -0.000531017 1 0 0 0
             15.7702 0.186461  30.3657 0.033204  -0.00178861 -0.000305456   -0.0039702 -0.00880516 -0.00216628  -0.0055073 -0.000223708 -2.62792e-05  0.000107655  0.000271079 -0.000458593 -0.000382457 1 0 0 17631
             15.7702 0.186461  30.3657 0.033204  -0.00178861 -0.000305456   -0.0039702 -0.00880516 -0.00216628  -0.0055073 -0.000223708 -2.62792e-05  0.000107655  0.000271079 -0.000458593 -0.000382457 1 0 0 0
             15.9037  0.184539   30.3549 0.0326458 -0.00142154 0.000972652 -0.00385591   0.0057983  0.00765457 -0.00125761 -0.000222447 -2.45181e-05  0.000109881  0.000200204 -0.000622126 -0.000503454 1 0 0 18656
             15.9037  0.184539   30.3549 0.0326458 -0.00142154 0.000972652 -0.00385591   0.0057983  0.00765457 -0.00125761 -0.000222447 -2.45181e-05  0.000109881  0.000200204 -0.000622126 -0.000503454 1 0 0 0
             15.9704   0.17089   30.3897 0.0331732 -0.0015902 -0.0001825 -0.0036582 -0.00245944  -0.0169605  0.00295472 -0.000236291 -2.48801e-05   0.00010061  0.000265424 -0.000455612 -0.000506323 1 0 0 17450
             15.9704   0.17089   30.3897 0.0331732 -0.0015902 -0.0001825 -0.0036582 -0.00245944  -0.0169605  0.00295472 -0.000236291 -2.48801e-05   0.00010061  0.000265424 -0.000455612 -0.000506323 1 0 0 0
             16.1038  0.171247   30.3467 0.0176406 -0.000962396  -0.00100779  -0.00237886 0.000971645  -0.0106875   0.0132867 -0.000233874 -2.30365e-05  0.000105651  0.000200981  -0.00055364 -0.000576594 1 0 0 18825
             16.1038  0.171247   30.3467 0.0176406 -0.000962396  -0.00100779  -0.00237886 0.000971645  -0.0106875   0.0132867 -0.000233874 -2.30365e-05  0.000105651  0.000200981  -0.00055364 -0.000576594 1 0 0 0
             16.1705  0.172764   30.3457 0.0275037  -0.00118877 -0.000438965  -0.00358661 -0.0043196 0.00330209 -0.0157067 -0.000232784 -2.20751e-05  0.000104179  0.000108539  -0.00067073 -0.000353865 1 0 0 17483
             16.1705  0.172764   30.3457 0.0275037  -0.00118877 -0.000438965  -0.00358661 -0.0043196 0.00330209 -0.0157067 -0.000232784 -2.20751e-05  0.000104179  0.000108539  -0.00067073 -0.000353865 1 0 0 0
             16.2373    0.146929     30.3414 -0.00536319 -0.000813658 -0.000332554  -0.00335057  0.00554387   0.0022402 -0.00371556  -0.00022975 -1.96861e-05  0.000113738   0.00010288 -0.000676682 -0.000494726 1 0 0 6552
             16.2373    0.146929     30.3414 -0.00536319 -0.000813658 -0.000332554  -0.00335057  0.00554387   0.0022402 -0.00371556  -0.00022975 -1.96861e-05  0.000113738   0.00010288 -0.000676682 -0.000494726 1 0 0 0
              16.304   0.17394   30.4053 0.0372793 -0.00160469  0.00024702 -0.00376943 -0.00704962  0.00937126 -0.00888592 -0.000231637 -4.07786e-05  0.000102774  0.000204027 -0.000736369 -0.000382912 1 0 0 12093
              16.304   0.17394   30.4053 0.0372793 -0.00160469  0.00024702 -0.00376943 -0.00704962  0.00937126 -0.00888592 -0.000231637 -4.07786e-05  0.000102774  0.000204027 -0.000736369 -0.000382912 1 0 0 0
             16.3707  0.197291   30.3602 0.0330116 -0.00124859 0.000631457 -0.00286787 0.00197776  0.0127696 0.00603386 -0.000239612 -2.65408e-05  0.000104549  0.000222387 -0.000746155 -0.000614662 1 0 0 17532
             16.3707  0.197291   30.3602 0.0330116 -0.00124859 0.000631457 -0.00286787 0.00197776  0.0127696 0.00603386 -0.000239612 -2.65408e-05  0.000104549  0.000222387 -0.000746155 -0.000614662 1 0 0 0
             16.4374  0.164326     30.36 0.0235796  -0.00124509 -5.97974e-05  -0.00170661 -0.000167957  -0.00246046    0.0165178 -0.000233697  -2.6667e-05  0.000107603  0.000326305 -0.000521902 -0.000724567 1 0 0 6734
             16.4374  0.164326     30.36 0.0235796  -0.00124509 -5.97974e-05  -0.00170661 -0.000167957  -0.00246046    0.0165178 -0.000233697  -2.6667e-05  0.000107603  0.000326305 -0.000521902 -0.000724567 1 0 0 0
             16.5041 0.178726  30.3516 0.030232  -0.00212449 -0.000251605  -0.00352987  -0.0127294 -0.00719864 -0.00940013 -0.000235476 -2.58499e-05  0.000108228  0.000231242 -0.000536768 -0.000326393 1 0 0 12074
             16.5041 0.178726  30.3516 0.030232  -0.00212449 -0.000251605  -0.00352987  -0.0127294 -0.00719864 -0.00940013 -0.000235476 -2.58499e-05  0.000108228  0.000231242 -0.000536768 -0.000326393 1 0 0 0
             16.5708  0.162128   30.3556 0.0359069  -0.0012211 0.000753103 -0.00336155   0.0091458  0.00890322 -0.00301971 -0.000227133 -2.90045e-05  0.000107201  7.25508e-05 -0.000726901 -0.000495076 1 0 0 17392
             16.5708  0.162128   30.3556 0.0359069  -0.0012211 0.000753103 -0.00336155   0.0091458  0.00890322 -0.00301971 -0.000227133 -2.90045e-05  0.000107201  7.25508e-05 -0.000726901 -0.000495076 1 0 0 0
             16.6375  0.172608   30.3559 0.0121778 -0.000841491   0.00071709  -0.00305227  0.0126747 0.00404694 0.00309719 -0.000236089 -2.83354e-05  0.000116954  9.04279e-05 -0.000684758 -0.000573584 1 0 0 6673
             16.6375  0.172608   30.3559 0.0121778 -0.000841491   0.00071709  -0.00305227  0.0126747 0.00404694 0.00309719 -0.000236089 -2.83354e-05  0.000116954  9.04279e-05 -0.000684758 -0.000573584 1 0 0 0
             16.7043  0.188445    30.391 0.0375673  -0.00113466 -0.000515311  -0.00358432  0.00130246  -0.0150857 -0.00476522 -0.000236652 -3.75619e-05  0.000113117  0.000157772 -0.000477518 -0.000419743 1 0 0 12123
             16.7043  0.188445    30.391 0.0375673  -0.00113466 -0.000515311  -0.00358432  0.00130246  -0.0150857 -0.00476522 -0.000236652 -3.75619e-05  0.000113117  0.000157772 -0.000477518 -0.000419743 1 0 0 0
              16.771   0.171119    30.3539 0.00693503  -0.00101458 -0.000662922  -0.00325262 0.000494135  -0.0125669   0.0037015 -0.000238031 -2.93124e-05  0.000119491  0.000173028 -0.000560389  -0.00049887 1 0 0 17428
              16.771   0.171119    30.3539 0.00693503  -0.00101458 -0.000662922  -0.00325262 0.000494135  -0.0125669   0.0037015 -0.000238031 -2.93124e-05  0.000119491  0.000173028 -0.000560389  -0.00049887 1 0 0 0
             16.8377  0.174725   30.3597 0.0242689  -0.00125631 -0.000643992  -0.00319458 -0.00312916 -0.00840477   0.0024287 -0.000237852 -3.07207e-05  0.000116817  0.000205961 -0.000644705 -0.000460457 1 0 0 6743
             16.8377  0.174725   30.3597 0.0242689  -0.00125631 -0.000643992  -0.00319458 -0.00312916 -0.00840477   0.0024287 -0.000237852 -3.07207e-05  0.000116817  0.000205961 -0.000644705 -0.000460457 1 0 0 0
             16.9044  0.180674   30.3489 0.0302403  -0.00147815 -0.000252962  -0.00373713 -0.00224061 -6.8124e-05 -0.00732066 -0.000239274 -2.72954e-05  0.000117187  0.000177422 -0.000763238 -0.000361699 1 0 0 12048
             16.9044  0.180674   30.3489 0.0302403  -0.00147815 -0.000252962  -0.00373713 -0.00224061 -6.8124e-05 -0.00732066 -0.000239274 -2.72954e-05  0.000117187  0.000177422 -0.000763238 -0.000361699 1 0 0 0
             16.9711 0.165733  30.3629 0.015211 -0.00149646  0.00026014 -0.00334096 4.51899e-05  0.00745585 0.000408077 -0.000237886 -3.12815e-05  0.000121681  0.000228646 -0.000845953 -0.000475381 1 0 0 17375
             16.9711 0.165733  30.3629 0.015211 -0.00149646  0.00026014 -0.00334096 4.51899e-05  0.00745585 0.000408077 -0.000237886 -3.12815e-05  0.000121681  0.000228646 -0.000845953 -0.000475381 1 0 0 0
             17.0378  0.200199   30.3488 0.0393003 -0.000975208  0.000694586  -0.00270717 0.00869982  0.0124911 0.00943316 -0.000244954 -2.73374e-05  0.000115577  0.000196685 -0.000873056 -0.000646976 1 0 0 6887
             17.0378  0.200199   30.3488 0.0393003 -0.000975208  0.000694586  -0.00270717 0.00869982  0.0124911 0.00943316 -0.000244954 -2.73374e-05  0.000115577  0.000196685 -0.000873056 -0.000646976 1 0 0 0
             17.1046  0.204603   30.3712 0.0266171 -0.00137375 0.000498556 -0.00341825 -0.00174625  0.00551915 -0.00231308 -0.000248824 -3.38989e-05  0.000118697  0.000225577 -0.000749847 -0.000398808 1 0 0 12017
             17.1046  0.204603   30.3712 0.0266171 -0.00137375 0.000498556 -0.00341825 -0.00174625  0.00551915 -0.00231308 -0.000248824 -3.38989e-05  0.000118697  0.000225577 -0.000749847 -0.000398808 1 0 0 0
             17.1713  0.164575   30.3509 0.0196696 -0.00179852 7.70016e-05  -0.0036496  -0.0102785 -0.00306448  -0.0023792 -0.000240322 -2.90352e-05  0.000119715  0.000263264 -0.000639067 -0.000335018 1 0 0 17368
             17.1713  0.164575   30.3509 0.0196696 -0.00179852 7.70016e-05  -0.0036496  -0.0102785 -0.00306448  -0.0023792 -0.000240322 -2.90352e-05  0.000119715  0.000263264 -0.000639067 -0.000335018 1 0 0 0
              17.238  0.164359   30.3471 0.0164168 -0.00180973 0.000117669 -0.00363132  -0.0103952 -0.00261024 -0.00215852 -0.000240707 -2.80735e-05  0.000120394  0.000266605 -0.000646255 -0.000337082 1 0 0 6941
              17.238  0.164359   30.3471 0.0164168 -0.00180973 0.000117669 -0.00363132  -0.0103952 -0.00261024 -0.00215852 -0.000240707 -2.80735e-05  0.000120394  0.000266605 -0.000646255 -0.000337082 1 0 0 0
             17.3047  0.180258   30.3776 0.0415422 -0.00181515 0.000234507 -0.00358904  -0.00766794  0.000377222 -0.000267788 -0.000243075 -4.46739e-05  0.000108503  0.000225878 -0.000688049  -0.00038426 1 0 0 11876
             17.3047  0.180258   30.3776 0.0415422 -0.00181515 0.000234507 -0.00358904  -0.00766794  0.000377222 -0.000267788 -0.000243075 -4.46739e-05  0.000108503  0.000225878 -0.000688049  -0.00038426 1 0 0 0
             17.3714  0.188524   30.3762 0.0400719 -0.00125943 0.000366782  -0.0033395  0.0065554 0.00448209 0.00286919 -0.00024764 -4.2465e-05 0.000109485  8.74358e-05 -0.000719989   -0.0005511 1 0 0 17393
             17.3714  0.188524   30.3762 0.0400719 -0.00125943 0.000366782  -0.0033395  0.0065554 0.00448209 0.00286919 -0.00024764 -4.2465e-05 0.000109485  8.74358e-05 -0.000719989   -0.0005511 1 0 0 0
             17.4381  0.184243   30.3829 0.0348015 -0.00125813  0.00037003 -0.00323865 0.00659743 0.00450849 0.00444642 -0.000247008 -4.49698e-05   0.00011116  0.000100157 -0.000720499 -0.000574267 1 0 0 7057
             17.4381  0.184243   30.3829 0.0348015 -0.00125813  0.00037003 -0.00323865 0.00659743 0.00450849 0.00444642 -0.000247008 -4.49698e-05   0.00011116  0.000100157 -0.000720499 -0.000574267 1 0 0 0
             17.5048  0.196783   30.3503 0.0111507 -0.00127963 0.000273539 -0.00322437 0.00570485 0.00257549 0.00356648 -0.000277838 -4.48953e-06   0.00013635   0.00012148 -0.000683028 -0.000555259 1 0 0 11877
             17.5048  0.196783   30.3503 0.0111507 -0.00127963 0.000273539 -0.00322437 0.00570485 0.00257549 0.00356648 -0.000277838 -4.48953e-06   0.00013635   0.00012148 -0.000683028 -0.000555259 1 0 0 0
             17.5716  0.180818   30.3403 0.0228849 -0.00127607 0.000245512 -0.00304089  0.00403654 0.000330038  0.00563511 -0.000266179  7.40012e-07    0.0001316  0.000170825 -0.000661886 -0.000572103 1 0 0 17114
             17.5716  0.180818   30.3403 0.0228849 -0.00127607 0.000245512 -0.00304089  0.00403654 0.000330038  0.00563511 -0.000266179  7.40012e-07    0.0001316  0.000170825 -0.000661886 -0.000572103 1 0 0 0
             17.6383   0.188445    30.3595 0.00887168 -0.000999173  0.000430824  -0.00316425 0.00847814 0.00317121 0.00236274 -0.000281359  -1.6394e-05  0.000143541  5.83978e-05 -0.000727291 -0.000564896 1 0 0 6993
             17.6383   0.188445    30.3595 0.00887168 -0.000999173  0.000430824  -0.00316425 0.00847814 0.00317121 0.00236274 -0.000281359  -1.6394e-05  0.000143541  5.83978e-05 -0.000727291 -0.000564896 1 0 0 0
              17.705  0.164433   30.3659 0.0307501 -0.00112036 0.000493051 -0.00296453 0.00549643 0.00384913 0.00387555 -0.000256575 -1.97535e-05  0.000131405  0.000169799 -0.000724687 -0.000570632 1 0 0 11888
              17.705  0.164433   30.3659 0.0307501 -0.00112036 0.000493051 -0.00296453 0.00549643 0.00384913 0.00387555 -0.000256575 -1.97535e-05  0.000131405  0.000169799 -0.000724687 -0.000570632 1 0 0 0
             17.7717  0.191395   30.3589 0.0340172  -0.0012855 0.000327883 -0.00293286 0.00222855 0.00131572 0.00363714 -0.000290195 -9.02482e-06  0.000128112  0.000248168 -0.000652551 -0.000526382 1 0 0 17386
             17.7717  0.191395   30.3589 0.0340172  -0.0012855 0.000327883 -0.00293286 0.00222855 0.00131572 0.00363714 -0.000290195 -9.02482e-06  0.000128112  0.000248168 -0.000652551 -0.000526382 1 0 0 0
             17.8384  0.180697   30.3722 0.0223379 -0.00136399 0.000361099 -0.00312403 0.000194318   0.0019129 0.000376134 -0.000285819 -2.15193e-05  0.000137058  0.000239906 -0.000657142 -0.000421289 1 0 0 7199
             17.8384  0.180697   30.3722 0.0223379 -0.00136399 0.000361099 -0.00312403 0.000194318   0.0019129 0.000376134 -0.000285819 -2.15193e-05  0.000137058  0.000239906 -0.000657142 -0.000421289 1 0 0 0
             17.9719  0.179432   30.3662 0.0462685 -0.000521375   0.00156898  -0.00313132   0.0127037   0.0149845 -0.00490693 -0.000285967 -1.87514e-05  0.000136099  0.000245712 -0.000704442 -0.000507782 1 0 0 24113
             17.9719  0.179432   30.3662 0.0462685 -0.000521375   0.00156898  -0.00313132   0.0127037   0.0149845 -0.00490693 -0.000285967 -1.87514e-05  0.000136099  0.000245712 -0.000704442 -0.000507782 1 0 0 0
             18.0386  0.183905   30.3727 0.0176636 -0.00132051  0.00105846 -0.00338572  -0.0243093 -0.00966669 -0.00993268 -0.000311849  8.88699e-06  0.000139096  0.000436907 -0.000525802 -0.000354717 1 0 0 11956
             18.0386  0.183905   30.3727 0.0176636 -0.00132051  0.00105846 -0.00338572  -0.0243093 -0.00966669 -0.00993268 -0.000311849  8.88699e-06  0.000139096  0.000436907 -0.000525802 -0.000354717 1 0 0 0
             18.1053  0.189307   30.3864 0.0179976 -0.00136911 0.000227903 -0.00311598 -0.0142593 -0.0236691 0.00283955 -0.000322512 -6.15919e-06  0.000134984  0.000408558 -0.000448115 -0.000450824 1 0 0 11886
             18.1053  0.189307   30.3864 0.0179976 -0.00136911 0.000227903 -0.00311598 -0.0142593 -0.0236691 0.00283955 -0.000322512 -6.15919e-06  0.000134984  0.000408558 -0.000448115 -0.000450824 1 0 0 0
              18.172  0.164064   30.3885 0.0252847 -0.00119227 0.000427367 -0.00330691  -0.00635087   -0.0134234 -0.000940015 -0.000300759  -1.4464e-05  0.000138092  0.000340585 -0.000528733 -0.000454037 1 0 0 17499
              18.172  0.164064   30.3885 0.0252847 -0.00119227 0.000427367 -0.00330691  -0.00635087   -0.0134234 -0.000940015 -0.000300759  -1.4464e-05  0.000138092  0.000340585 -0.000528733 -0.000454037 1 0 0 0
             18.2387 0.178101  30.3625 0.020874 -0.00139665 0.000506218 -0.00418182 -0.00719649 -0.00900718  -0.0135394 -0.000303745 -3.65664e-06  0.000142987  0.000286068 -0.000580598 -0.000350022 1 0 0 7013
             18.2387 0.178101  30.3625 0.020874 -0.00139665 0.000506218 -0.00418182 -0.00719649 -0.00900718  -0.0135394 -0.000303745 -3.65664e-06  0.000142987  0.000286068 -0.000580598 -0.000350022 1 0 0 0
             18.3054  0.171234   30.3641 0.0220242 -0.00130082  0.00055427 -0.00285389 -0.00210681 -0.00616971  0.00784227 -0.000299341 -4.83081e-06  0.000144714  0.000362629 -0.000616383 -0.000596956 1 0 0 11685
             18.3054  0.171234   30.3641 0.0220242 -0.00130082  0.00055427 -0.00285389 -0.00210681 -0.00616971  0.00784227 -0.000299341 -4.83081e-06  0.000144714  0.000362629 -0.000616383 -0.000596956 1 0 0 0
             18.3721 0.172809  30.3637  0.01848 -0.00106879 0.000398011 -0.00312125   0.0032773 -0.00623107 0.000501578 -0.000299855 -5.39436e-06  0.000147552  0.000266196 -0.000632407  -0.00054504 1 0 0 17284
             18.3721 0.172809  30.3637  0.01848 -0.00106879 0.000398011 -0.00312125   0.0032773 -0.00623107 0.000501578 -0.000299855 -5.39436e-06  0.000147552  0.000266196 -0.000632407  -0.00054504 1 0 0 0
             18.4389  0.200131   30.3727 0.0550139 -0.00069748 0.000717843 -0.00328336  0.00720882 0.000989808  -0.0018153 -0.000300521 -7.24761e-06  0.000142644  0.000207072 -0.000758101 -0.000531606 1 0 0 6724
             18.4389  0.200131   30.3727 0.0550139 -0.00069748 0.000717843 -0.00328336  0.00720882 0.000989808  -0.0018153 -0.000300521 -7.24761e-06  0.000142644  0.000207072 -0.000758101 -0.000531606 1 0 0 0
             18.5056  0.187612   30.3762 0.0326539 -0.00126539  0.00068638 -0.00314789  0.000631113  0.000348291 -0.000388221 -0.000300153 -7.90436e-06  0.000146088    0.0003358 -0.000740602 -0.000487047 1 0 0 12347
             18.5056  0.187612   30.3762 0.0326539 -0.00126539  0.00068638 -0.00314789  0.000631113  0.000348291 -0.000388221 -0.000300153 -7.90436e-06  0.000146088    0.0003358 -0.000740602 -0.000487047 1 0 0 0
             18.5723  0.168622   30.3494 0.0293811  -0.00124929 -4.35745e-05  -0.00248982  0.00107276 -0.00967091  0.00639193  -0.00029773 -3.64964e-06   0.00014805  0.000409721 -0.000637086 -0.000583685 1 0 0 17373
             18.5723  0.168622   30.3494 0.0293811  -0.00124929 -4.35745e-05  -0.00248982  0.00107276 -0.00967091  0.00639193  -0.00029773 -3.64964e-06   0.00014805  0.000409721 -0.000637086 -0.000583685 1 0 0 0
              18.639  0.201402   30.3711 0.0129104 -0.000751528   0.00138889  -0.00409786 0.00475329  0.0127597 -0.0172403 -0.000303736 -7.88945e-06  0.000150859  0.000218509 -0.000893912 -0.000402025 1 0 0 6928
              18.639  0.201402   30.3711 0.0129104 -0.000751528   0.00138889  -0.00409786 0.00475329  0.0127597 -0.0172403 -0.000303736 -7.88945e-06  0.000150859  0.000218509 -0.000893912 -0.000402025 1 0 0 0
             18.7057  0.188748    30.354 0.0279967 -0.000948798  0.000678951  -0.00305716  0.00192068  0.00396496 -0.00401623 -0.000300402 -4.97704e-06  0.000148618  0.000304445 -0.000808076 -0.000499293 1 0 0 11864
             18.7057  0.188748    30.354 0.0279967 -0.000948798  0.000678951  -0.00305716  0.00192068  0.00396496 -0.00401623 -0.000300402 -4.97704e-06  0.000148618  0.000304445 -0.000808076 -0.000499293 1 0 0 0
             18.7724  0.184049   30.3652 0.0257746 -0.000974589  0.000419426   -0.0031031  0.00144871  0.00079922 -0.00459002 -0.000299847 -6.82525e-06  0.000148919  0.000304702 -0.000776671 -0.000492737 1 0 0 17514
             18.7724  0.184049   30.3652 0.0257746 -0.000974589  0.000419426   -0.0031031  0.00144871  0.00079922 -0.00459002 -0.000299847 -6.82525e-06  0.000148919  0.000304702 -0.000776671 -0.000492737 1 0 0 0
             18.8391  0.186501   30.3655 0.0282338 -0.000861609  0.000415643  -0.00305402  0.00295873 0.000803404  -0.0039507 -0.000300036 -6.93367e-06   0.00014856  0.000295648 -0.000776394 -0.000505057 1 0 0 6872
             18.8391  0.186501   30.3655 0.0282338 -0.000861609  0.000415643  -0.00305402  0.00295873 0.000803404  -0.0039507 -0.000300036 -6.93367e-06   0.00014856  0.000295648 -0.000776394 -0.000505057 1 0 0 0
             18.9059  0.183462   30.3627 0.0249071 -0.00109429 0.000330329 -0.00293403  -0.00016721 -0.000351861   -0.0024553 -0.000299833 -6.37299e-06  0.000149038  0.000327999 -0.000765765 -0.000503009 1 0 0 12083
             18.9059  0.183462   30.3627 0.0249071 -0.00109429 0.000330329 -0.00293403  -0.00016721 -0.000351861   -0.0024553 -0.000299833 -6.37299e-06  0.000149038  0.000327999 -0.000765765 -0.000503009 1 0 0 0
             18.9726  0.180932   30.3609 0.0273223 -0.00119474 0.000407037 -0.00299515 -0.00147725 0.000537602 -0.00324932 -0.000299178 -6.05131e-06  0.000148668  0.000334883 -0.000774869 -0.000490231 1 0 0 17352
             18.9726  0.180932   30.3609 0.0273223 -0.00119474 0.000407037 -0.00299515 -0.00147725 0.000537602 -0.00324932 -0.000299178 -6.05131e-06  0.000148668  0.000334883 -0.000774869 -0.000490231 1 0 0 0
             19.0393  0.184061   30.3595 0.0302731 -0.00105212 0.000525113 -0.00301705 0.000476355  0.00204249  -0.0035135 -0.000299418 -5.88472e-06   0.00014825  0.000318145 -0.000789343  -0.00049696 1 0 0 6775
             19.0393  0.184061   30.3595 0.0302731 -0.00105212 0.000525113 -0.00301705 0.000476355  0.00204249  -0.0035135 -0.000299418 -5.88472e-06   0.00014825  0.000318145 -0.000789343  -0.00049696 1 0 0 0
              19.106  0.182738   30.3621 0.0285316 -0.00120074 0.000437919 -0.00298036 -0.00154067 0.000909392 -0.00306396 -0.000299374 -6.29062e-06  0.000148516  0.000336395 -0.000778594 -0.000491423 1 0 0 12199
              19.106  0.182738   30.3621 0.0285316 -0.00120074 0.000437919 -0.00298036 -0.00154067 0.000909392 -0.00306396 -0.000299374 -6.29062e-06  0.000148516  0.000336395 -0.000778594 -0.000491423 1 0 0 0
             19.1727  0.181871   30.3631 0.0285049 -0.00119889  0.00034226 -0.00295086  -0.00155747 -0.000255106  -0.00268419 -0.000299242 -6.46616e-06  0.000148507   0.00033813 -0.000767046 -0.000494629 1 0 0 17308
             19.1727  0.181871   30.3631 0.0285049 -0.00119889  0.00034226 -0.00295086  -0.00155747 -0.000255106  -0.00268419 -0.000299242 -6.46616e-06  0.000148507   0.00033813 -0.000767046 -0.000494629 1 0 0 0
             19.2394  0.183562   30.3632 0.0300306 -0.00121242  0.00037293 -0.00299615 -0.00172902 0.000114412 -0.00326282 -0.000299396 -6.48137e-06  0.000148289  0.000336754 -0.000770721 -0.000488999 1 0 0 6749
             19.2394  0.183562   30.3632 0.0300306 -0.00121242  0.00037293 -0.00299615 -0.00172902 0.000114412 -0.00326282 -0.000299396 -6.48137e-06  0.000148289  0.000336754 -0.000770721 -0.000488999 1 0 0 0
             19.3062 0.180791  30.3622 0.027768 -0.00120484 0.000301088 -0.00296489  -0.00165804 -0.000757758  -0.00286113 -0.000299133 -6.30717e-06   0.00014861  0.000337954  -0.00076206 -0.000492759 1 0 0 12131
             19.3062 0.180791  30.3622 0.027768 -0.00120484 0.000301088 -0.00296489  -0.00165804 -0.000757758  -0.00286113 -0.000299133 -6.30717e-06   0.00014861  0.000337954  -0.00076206 -0.000492759 1 0 0 0
             19.3729  0.179359   30.3618 0.0270336 -0.00117616 0.000354413 -0.00296812  -0.00125106 -9.53842e-05  -0.00290077 -0.000298948 -6.25007e-06  0.000148728  0.000334624 -0.000768545 -0.000494245 1 0 0 17262
             19.3729  0.179359   30.3618 0.0270336 -0.00117616 0.000354413 -0.00296812  -0.00125106 -9.53842e-05  -0.00290077 -0.000298948 -6.25007e-06  0.000148728  0.000334624 -0.000768545 -0.000494245 1 0 0 0
             19.4396    0.1811   30.3629 0.0283432 -0.00114782 0.000364949 -0.00300722 -0.000873356  4.86257e-05  -0.00339389 -0.000299133 -6.45415e-06  0.000148532  0.000329179 -0.000769851 -0.000491908 1 0 0 6702
             19.4396    0.1811   30.3629 0.0283432 -0.00114782 0.000364949 -0.00300722 -0.000873356  4.86257e-05  -0.00339389 -0.000299133 -6.45415e-06  0.000148532  0.000329179 -0.000769851 -0.000491908 1 0 0 0
             19.5063  0.180504   30.3634 0.0279509 -0.00117407 0.000362996  -0.0029796 -0.00122063 1.07086e-05 -0.00304675 -0.000299067 -6.53083e-06   0.00014859  0.000333685 -0.000769582 -0.000493166 1 0 0 12149
             19.5063  0.180504   30.3634 0.0279509 -0.00117407 0.000362996  -0.0029796 -0.00122063 1.07086e-05 -0.00304675 -0.000299067 -6.53083e-06   0.00014859  0.000333685 -0.000769582 -0.000493166 1 0 0 0
              19.573    0.1794    30.364 0.0278702 -0.00118129 0.000332598 -0.00298811  -0.00133227 -0.000361866  -0.00315427 -0.000298889 -6.61728e-06  0.000148607  0.000333971 -0.000765897 -0.000491803 1 0 0 17437
              19.573    0.1794    30.364 0.0278702 -0.00118129 0.000332598 -0.00298811  -0.00133227 -0.000361866  -0.00315427 -0.000298889 -6.61728e-06  0.000148607  0.000333971 -0.000765897 -0.000491803 1 0 0 0
             19.6397    0.1794    30.364 0.0278702 -0.00121368 0.000351676  -0.0030487 -0.00176247 -0.00014125 -0.00392921  -0.00029893 -6.65244e-06  0.000148584  0.000333685 -0.000768139 -0.000483362 1 0 0 6821
             19.6397    0.1794    30.364 0.0278702 -0.00121368 0.000351676  -0.0030487 -0.00176247 -0.00014125 -0.00392921  -0.00029893 -6.65244e-06  0.000148584  0.000333685 -0.000768139 -0.000483362 1 0 0 0
             19.7064  0.178762   30.3631 0.0279704 -0.00121022 0.000374713  -0.0029894 -0.00169801 0.000136788 -0.00317685 -0.000298807 -6.49581e-06  0.000148572  0.000336931 -0.000770941 -0.000489851 1 0 0 12245
             19.7064  0.178762   30.3631 0.0279704 -0.00121022 0.000374713  -0.0029894 -0.00169801 0.000136788 -0.00317685 -0.000298807 -6.49581e-06  0.000148572  0.000336931 -0.000770941 -0.000489851 1 0 0 0
             19.7732  0.179065   30.3641 0.0283964 -0.00118841 0.000360106 -0.00298831  -0.00141412 -3.06456e-05   -0.0031592 -0.000298822 -6.67337e-06  0.000148509  0.000334685 -0.000769209  -0.00049134 1 0 0 17080
             19.7732  0.179065   30.3641 0.0283964 -0.00118841 0.000360106 -0.00298831  -0.00141412 -3.06456e-05   -0.0031592 -0.000298822 -6.67337e-06  0.000148509  0.000334685 -0.000769209  -0.00049134 1 0 0 0
             19.8399  0.179309   30.3656 0.0285087 -0.00121143 0.000321652 -0.00302454  -0.00174354 -0.000506913   -0.0036206  -0.00029887 -6.92438e-06  0.000148488  0.000334966 -0.000764521 -0.000486048 1 0 0 6875
             19.8399  0.179309   30.3656 0.0285087 -0.00121143 0.000321652 -0.00302454  -0.00174354 -0.000506913   -0.0036206  -0.00029887 -6.92438e-06  0.000148488  0.000334966 -0.000764521 -0.000486048 1 0 0 0
             19.9066  0.179766   30.3648 0.0283287 -0.00119682 0.000352551 -0.00297896  -0.00152848 -0.000127124  -0.00304126 -0.000298954 -6.79981e-06  0.000148518  0.000336168 -0.000768286 -0.000491794 1 0 0 12475
             19.9066  0.179766   30.3648 0.0283287 -0.00119682 0.000352551 -0.00297896  -0.00152848 -0.000127124  -0.00304126 -0.000298954 -6.79981e-06  0.000148518  0.000336168 -0.000768286 -0.000491794 1 0 0 0
             19.9733  0.180367   30.3643 0.0284622 -0.00119001  0.00036021 -0.00297324 -0.00143346 -3.1126e-05 -0.00296803 -0.000299041 -6.72786e-06    0.0001485  0.000335783 -0.000769223 -0.000492831 1 0 0 16815
             19.9733  0.180367   30.3643 0.0284622 -0.00119001  0.00036021 -0.00297324 -0.00143346 -3.1126e-05 -0.00296803 -0.000299041 -6.72786e-06    0.0001485  0.000335783 -0.000769223 -0.000492831 1 0 0 0
               20.04  0.180367   30.3643 0.0284622 -0.00119288 0.000356572 -0.00301835  -0.00147908 -7.38365e-05  -0.00354119 -0.000298998 -6.69887e-06  0.000148428   0.00033332 -0.000768769 -0.000487883 1 0 0 6946
               20.04  0.180367   30.3643 0.0284622 -0.00119288 0.000356572 -0.00301835  -0.00147908 -7.38365e-05  -0.00354119 -0.000298998 -6.69887e-06  0.000148428   0.00033332 -0.000768769 -0.000487883 1 0 0 0
             20.1067  0.179287   30.3641 0.0280061 -0.00117744 0.000338707 -0.00298842  -0.00127799 -0.000285733  -0.00315796 -0.000298856 -6.66311e-06  0.000148494  0.000333532  -0.00076664 -0.000492015 1 0 0 12295
             20.1067  0.179287   30.3641 0.0280061 -0.00117744 0.000338707 -0.00298842  -0.00127799 -0.000285733  -0.00315796 -0.000298856 -6.66311e-06  0.000148494  0.000333532  -0.00076664 -0.000492015 1 0 0 0
             20.1735  0.179779   30.3648 0.0284209 -0.00117111 0.000318096 -0.00299132  -0.00120376 -0.000533258  -0.00319283 -0.000298907 -6.77893e-06  0.000148432  0.000332704 -0.000764159 -0.000492103 1 0 0 17042
             20.1735  0.179779   30.3648 0.0284209 -0.00117111 0.000318096 -0.00299132  -0.00120376 -0.000533258  -0.00319283 -0.000298907 -6.77893e-06  0.000148432  0.000332704 -0.000764159 -0.000492103 1 0 0 0
             20.2402  0.179779   30.3648 0.0284209 -0.00120675 0.000313142 -0.00300725  -0.00168301 -0.000609341  -0.00339996 -0.00029896 -6.8193e-06 0.000148375  0.000335539 -0.000763504 -0.000488167 1 0 0 6934
             20.2402  0.179779   30.3648 0.0284209 -0.00120675 0.000313142 -0.00300725  -0.00168301 -0.000609341  -0.00339996 -0.00029896 -6.8193e-06 0.000148375  0.000335539 -0.000763504 -0.000488167 1 0 0 0
             20.3069 0.178613  30.3638 0.028291 -0.00119856 0.000311011  -0.0029812  -0.00157165 -0.000633043  -0.00306779 -0.000298773 -6.65373e-06  0.000148393  0.000336269 -0.000763264 -0.000491436 1 0 0 12314
             20.3069 0.178613  30.3638 0.028291 -0.00119856 0.000311011  -0.0029812  -0.00157165 -0.000633043  -0.00306779 -0.000298773 -6.65373e-06  0.000148393  0.000336269 -0.000763264 -0.000491436 1 0 0 0
             20.3736  0.179393   30.3633 0.0283933 -0.00119851 0.000338675  -0.0029928  -0.00155945 -0.000295811  -0.00321652 -0.000298891 -6.57273e-06   0.00014838  0.000335516 -0.000766604 -0.000490222 1 0 0 16796
             20.3736  0.179393   30.3633 0.0283933 -0.00119851 0.000338675  -0.0029928  -0.00155945 -0.000295811  -0.00321652 -0.000298891 -6.57273e-06   0.00014838  0.000335516 -0.000766604 -0.000490222 1 0 0 0
             20.4403  0.179393   30.3633 0.0283933 -0.00119264 0.000305872 -0.00301332  -0.00149921 -0.000690692  -0.00347461 -0.000298852 -6.60197e-06  0.000148378  0.000333667 -0.000762645 -0.000488416 1 0 0 7042
             20.4403  0.179393   30.3633 0.0283933 -0.00119264 0.000305872 -0.00301332  -0.00149921 -0.000690692  -0.00347461 -0.000298852 -6.60197e-06  0.000148378  0.000333667 -0.000762645 -0.000488416 1 0 0 0
             20.6405  0.179862   30.3634 0.0275089 -0.00116069 0.000291884  -0.0029976   -0.0010782 -0.000846733  -0.00326991 -0.000299002  -6.6276e-06  0.000148499  0.000331237 -0.000761006 -0.000492089 1 0 0 36298
             20.6405  0.179862   30.3634 0.0275089 -0.00116069 0.000291884  -0.0029976   -0.0010782 -0.000846733  -0.00326991 -0.000299002  -6.6276e-06  0.000148499  0.000331237 -0.000761006 -0.000492089 1 0 0 0
             20.7072  0.179862   30.3634 0.0275089 -0.00115993 0.000304148 -0.00298614  -0.00106077 -0.000697943  -0.00312485 -0.000298974 -6.57148e-06  0.000148482  0.000331844 -0.000762492 -0.000493352 1 0 0 12132
             20.7072  0.179862   30.3634 0.0275089 -0.00115993 0.000304148 -0.00298614  -0.00106077 -0.000697943  -0.00312485 -0.000298974 -6.57148e-06  0.000148482  0.000331844 -0.000762492 -0.000493352 1 0 0 0
             20.7739  0.179862   30.3634 0.0275089 -0.00114902 0.000327097 -0.00299448 -0.000905605  -0.00041313  -0.00323042 -0.000298969 -6.48542e-06  0.000148454  0.000330137 -0.000765279 -0.000493166 1 0 0 16993
             20.7739  0.179862   30.3634 0.0275089 -0.00114902 0.000327097 -0.00299448 -0.000905605  -0.00041313  -0.00323042 -0.000298969 -6.48542e-06  0.000148454  0.000330137 -0.000765279 -0.000493166 1 0 0 0
             20.8406  0.179862   30.3634 0.0275089 -0.00115061 0.000292231 -0.00299613 -0.000943509 -0.000837851  -0.00324975 -0.000298955 -6.49145e-06  0.000148464  0.000330249 -0.000761064 -0.000492882 1 0 0 6675
             20.8406  0.179862   30.3634 0.0275089 -0.00115061 0.000292231 -0.00299613 -0.000943509 -0.000837851  -0.00324975 -0.000298955 -6.49145e-06  0.000148464  0.000330249 -0.000761064 -0.000492882 1 0 0 0
             20.9073  0.179862   30.3634 0.0275089 -0.00114816 0.000298035  -0.0029891 -0.000907188 -0.000766536  -0.00316045 -0.000298925 -6.52288e-06  0.000148479  0.000330412  -0.00076177 -0.000493781 1 0 0 12654
             20.9073  0.179862   30.3634 0.0275089 -0.00114816 0.000298035  -0.0029891 -0.000907188 -0.000766536  -0.00316045 -0.000298925 -6.52288e-06  0.000148479  0.000330412  -0.00076177 -0.000493781 1 0 0 0
             20.9741  0.179862   30.3634 0.0275089 -0.00115926 0.000308876 -0.00299446  -0.00105068 -0.000639594  -0.00323066 -0.000298926 -6.53849e-06  0.000148433  0.000331255 -0.000763062 -0.000492517 1 0 0 16938
             20.9741  0.179862   30.3634 0.0275089 -0.00115926 0.000308876 -0.00299446  -0.00105068 -0.000639594  -0.00323066 -0.000298926 -6.53849e-06  0.000148433  0.000331255 -0.000763062 -0.000492517 1 0 0 0
             21.0408  0.179862   30.3634 0.0275089 -0.00114713 0.000301691 -0.00299882 -0.000893033 -0.000720963  -0.00328392 -0.000298941 -6.49757e-06  0.000148465  0.000329701 -0.000762211  -0.00049282 1 0 0 7036
             21.0408  0.179862   30.3634 0.0275089 -0.00114713 0.000301691 -0.00299882 -0.000893033 -0.000720963  -0.00328392 -0.000298941 -6.49757e-06  0.000148465  0.000329701 -0.000762211  -0.00049282 1 0 0 0
             21.1075  0.179862   30.3634 0.0275089 -0.00115332  0.00033949 -0.00299638 -0.000957313 -0.000264315  -0.00325576 -0.000298912 -6.51425e-06  0.000148389  0.000330465 -0.000766769 -0.000492698 1 0 0 12154
             21.1075  0.179862   30.3634 0.0275089 -0.00115332  0.00033949 -0.00299638 -0.000957313 -0.000264315  -0.00325576 -0.000298912 -6.51425e-06  0.000148389  0.000330465 -0.000766769 -0.000492698 1 0 0 0
             21.1742  0.179862   30.3634 0.0275089 -0.00113694  0.00032422 -0.00300546 -0.000747385 -0.000441712  -0.00336799 -0.000298888 -6.49694e-06  0.000148391  0.000328175 -0.000764947 -0.000492769 1 0 0 16961
             21.1742  0.179862   30.3634 0.0275089 -0.00113694  0.00032422 -0.00300546 -0.000747385 -0.000441712  -0.00336799 -0.000298888 -6.49694e-06  0.000148391  0.000328175 -0.000764947 -0.000492769 1 0 0 0
             21.2409  0.179862   30.3634 0.0275089 -0.00114249 0.000302898 -0.00302128 -0.000833354 -0.000702645  -0.00356855 -0.000298888 -6.53299e-06  0.000148419  0.000327822 -0.000762359 -0.000490742 1 0 0 7071
             21.2409  0.179862   30.3634 0.0275089 -0.00114249 0.000302898 -0.00302128 -0.000833354 -0.000702645  -0.00356855 -0.000298888 -6.53299e-06  0.000148419  0.000327822 -0.000762359 -0.000490742 1 0 0 0
             21.3076  0.179587    30.364 0.0275935 -0.00115453  0.00029387  -0.0030114   -0.0009968 -0.000818781   -0.0034443 -0.000298837 -6.63401e-06  0.000148406  0.000329727 -0.000761252 -0.000491022 1 0 0 12374
             21.3076  0.179587    30.364 0.0275935 -0.00115453  0.00029387  -0.0030114   -0.0009968 -0.000818781   -0.0034443 -0.000298837 -6.63401e-06  0.000148406  0.000329727 -0.000761252 -0.000491022 1 0 0 0
             21.3744  0.179587    30.364 0.0275935 -0.00113899 0.000305182 -0.00301366  -0.00078476 -0.000673705  -0.00347143 -0.000298872 -6.57327e-06  0.000148393  0.000327914 -0.000762642 -0.000491768 1 0 0 16595
             21.3744  0.179587    30.364 0.0275935 -0.00113899 0.000305182 -0.00301366  -0.00078476 -0.000673705  -0.00347143 -0.000298872 -6.57327e-06  0.000148393  0.000327914 -0.000762642 -0.000491768 1 0 0 0
             21.4411  0.179587    30.364 0.0275935 -0.00115538 0.000306627 -0.00302045  -0.00100329 -0.000663432  -0.00356004 -0.000298824 -6.48773e-06  0.000148392  0.000329246  -0.00076279 -0.000490016 1 0 0 7174
             21.4411  0.179587    30.364 0.0275935 -0.00115538 0.000306627 -0.00302045  -0.00100329 -0.000663432  -0.00356004 -0.000298824 -6.48773e-06  0.000148392  0.000329246  -0.00076279 -0.000490016 1 0 0 0
             21.5078  0.179587    30.364 0.0275935 -0.00114919 0.000329736 -0.00301933 -0.000909757 -0.000379509  -0.00354609 -0.000298781 -6.52793e-06   0.00014837  0.000328625 -0.000765592 -0.000490532 1 0 0 12325
             21.5078  0.179587    30.364 0.0275935 -0.00114919 0.000329736 -0.00301933 -0.000909757 -0.000379509  -0.00354609 -0.000298781 -6.52793e-06   0.00014837  0.000328625 -0.000765592 -0.000490532 1 0 0 0
             21.5745  0.179587    30.364 0.0275935 -0.00114763  0.00030671 -0.00301023 -0.000898662 -0.000659421  -0.00342914 -0.000298794 -6.55105e-06  0.000148375  0.000329046 -0.000762814 -0.000491585 1 0 0 16934
             21.5745  0.179587    30.364 0.0275935 -0.00114763  0.00030671 -0.00301023 -0.000898662 -0.000659421  -0.00342914 -0.000298794 -6.55105e-06  0.000148375  0.000329046 -0.000762814 -0.000491585 1 0 0 0
             21.6412  0.179587    30.364 0.0275935 -0.00116045 0.000314777 -0.00301241 -0.00106606 -0.00056723 -0.00345907 -0.000298854 -6.51059e-06  0.000148359  0.000330272 -0.000763769 -0.000490547 1 0 0 7010
             21.6412  0.179587    30.364 0.0275935 -0.00116045 0.000314777 -0.00301241 -0.00106606 -0.00056723 -0.00345907 -0.000298854 -6.51059e-06  0.000148359  0.000330272 -0.000763769 -0.000490547 1 0 0 0
             21.7079  0.179587    30.364 0.0275935  -0.0011662 0.000320698  -0.0030154  -0.00114022 -0.000497736  -0.00349813 -0.000298826  -6.4979e-06  0.000148333  0.000330695 -0.000764475  -0.00048987 1 0 0 12334
             21.7079  0.179587    30.364 0.0275935  -0.0011662 0.000320698  -0.0030154  -0.00114022 -0.000497736  -0.00349813 -0.000298826  -6.4979e-06  0.000148333  0.000330695 -0.000764475  -0.00048987 1 0 0 0
             21.7746  0.179587    30.364 0.0275935 -0.00116578 0.000331578 -0.00302135  -0.00113019 -0.000364818  -0.00357415 -0.000298799 -6.43817e-06  0.000148333  0.000330271 -0.000765789 -0.000489272 1 0 0 16627
             21.7746  0.179587    30.364 0.0275935 -0.00116578 0.000331578 -0.00302135  -0.00113019 -0.000364818  -0.00357415 -0.000298799 -6.43817e-06  0.000148333  0.000330271 -0.000765789 -0.000489272 1 0 0 0
             21.8414  0.179587    30.364 0.0275935 -0.00116603 0.000326184 -0.00301892  -0.00113576 -0.000430696  -0.00354311 -0.000298833 -6.44075e-06  0.000148354  0.000330453 -0.000765138  -0.00048951 1 0 0 7075
             21.8414  0.179587    30.364 0.0275935 -0.00116603 0.000326184 -0.00301892  -0.00113576 -0.000430696  -0.00354311 -0.000298833 -6.44075e-06  0.000148354  0.000330453 -0.000765138  -0.00048951 1 0 0 0
             21.9748   0.17961   30.3645 0.0283886 -0.00116923 0.000312124 -0.00302884  -0.00118629 -0.000602591  -0.00366877 -0.000298772 -6.52789e-06  0.000148238  0.000330204 -0.000763432 -0.000488257 1 0 0 24557
             21.9748   0.17961   30.3645 0.0283886 -0.00116923 0.000312124 -0.00302884  -0.00118629 -0.000602591  -0.00366877 -0.000298772 -6.52789e-06  0.000148238  0.000330204 -0.000763432 -0.000488257 1 0 0 0
             22.0415   0.17961   30.3645 0.0283886 -0.00116248 0.000300795 -0.00301633  -0.00110013 -0.000737995  -0.00350837 -0.000298794 -6.46308e-06  0.000148291  0.000330265 -0.000762076 -0.000490001 1 0 0 11754
             22.0415   0.17961   30.3645 0.0283886 -0.00116248 0.000300795 -0.00301633  -0.00110013 -0.000737995  -0.00350837 -0.000298794 -6.46308e-06  0.000148291  0.000330265 -0.000762076 -0.000490001 1 0 0 0
             22.1749  0.179608   30.3641 0.0289871 -0.00115707 0.000323004 -0.00302415  -0.0010186 -0.00046482 -0.00360814 -0.000298739 -6.39024e-06  0.000148206  0.000329179 -0.000764766 -0.000489522 1 0 0 24418
             22.1749  0.179608   30.3641 0.0289871 -0.00115707 0.000323004 -0.00302415  -0.0010186 -0.00046482 -0.00360814 -0.000298739 -6.39024e-06  0.000148206  0.000329179 -0.000764766 -0.000489522 1 0 0 0
             22.2416  0.179608   30.3641 0.0289871  -0.0011645 0.000317687 -0.00301126  -0.00111841 -0.000533818  -0.00344515 -0.000298746 -6.39451e-06  0.000148206  0.000330772 -0.000764115 -0.000490414 1 0 0 11815
             22.2416  0.179608   30.3641 0.0289871  -0.0011645 0.000317687 -0.00301126  -0.00111841 -0.000533818  -0.00344515 -0.000298746 -6.39451e-06  0.000148206  0.000330772 -0.000764115 -0.000490414 1 0 0 0
             22.3084  0.179608   30.3641 0.0289871 -0.00116044 0.000298775 -0.00301235  -0.00107348 -0.000761859  -0.00345754 -0.000298714 -6.48278e-06  0.000148195  0.000330295 -0.000761836 -0.000490549 1 0 0 12483
             22.3084  0.179608   30.3641 0.0289871 -0.00116044 0.000298775 -0.00301235  -0.00107348 -0.000761859  -0.00345754 -0.000298714 -6.48278e-06  0.000148195  0.000330295 -0.000761836 -0.000490549 1 0 0 0
             22.4418  0.179608   30.3641 0.0289871 -0.00116742 0.000291825 -0.00301049  -0.00116947 -0.000849809  -0.00343452 -0.000298703 -6.41416e-06  0.000148199  0.000331163 -0.000760986 -0.000490303 1 0 0 23819
             22.4418  0.179608   30.3641 0.0289871 -0.00116742 0.000291825 -0.00301049  -0.00116947 -0.000849809  -0.00343452 -0.000298703 -6.41416e-06  0.000148199  0.000331163 -0.000760986 -0.000490303 1 0 0 0
             22.5085  0.179608   30.3641 0.0289871 -0.00115233 0.000305158 -0.00300599 -0.000961569 -0.000680792  -0.00337596  -0.00029869 -6.42324e-06  0.000148184  0.000329811 -0.000762621 -0.000491735 1 0 0 12265
             22.5085  0.179608   30.3641 0.0289871 -0.00115233 0.000305158 -0.00300599 -0.000961569 -0.000680792  -0.00337596  -0.00029869 -6.42324e-06  0.000148184  0.000329811 -0.000762621 -0.000491735 1 0 0 0
             22.5752  0.179608   30.3641 0.0289871 -0.00115725 0.000296205 -0.00301266 -0.00103212 -0.00079158 -0.00346078 -0.000298678 -6.48913e-06  0.000148193  0.000329938  -0.00076153 -0.000490718 1 0 0 16736
             22.5752  0.179608   30.3641 0.0289871 -0.00115725 0.000296205 -0.00301266 -0.00103212 -0.00079158 -0.00346078 -0.000298678 -6.48913e-06  0.000148193  0.000329938  -0.00076153 -0.000490718 1 0 0 0
             22.6419  0.179608   30.3641 0.0289871 -0.00116111 0.000300714 -0.00301018  -0.00108111 -0.000738727   -0.0034301  -0.00029869 -6.50207e-06  0.000148196  0.000330497  -0.00076207 -0.000490737 1 0 0 7369
             22.6419  0.179608   30.3641 0.0289871 -0.00116111 0.000300714 -0.00301018  -0.00108111 -0.000738727   -0.0034301  -0.00029869 -6.50207e-06  0.000148196  0.000330497  -0.00076207 -0.000490737 1 0 0 0
             22.7087  0.179608   30.3641 0.0289871 -0.00116615 0.000299555 -0.00301081    -0.001149 -0.000755169  -0.00343873 -0.000298693 -6.53042e-06  0.000148189  0.000330999 -0.000761922 -0.000490352 1 0 0 12292
             22.7087  0.179608   30.3641 0.0289871 -0.00116615 0.000299555 -0.00301081    -0.001149 -0.000755169  -0.00343873 -0.000298693 -6.53042e-06  0.000148189  0.000330999 -0.000761922 -0.000490352 1 0 0 0
             22.7754  0.179608   30.3641 0.0289871 -0.00116921 0.000300105 -0.00301799  -0.00119037 -0.000749467  -0.00353043 -0.000298713 -6.47065e-06  0.000148208  0.000330883 -0.000761982   -0.0004894 1 0 0 16433
             22.7754  0.179608   30.3641 0.0289871 -0.00116921 0.000300105 -0.00301799  -0.00119037 -0.000749467  -0.00353043 -0.000298713 -6.47065e-06  0.000148208  0.000330883 -0.000761982   -0.0004894 1 0 0 0
             22.8421  0.179608   30.3641 0.0289871 -0.00116995 0.000305238 -0.00300816  -0.00119662 -0.000688014  -0.00340587 -0.000298676 -6.40794e-06  0.000148199  0.000331561 -0.000762603 -0.000490394 1 0 0 7561
             22.8421  0.179608   30.3641 0.0289871 -0.00116995 0.000305238 -0.00300816  -0.00119662 -0.000688014  -0.00340587 -0.000298676 -6.40794e-06  0.000148199  0.000331561 -0.000762603 -0.000490394 1 0 0 0
             22.9088  0.179608   30.3641 0.0289871 -0.00117395 0.000305152 -0.00302389  -0.00125188 -0.000689932  -0.00360628  -0.00029867 -6.47562e-06  0.000148178  0.000331021 -0.000762584 -0.000488479 1 0 0 12184
             22.9088  0.179608   30.3641 0.0289871 -0.00117395 0.000305152 -0.00302389  -0.00125188 -0.000689932  -0.00360628  -0.00029867 -6.47562e-06  0.000148178  0.000331021 -0.000762584 -0.000488479 1 0 0 0
             22.9755  0.179608   30.3641 0.0289871 -0.00115932 0.000296766  -0.0030149  -0.00105976 -0.000785597  -0.00348961 -0.000298701 -6.49058e-06  0.000148153   0.00033002 -0.000761594  -0.00049035 1 0 0 16583
             22.9755  0.179608   30.3641 0.0289871 -0.00115932 0.000296766  -0.0030149  -0.00105976 -0.000785597  -0.00348961 -0.000298701 -6.49058e-06  0.000148153   0.00033002 -0.000761594  -0.00049035 1 0 0 0
             23.0422  0.179608   30.3641 0.0289871 -0.00116103 0.000292379  -0.0030163  -0.00108476 -0.000839669  -0.00350739 -0.000298698 -6.47694e-06  0.000148181  0.000330122 -0.000761061 -0.000490094 1 0 0 7692
             23.0422  0.179608   30.3641 0.0289871 -0.00116103 0.000292379  -0.0030163  -0.00108476 -0.000839669  -0.00350739 -0.000298698 -6.47694e-06  0.000148181  0.000330122 -0.000761061 -0.000490094 1 0 0 0
             23.1089  0.179608   30.3641 0.0289871 -0.00116798 0.000288225 -0.00302884  -0.00118102 -0.000892682  -0.00366744 -0.000298702 -6.50219e-06  0.000148178    0.0003301 -0.000760546 -0.000488328 1 0 0 11884
             23.1089  0.179608   30.3641 0.0289871 -0.00116798 0.000288225 -0.00302884  -0.00118102 -0.000892682  -0.00366744 -0.000298702 -6.50219e-06  0.000148178    0.0003301 -0.000760546 -0.000488328 1 0 0 0
             23.2424  0.179608   30.3641 0.0289871 -0.00115356 0.000288734 -0.00302345  -0.00098793 -0.000880014  -0.00359694 -0.000298685 -6.45203e-06  0.000148184   0.00032889 -0.000760631 -0.000489809 1 0 0 24201
             23.2424  0.179608   30.3641 0.0289871 -0.00115356 0.000288734 -0.00302345  -0.00098793 -0.000880014  -0.00359694 -0.000298685 -6.45203e-06  0.000148184   0.00032889 -0.000760631 -0.000489809 1 0 0 0
             23.3091  0.179608   30.3641 0.0289871 -0.00115635 0.000282369 -0.00302508  -0.00102833 -0.000958648  -0.00361776 -0.000298676 -6.50742e-06  0.000148163  0.000329096 -0.000759857 -0.000489458 1 0 0 12080
             23.3091  0.179608   30.3641 0.0289871 -0.00115635 0.000282369 -0.00302508  -0.00102833 -0.000958648  -0.00361776 -0.000298676 -6.50742e-06  0.000148163  0.000329096 -0.000759857 -0.000489458 1 0 0 0
             23.3758  0.179608   30.3641 0.0289871 -0.00115096 0.000286849 -0.00301786 -0.000953474 -0.000902077  -0.00352549 -0.000298698 -6.45049e-06  0.000148141  0.000328958 -0.000760408 -0.000490563 1 0 0 16551
             23.3758  0.179608   30.3641 0.0289871 -0.00115096 0.000286849 -0.00301786 -0.000953474 -0.000902077  -0.00352549 -0.000298698 -6.45049e-06  0.000148141  0.000328958 -0.000760408 -0.000490563 1 0 0 0
             23.4425  0.179608   30.3641 0.0289871 -0.00115444 0.000278075 -0.00301325 -0.00100343 -0.00101074 -0.00346699 -0.000298667  -6.4324e-06  0.000148177  0.000329624 -0.000759344 -0.000490828 1 0 0 7467
             23.4425  0.179608   30.3641 0.0289871 -0.00115444 0.000278075 -0.00301325 -0.00100343 -0.00101074 -0.00346699 -0.000298667  -6.4324e-06  0.000148177  0.000329624 -0.000759344 -0.000490828 1 0 0 0
             23.5092  0.179608   30.3641 0.0289871 -0.00115419 0.000276621 -0.00302453  -0.0010022 -0.00102757 -0.00361021 -0.000298697 -6.43806e-06  0.000148191  0.000328906 -0.000759166 -0.000489651 1 0 0 12107
             23.5092  0.179608   30.3641 0.0289871 -0.00115419 0.000276621 -0.00302453  -0.0010022 -0.00102757 -0.00361021 -0.000298697 -6.43806e-06  0.000148191  0.000328906 -0.000759166 -0.000489651 1 0 0 0
             23.5759  0.179608   30.3641 0.0289871 -0.00115032 0.000283792 -0.00301455 -0.000945978 -0.000939169  -0.00348321 -0.000298688 -6.40706e-06  0.000148184  0.000329097  -0.00076004 -0.000490952 1 0 0 16677
             23.5759  0.179608   30.3641 0.0289871 -0.00115032 0.000283792 -0.00301455 -0.000945978 -0.000939169  -0.00348321 -0.000298688 -6.40706e-06  0.000148184  0.000329097  -0.00076004 -0.000490952 1 0 0 0
             23.7094  0.179608   30.3641 0.0289871 -0.00115006  0.00027973 -0.00301056 -0.000943834 -0.000988698  -0.00343238 -0.000298687 -6.48066e-06  0.000148183  0.000329318 -0.000759551 -0.000491389 1 0 0 19600
             23.7094  0.179608   30.3641 0.0289871 -0.00115006  0.00027973 -0.00301056 -0.000943834 -0.000988698  -0.00343238 -0.000298687 -6.48066e-06  0.000148183  0.000329318 -0.000759551 -0.000491389 1 0 0 0
             23.7761  0.179608   30.3641 0.0289871 -0.00115488 0.000280072 -0.00302399  -0.00100965 -0.000985961  -0.00360353 -0.000298694 -6.47805e-06  0.000148202  0.000329008 -0.000759582 -0.000489666 1 0 0 16521
             23.7761  0.179608   30.3641 0.0289871 -0.00115488 0.000280072 -0.00302399  -0.00100965 -0.000985961  -0.00360353 -0.000298694 -6.47805e-06  0.000148202  0.000329008 -0.000759582 -0.000489666 1 0 0 0
             23.8428  0.179608   30.3641 0.0289871 -0.00115457 0.000279933 -0.00301344  -0.00100425 -0.000988174   -0.0034696 -0.000298664  -6.4332e-06  0.000148219  0.000329623 -0.000759568 -0.000490799 1 0 0 7791
             23.8428  0.179608   30.3641 0.0289871 -0.00115457 0.000279933 -0.00301344  -0.00100425 -0.000988174   -0.0034696 -0.000298664  -6.4332e-06  0.000148219  0.000329623 -0.000759568 -0.000490799 1 0 0 0
             23.9095  0.179608   30.3641 0.0289871 -0.00115042 0.000288448 -0.00301314  -0.00094488 -0.000882671   -0.0034656   -0.0002987 -6.42918e-06  0.000148217  0.000329188 -0.000760603 -0.000491096 1 0 0 11735
             23.9095  0.179608   30.3641 0.0289871 -0.00115042 0.000288448 -0.00301314  -0.00094488 -0.000882671   -0.0034656   -0.0002987 -6.42918e-06  0.000148217  0.000329188 -0.000760603 -0.000491096 1 0 0 0
             23.9762  0.179608   30.3641 0.0289871 -0.00114705 0.000278534  -0.0030132 -0.00090472 -0.00100166 -0.00346538 -0.000298675 -6.45397e-06  0.000148209 0.000328837 -0.00075941  -0.0004913 1 0 0 16608
             23.9762  0.179608   30.3641 0.0289871 -0.00114705 0.000278534  -0.0030132 -0.00090472 -0.00100166 -0.00346538 -0.000298675 -6.45397e-06  0.000148209 0.000328837 -0.00075941  -0.0004913 1 0 0 0
             24.0429  0.179608   30.3641 0.0289871 -0.00114814 0.000281601 -0.00300432 -0.000916616 -0.000965441   -0.0033529 -0.000298672 -6.42455e-06  0.000148215  0.000329495 -0.000759781  -0.00049217 1 0 0 7926
             24.0429  0.179608   30.3641 0.0289871 -0.00114814 0.000281601 -0.00300432 -0.000916616 -0.000965441   -0.0033529 -0.000298672 -6.42455e-06  0.000148215  0.000329495 -0.000759781  -0.00049217 1 0 0 0
             24.1097  0.179608   30.3641 0.0289871 -0.00115153 0.000276322 -0.00300939 -0.000964977  -0.00103093  -0.00341752 -0.000298716 -6.43754e-06  0.000148214  0.000329552 -0.000759137 -0.000491418 1 0 0 11780
             24.1097  0.179608   30.3641 0.0289871 -0.00115153 0.000276322 -0.00300939 -0.000964977  -0.00103093  -0.00341752 -0.000298716 -6.43754e-06  0.000148214  0.000329552 -0.000759137 -0.000491418 1 0 0 0
             24.1764  0.179608   30.3641 0.0289871 -0.00115521  0.00027937  -0.0030195  -0.00101381 -0.000994946  -0.00354653 -0.000298704 -6.42639e-06  0.000148225   0.00032932 -0.000759498  -0.00049012 1 0 0 16597
             24.1764  0.179608   30.3641 0.0289871 -0.00115521  0.00027937  -0.0030195  -0.00101381 -0.000994946  -0.00354653 -0.000298704 -6.42639e-06  0.000148225   0.00032932 -0.000759498  -0.00049012 1 0 0 0
             24.2431  0.179608   30.3641 0.0289871 -0.00115458 0.000277557  -0.0030135 -0.00100551 -0.00101708 -0.00347014  -0.00029868 -6.43332e-06  0.000148221  0.000329624 -0.000759281 -0.000490793 1 0 0 7732
             24.2431  0.179608   30.3641 0.0289871 -0.00115458 0.000277557  -0.0030135 -0.00100551 -0.00101708 -0.00347014  -0.00029868 -6.43332e-06  0.000148221  0.000329624 -0.000759281 -0.000490793 1 0 0 0
             24.3098  0.179608   30.3641 0.0289871 -0.00115024 0.000281017 -0.00301148 -0.000945819 -0.000973084  -0.00344404 -0.000298689 -6.42259e-06  0.000148195   0.00032928 -0.000759706 -0.000491281 1 0 0 11887
             24.3098  0.179608   30.3641 0.0289871 -0.00115024 0.000281017 -0.00301148 -0.000945819 -0.000973084  -0.00344404 -0.000298689 -6.42259e-06  0.000148195   0.00032928 -0.000759706 -0.000491281 1 0 0 0
             24.3765  0.179608   30.3641 0.0289871 -0.00115832 0.000281013 -0.00301514  -0.0010539 -0.00097671 -0.00349174 -0.000298694 -6.46522e-06  0.000148182  0.000329918 -0.000759693 -0.000490384 1 0 0 16638
             24.3765  0.179608   30.3641 0.0289871 -0.00115832 0.000281013 -0.00301514  -0.0010539 -0.00097671 -0.00349174 -0.000298694 -6.46522e-06  0.000148182  0.000329918 -0.000759693 -0.000490384 1 0 0 0
               24.51  0.179608   30.3641 0.0289871 -0.00114978 0.000271788 -0.00301301 -0.000944217  -0.00108502  -0.00346304 -0.000298712 -6.38711e-06  0.000148209  0.000329148 -0.000758591 -0.000491145 1 0 0 19297
               24.51  0.179608   30.3641 0.0289871 -0.00114978 0.000271788 -0.00301301 -0.000944217  -0.00108502  -0.00346304 -0.000298712 -6.38711e-06  0.000148209  0.000329148 -0.000758591 -0.000491145 1 0 0 0
             24.6434  0.179608   30.3641 0.0289871 -0.00114759 0.000274605 -0.00300871 -0.000913129  -0.00104998  -0.00340819  -0.00029867 -6.36872e-06  0.000148175  0.000329175 -0.000758936 -0.000491739 1 0 0 24530
             24.6434  0.179608   30.3641 0.0289871 -0.00114759 0.000274605 -0.00300871 -0.000913129  -0.00104998  -0.00340819  -0.00029867 -6.36872e-06  0.000148175  0.000329175 -0.000758936 -0.000491739 1 0 0 0
             24.7101  0.179608   30.3641 0.0289871 -0.00114284 0.000269996 -0.00300635 -0.000851765  -0.00110395  -0.00337733 -0.000298677 -6.37623e-06  0.000148182  0.000328818 -0.000758387 -0.000492287 1 0 0 12182
             24.7101  0.179608   30.3641 0.0289871 -0.00114284 0.000269996 -0.00300635 -0.000851765  -0.00110395  -0.00337733 -0.000298677 -6.37623e-06  0.000148182  0.000328818 -0.000758387 -0.000492287 1 0 0 0
             24.7768  0.179608   30.3641 0.0289871 -0.00114485 0.000272032 -0.00300784 -0.000877719  -0.00108004  -0.00339662 -0.000298712  -6.3592e-06  0.000148184  0.000328939 -0.000758629 -0.000492004 1 0 0 16317
             24.7768  0.179608   30.3641 0.0289871 -0.00114485 0.000272032 -0.00300784 -0.000877719  -0.00108004  -0.00339662 -0.000298712  -6.3592e-06  0.000148184  0.000328939 -0.000758629 -0.000492004 1 0 0 0
             24.8435  0.179608   30.3641 0.0289871  -0.0011467 0.000272367 -0.00300679 -0.00090205 -0.00107691 -0.00338359 -0.000298697 -6.37285e-06  0.000148186    0.0003292 -0.000758667 -0.000491998 1 0 0 7722
             24.8435  0.179608   30.3641 0.0289871  -0.0011467 0.000272367 -0.00300679 -0.00090205 -0.00107691 -0.00338359 -0.000298697 -6.37285e-06  0.000148186    0.0003292 -0.000758667 -0.000491998 1 0 0 0
             24.9103  0.179608   30.3641 0.0289871 -0.00113967 0.000277314 -0.00300792 -0.00080626 -0.00101335 -0.00339727 -0.000298716 -6.34723e-06  0.000148199  0.000328373 -0.000759275 -0.000492323 1 0 0 12164
             24.9103  0.179608   30.3641 0.0289871 -0.00113967 0.000277314 -0.00300792 -0.00080626 -0.00101335 -0.00339727 -0.000298716 -6.34723e-06  0.000148199  0.000328373 -0.000759275 -0.000492323 1 0 0 0
              24.977  0.179608   30.3641 0.0289871 -0.00113574 0.000278391 -0.00299842 -0.000752171 -0.000999008  -0.00327612 -0.000298703 -6.36083e-06  0.000148178  0.000328536 -0.000759413 -0.000493575 1 0 0 16186
              24.977  0.179608   30.3641 0.0289871 -0.00113574 0.000278391 -0.00299842 -0.000752171 -0.000999008  -0.00327612 -0.000298703 -6.36083e-06  0.000148178  0.000328536 -0.000759413 -0.000493575 1 0 0 0
             25.1104  0.179608   30.3641 0.0289871 -0.00113543 0.000275449 -0.00300077 -0.000749749  -0.00103449   -0.0033058 -0.000298717  -6.3684e-06  0.000148187  0.000328362 -0.000759058 -0.000493345 1 0 0 20063
             25.1104  0.179608   30.3641 0.0289871 -0.00113543 0.000275449 -0.00300077 -0.000749749  -0.00103449   -0.0033058 -0.000298717  -6.3684e-06  0.000148187  0.000328362 -0.000759058 -0.000493345 1 0 0 0
             25.1771  0.179608   30.3641 0.0289871 -0.00112732 0.000277273 -0.00299928 -0.000640602  -0.00100857  -0.00328578 -0.000298725 -6.30903e-06  0.000148196  0.000327585 -0.000759291 -0.000494016 1 0 0 16212
             25.1771  0.179608   30.3641 0.0289871 -0.00112732 0.000277273 -0.00299928 -0.000640602  -0.00100857  -0.00328578 -0.000298725 -6.30903e-06  0.000148196  0.000327585 -0.000759291 -0.000494016 1 0 0 0
             25.2438  0.179608   30.3641 0.0289871 -0.00113203 0.000281485 -0.00299884 -0.000701348 -0.000959596  -0.00328101 -0.000298697 -6.31458e-06  0.000148165   0.00032811 -0.000759793 -0.000493767 1 0 0 7883
             25.2438  0.179608   30.3641 0.0289871 -0.00113203 0.000281485 -0.00299884 -0.000701348 -0.000959596  -0.00328101 -0.000298697 -6.31458e-06  0.000148165   0.00032811 -0.000759793 -0.000493767 1 0 0 0
             25.3105  0.179608   30.3641 0.0289871 -0.00113467 0.000281188 -0.00300201 -0.000737033 -0.000964245  -0.00332169   -0.0002987 -6.32071e-06  0.000148164  0.000328197 -0.000759752 -0.000493264 1 0 0 12070
             25.3105  0.179608   30.3641 0.0289871 -0.00113467 0.000281188 -0.00300201 -0.000737033 -0.000964245  -0.00332169   -0.0002987 -6.32071e-06  0.000148164  0.000328197 -0.000759752 -0.000493264 1 0 0 0
             25.3773  0.179608   30.3641 0.0289871 -0.00112796 0.000269253 -0.00299844 -0.000652852  -0.00110648  -0.00327482 -0.000298694 -6.34358e-06  0.000148161  0.000327715 -0.000758321 -0.000494062 1 0 0 16263
             25.3773  0.179608   30.3641 0.0289871 -0.00112796 0.000269253 -0.00299844 -0.000652852  -0.00110648  -0.00327482 -0.000298694 -6.34358e-06  0.000148161  0.000327715 -0.000758321 -0.000494062 1 0 0 0
             25.5107  0.179608   30.3641 0.0289871 -0.00113138 0.000271592 -0.00300667 -0.000698273  -0.00107911  -0.00337987 -0.000298697 -6.34216e-06  0.000148161  0.000327571 -0.000758596 -0.000492978 1 0 0 20041
             25.5107  0.179608   30.3641 0.0289871 -0.00113138 0.000271592 -0.00300667 -0.000698273  -0.00107911  -0.00337987 -0.000298697 -6.34216e-06  0.000148161  0.000327571 -0.000758596 -0.000492978 1 0 0 0
             25.5774  0.179608   30.3641 0.0289871  -0.0011375 0.000282688 -0.00300418 -0.000774339 -0.000947197  -0.00334969 -0.000298694 -6.33811e-06  0.000148162  0.000328365 -0.000759929 -0.000492857 1 0 0 15982
             25.5774  0.179608   30.3641 0.0289871  -0.0011375 0.000282688 -0.00300418 -0.000774339 -0.000947197  -0.00334969 -0.000298694 -6.33811e-06  0.000148162  0.000328365 -0.000759929 -0.000492857 1 0 0 0
             25.6441  0.179608   30.3641 0.0289871 -0.00112787 0.000290363 -0.00299569 -0.000641291 -0.000849841  -0.00324097 -0.000298688 -6.30596e-06  0.000148157  0.000327848 -0.000760872 -0.000494364 1 0 0 8051
             25.6441  0.179608   30.3641 0.0289871 -0.00112787 0.000290363 -0.00299569 -0.000641291 -0.000849841  -0.00324097 -0.000298688 -6.30596e-06  0.000148157  0.000327848 -0.000760872 -0.000494364 1 0 0 0
             25.7108  0.179608   30.3641 0.0289871  -0.0011311 0.000286306 -0.00299511 -0.000686122 -0.000900754  -0.00323384 -0.000298689 -6.32045e-06  0.000148143  0.000328233 -0.000760377  -0.00049422 1 0 0 12069
             25.7108  0.179608   30.3641 0.0289871  -0.0011311 0.000286306 -0.00299511 -0.000686122 -0.000900754  -0.00323384 -0.000298689 -6.32045e-06  0.000148143  0.000328233 -0.000760377  -0.00049422 1 0 0 0
             25.8443  0.179608   30.3641 0.0289871 -0.00113554 0.000282525 -0.00299097 -0.000746616 -0.000949105  -0.00318169 -0.000298701 -6.32604e-06  0.000148148  0.000328967 -0.000759915 -0.000494376 1 0 0 24267
             25.8443  0.179608   30.3641 0.0289871 -0.00113554 0.000282525 -0.00299097 -0.000746616 -0.000949105  -0.00318169 -0.000298701 -6.32604e-06  0.000148148  0.000328967 -0.000759915 -0.000494376 1 0 0 0
              25.911  0.179608   30.3641 0.0289871 -0.00114168 0.000286504 -0.00299872 -0.000827497 -0.000903113  -0.00328113 -0.000298694 -6.30893e-06  0.000148156  0.000329142 -0.000760385 -0.000493171 1 0 0 11971
              25.911  0.179608   30.3641 0.0289871 -0.00114168 0.000286504 -0.00299872 -0.000827497 -0.000903113  -0.00328113 -0.000298694 -6.30893e-06  0.000148156  0.000329142 -0.000760385 -0.000493171 1 0 0 0
             25.9777  0.179608   30.3641 0.0289871 -0.00114891 0.000286141  -0.0029979 -0.000923966 -0.000910997  -0.00327169 -0.000298696 -6.32595e-06  0.000148155  0.000329966  -0.00076033 -0.000492801 1 0 0 16110
             25.9777  0.179608   30.3641 0.0289871 -0.00114891 0.000286141  -0.0029979 -0.000923966 -0.000910997  -0.00327169 -0.000298696 -6.32595e-06  0.000148155  0.000329966  -0.00076033 -0.000492801 1 0 0 0
             26.1111  0.179608   30.3641 0.0289871 -0.00114128 0.000283506 -0.00299007 -0.000822444 -0.000939946  -0.00317112 -0.000298706 -6.32918e-06  0.000148149  0.000329634 -0.000760025 -0.000494109 1 0 0 20128
             26.1111  0.179608   30.3641 0.0289871 -0.00114128 0.000283506 -0.00299007 -0.000822444 -0.000939946  -0.00317112 -0.000298706 -6.32918e-06  0.000148149  0.000329634 -0.000760025 -0.000494109 1 0 0 0
             26.1778  0.179608   30.3641 0.0289871 -0.00114755 0.000273201 -0.00299773 -0.000911926  -0.00106776  -0.00326878  -0.00029872 -6.36358e-06  0.000148166  0.000329847 -0.000758769   -0.0004929 1 0 0 16118
             26.1778  0.179608   30.3641 0.0289871 -0.00114755 0.000273201 -0.00299773 -0.000911926  -0.00106776  -0.00326878  -0.00029872 -6.36358e-06  0.000148166  0.000329847 -0.000758769   -0.0004929 1 0 0 0
             26.2446  0.179608   30.3641 0.0289871 -0.00115197 0.000279725 -0.00299837 -0.000967768  -0.00099045   -0.0032778 -0.000298714 -6.35596e-06  0.000148156  0.000330272  -0.00075955 -0.000492556 1 0 0 8102
             26.2446  0.179608   30.3641 0.0289871 -0.00115197 0.000279725 -0.00299837 -0.000967768  -0.00099045   -0.0032778 -0.000298714 -6.35596e-06  0.000148156  0.000330272  -0.00075955 -0.000492556 1 0 0 0
             26.3113  0.179608   30.3641 0.0289871 -0.00114304 0.000287145 -0.00299506 -0.000844816 -0.000896203  -0.00323486 -0.000298719  -6.2907e-06  0.000148139  0.000329512 -0.000760461 -0.000493472 1 0 0 11889
             26.3113  0.179608   30.3641 0.0289871 -0.00114304 0.000287145 -0.00299506 -0.000844816 -0.000896203  -0.00323486 -0.000298719  -6.2907e-06  0.000148139  0.000329512 -0.000760461 -0.000493472 1 0 0 0
              26.378  0.179608   30.3641 0.0289871 -0.00114917 0.000274637 -0.00299967 -0.000932991  -0.00105093   -0.0032937 -0.000298702 -6.33127e-06  0.000148126  0.000329899 -0.000758939 -0.000492594 1 0 0 16145
              26.378  0.179608   30.3641 0.0289871 -0.00114917 0.000274637 -0.00299967 -0.000932991  -0.00105093   -0.0032937 -0.000298702 -6.33127e-06  0.000148126  0.000329899 -0.000758939 -0.000492594 1 0 0 0
             26.4447  0.179608   30.3641 0.0289871  -0.0011542 0.000274013 -0.00300056 -0.00100053 -0.00106084 -0.00330563 -0.000298688 -6.35205e-06  0.000148131  0.000330383 -0.000758856 -0.000492182 1 0 0 8259
             26.4447  0.179608   30.3641 0.0289871  -0.0011542 0.000274013 -0.00300056 -0.00100053 -0.00106084 -0.00330563 -0.000298688 -6.35205e-06  0.000148131  0.000330383 -0.000758856 -0.000492182 1 0 0 0
             26.6448  0.179608   30.3641 0.0289871 -0.00115723 0.000280729 -0.00299801  -0.00103735 -0.000980755    -0.003274 -0.000298671 -6.31587e-06  0.000148128  0.000330855 -0.000759664 -0.000492262 1 0 0 36132
             26.6448  0.179608   30.3641 0.0289871 -0.00115723 0.000280729 -0.00299801  -0.00103735 -0.000980755    -0.003274 -0.000298671 -6.31587e-06  0.000148128  0.000330855 -0.000759664 -0.000492262 1 0 0 0
             26.7116  0.179608   30.3641 0.0289871 -0.00115419 0.000282517 -0.00299928 -0.000996131 -0.000957489  -0.00328986 -0.000298669 -6.31989e-06  0.000148121  0.000330449 -0.000759884  -0.00049232 1 0 0 11929
             26.7116  0.179608   30.3641 0.0289871 -0.00115419 0.000282517 -0.00299928 -0.000996131 -0.000957489  -0.00328986 -0.000298669 -6.31989e-06  0.000148121  0.000330449 -0.000759884  -0.00049232 1 0 0 0
              26.845  0.179608   30.3641 0.0289871 -0.00115754  0.00027186 -0.00299573 -0.00104536 -0.00108891 -0.00324466 -0.000298675 -6.35602e-06  0.000148131  0.000331039 -0.000758592 -0.000492481 1 0 0 24483
              26.845  0.179608   30.3641 0.0289871 -0.00115754  0.00027186 -0.00299573 -0.00104536 -0.00108891 -0.00324466 -0.000298675 -6.35602e-06  0.000148131  0.000331039 -0.000758592 -0.000492481 1 0 0 0
             26.9784  0.179608   30.3641 0.0289871 -0.00115834 0.000274132 -0.00299531 -0.00105494 -0.00106169 -0.00323956 -0.000298657 -6.30879e-06   0.00014813  0.000331148 -0.000758866 -0.000492475 1 0 0 24230
             26.9784  0.179608   30.3641 0.0289871 -0.00115834 0.000274132 -0.00299531 -0.00105494 -0.00106169 -0.00323956 -0.000298657 -6.30879e-06   0.00014813  0.000331148 -0.000758866 -0.000492475 1 0 0 0
             27.0451  0.179608   30.3641 0.0289871 -0.00115613 0.000279472 -0.00299616  -0.00102308 -0.000995636  -0.00325029 -0.000298662 -6.30253e-06  0.000148111  0.000330853 -0.000759514 -0.000492527 1 0 0 11823
             27.0451  0.179608   30.3641 0.0289871 -0.00115613 0.000279472 -0.00299616  -0.00102308 -0.000995636  -0.00325029 -0.000298662 -6.30253e-06  0.000148111  0.000330853 -0.000759514 -0.000492527 1 0 0 0
             27.1786  0.179608   30.3641 0.0289871  -0.0011566 0.000273468 -0.00299506 -0.00103205 -0.00106896 -0.00323609 -0.000298679 -6.33252e-06  0.000148109  0.000330979 -0.000758788 -0.000492611 1 0 0 24516
             27.1786  0.179608   30.3641 0.0289871  -0.0011566 0.000273468 -0.00299506 -0.00103205 -0.00106896 -0.00323609 -0.000298679 -6.33252e-06  0.000148109  0.000330979 -0.000758788 -0.000492611 1 0 0 0
             27.2453  0.179608   30.3641 0.0289871 -0.00116068 0.000271813 -0.00299789 -0.00108758 -0.00109084 -0.00327254 -0.000298698 -6.32147e-06  0.000148114  0.000331243 -0.000758581 -0.000492054 1 0 0 11694
             27.2453  0.179608   30.3641 0.0289871 -0.00116068 0.000271813 -0.00299789 -0.00108758 -0.00109084 -0.00327254 -0.000298698 -6.32147e-06  0.000148114  0.000331243 -0.000758581 -0.000492054 1 0 0 0
             27.3787  0.179608   30.3641 0.0289871 -0.00115833 0.000268829 -0.00299692 -0.00105747 -0.00112608 -0.00325979 -0.000298655 -6.28901e-06  0.000148118  0.000331054 -0.000758224 -0.000492304 1 0 0 24325
             27.3787  0.179608   30.3641 0.0289871 -0.00115833 0.000268829 -0.00299692 -0.00105747 -0.00112608 -0.00325979 -0.000298655 -6.28901e-06  0.000148118  0.000331054 -0.000758224 -0.000492304 1 0 0 0
             27.4454  0.179608   30.3641 0.0289871 -0.00115731 0.000268068  -0.0029998 -0.00104462 -0.00113466 -0.00329609 -0.000298667 -6.29921e-06  0.000148099  0.000330769 -0.000758134 -0.000492065 1 0 0 11899
             27.4454  0.179608   30.3641 0.0289871 -0.00115731 0.000268068  -0.0029998 -0.00104462 -0.00113466 -0.00329609 -0.000298667 -6.29921e-06  0.000148099  0.000330769 -0.000758134 -0.000492065 1 0 0 0
             27.5121  0.179608   30.3641 0.0289871 -0.00115501 0.000266875 -0.00300256 -0.00101494 -0.00114792 -0.00333082 -0.000298684 -6.31963e-06  0.000148096  0.000330356 -0.000757992 -0.000491917 1 0 0 12045
             27.5121  0.179608   30.3641 0.0289871 -0.00115501 0.000266875 -0.00300256 -0.00101494 -0.00114792 -0.00333082 -0.000298684 -6.31963e-06  0.000148096  0.000330356 -0.000757992 -0.000491917 1 0 0 0
             27.5789  0.179608   30.3641 0.0289871 -0.00115943  0.00026493 -0.00299884 -0.00107424  -0.0011739 -0.00328405 -0.000298684  -6.2962e-06  0.000148106  0.000331059 -0.000757751 -0.000492031 1 0 0 15831
             27.5789  0.179608   30.3641 0.0289871 -0.00115943  0.00026493 -0.00299884 -0.00107424  -0.0011739 -0.00328405 -0.000298684  -6.2962e-06  0.000148106  0.000331059 -0.000757751 -0.000492031 1 0 0 0
             27.6456  0.179608   30.3641 0.0289871 -0.00116055 0.000263751 -0.00300263 -0.00109028 -0.00118852 -0.00333234 -0.000298681 -6.27902e-06  0.000148106  0.000330948 -0.000757606 -0.000491559 1 0 0 8272
             27.6456  0.179608   30.3641 0.0289871 -0.00116055 0.000263751 -0.00300263 -0.00109028 -0.00118852 -0.00333234 -0.000298681 -6.27902e-06  0.000148106  0.000330948 -0.000757606 -0.000491559 1 0 0 0
              27.779  0.179608   30.3641 0.0289871 -0.00116008 0.000263916 -0.00300493 -0.00108412 -0.00118615 -0.00336145 -0.000298672 -6.29361e-06  0.000148094  0.000330755 -0.000757627 -0.000491346 1 0 0 24351
              27.779  0.179608   30.3641 0.0289871 -0.00116008 0.000263916 -0.00300493 -0.00108412 -0.00118615 -0.00336145 -0.000298672 -6.29361e-06  0.000148094  0.000330755 -0.000757627 -0.000491346 1 0 0 0
             27.8457  0.179608   30.3641 0.0289871 -0.00115943 0.000265638 -0.00300434  -0.0010746 -0.00116493 -0.00335399 -0.000298675 -6.30962e-06  0.000148098   0.00033072 -0.000757836  -0.00049145 1 0 0 12019
             27.8457  0.179608   30.3641 0.0289871 -0.00115943 0.000265638 -0.00300434  -0.0010746 -0.00116493 -0.00335399 -0.000298675 -6.30962e-06  0.000148098   0.00033072 -0.000757836  -0.00049145 1 0 0 0
             27.9792  0.179608   30.3641 0.0289871 -0.00115995 0.000271299 -0.00300076 -0.00107841 -0.00109655 -0.00330888 -0.000298696 -6.28339e-06  0.000148106  0.000330988  -0.00075852 -0.000491797 1 0 0 24265
             27.9792  0.179608   30.3641 0.0289871 -0.00115995 0.000271299 -0.00300076 -0.00107841 -0.00109655 -0.00330888 -0.000298696 -6.28339e-06  0.000148106  0.000330988  -0.00075852 -0.000491797 1 0 0 0
             28.0459  0.179608   30.3641 0.0289871 -0.00115732 0.000273426 -0.00300623 -0.00104306 -0.00106909  -0.0033781 -0.000298701 -6.27265e-06  0.000148111  0.000330368 -0.000758779 -0.000491386 1 0 0 11915
             28.0459  0.179608   30.3641 0.0289871 -0.00115732 0.000273426 -0.00300623 -0.00104306 -0.00106909  -0.0033781 -0.000298701 -6.27265e-06  0.000148111  0.000330368 -0.000758779 -0.000491386 1 0 0 0
             28.1126  0.179608   30.3641 0.0289871  -0.0011595 0.000269568 -0.00300535 -0.00107389 -0.00111711 -0.00336696 -0.000298682 -6.28161e-06    0.0001481 0.000330661 -0.00075831 -0.00049134 1 0 0 11940
             28.1126  0.179608   30.3641 0.0289871  -0.0011595 0.000269568 -0.00300535 -0.00107389 -0.00111711 -0.00336696 -0.000298682 -6.28161e-06    0.0001481 0.000330661 -0.00075831 -0.00049134 1 0 0 0
              28.246  0.179608   30.3641 0.0289871 -0.00116074 0.000270845 -0.00300875 -0.00109017 -0.00110193 -0.00341045 -0.000298688 -6.29118e-06  0.000148102  0.000330582 -0.000758462 -0.000490903 1 0 0 24324
              28.246  0.179608   30.3641 0.0289871 -0.00116074 0.000270845 -0.00300875 -0.00109017 -0.00110193 -0.00341045 -0.000298688 -6.29118e-06  0.000148102  0.000330582 -0.000758462 -0.000490903 1 0 0 0
             28.3127  0.179608   30.3641 0.0289871 -0.00116165 0.000269878 -0.00301158 -0.00110314 -0.00111395 -0.00344643 -0.000298689  -6.2825e-06  0.000148101  0.000330507 -0.000758343 -0.000490546 1 0 0 11948
             28.3127  0.179608   30.3641 0.0289871 -0.00116165 0.000269878 -0.00301158 -0.00110314 -0.00111395 -0.00344643 -0.000298689  -6.2825e-06  0.000148101  0.000330507 -0.000758343 -0.000490546 1 0 0 0
             28.3794  0.179608   30.3641 0.0289871  -0.0011641 0.000274899  -0.0030095 -0.00113308 -0.00105417 -0.00342056 -0.000298686 -6.25527e-06  0.000148092   0.00033089 -0.000758946 -0.000490613 1 0 0 15865
             28.3794  0.179608   30.3641 0.0289871  -0.0011641 0.000274899  -0.0030095 -0.00113308 -0.00105417 -0.00342056 -0.000298686 -6.25527e-06  0.000148092   0.00033089 -0.000758946 -0.000490613 1 0 0 0
             28.5129  0.179608   30.3641 0.0289871 -0.00116161 0.000270778 -0.00301837 -0.00110303 -0.00110255 -0.00353271 -0.000298681 -6.28698e-06  0.000148088  0.000330084  -0.00075845 -0.000489832 1 0 0 20302
             28.5129  0.179608   30.3641 0.0289871 -0.00116161 0.000270778 -0.00301837 -0.00110303 -0.00110255 -0.00353271 -0.000298681 -6.28698e-06  0.000148088  0.000330084  -0.00075845 -0.000489832 1 0 0 0
             28.5796  0.179608   30.3641 0.0289871 -0.00116444 0.000268578 -0.00301634 -0.00114147 -0.00113077  -0.0035072 -0.000298672 -6.31266e-06  0.000148103  0.000330514 -0.000758181 -0.000489867 1 0 0 15991
             28.5796  0.179608   30.3641 0.0289871 -0.00116444 0.000268578 -0.00301634 -0.00114147 -0.00113077  -0.0035072 -0.000298672 -6.31266e-06  0.000148103  0.000330514 -0.000758181 -0.000489867 1 0 0 0
             28.6463  0.179608   30.3641 0.0289871 -0.00116677 0.000273872 -0.00302608 -0.00117125 -0.00106686 -0.00363146 -0.000298683 -6.31582e-06  0.000148094  0.000330158 -0.000758815 -0.000488693 1 0 0 8451
             28.6463  0.179608   30.3641 0.0289871 -0.00116677 0.000273872 -0.00302608 -0.00117125 -0.00106686 -0.00363146 -0.000298683 -6.31582e-06  0.000148094  0.000330158 -0.000758815 -0.000488693 1 0 0 0
             28.7797  0.179608   30.3641 0.0289871 -0.00116405 0.000277554 -0.00302431 -0.00113312  -0.0010209 -0.00360887 -0.000298662 -6.28943e-06  0.000148093  0.000329971 -0.000759264 -0.000489051 1 0 0 24055
             28.7797  0.179608   30.3641 0.0289871 -0.00116405 0.000277554 -0.00302431 -0.00113312  -0.0010209 -0.00360887 -0.000298662 -6.28943e-06  0.000148093  0.000329971 -0.000759264 -0.000489051 1 0 0 0
             28.8464  0.179608   30.3641 0.0289871 -0.00116763 0.000274959 -0.00303226  -0.0011831 -0.00105365  -0.0037102 -0.000298661 -6.32323e-06  0.000148091  0.000329869 -0.000758943 -0.000487985 1 0 0 11715
             28.8464  0.179608   30.3641 0.0289871 -0.00116763 0.000274959 -0.00303226  -0.0011831 -0.00105365  -0.0037102 -0.000298661 -6.32323e-06  0.000148091  0.000329869 -0.000758943 -0.000487985 1 0 0 0
             28.9132  0.179608   30.3641 0.0289871 -0.00116809 0.000275887 -0.00302964 -0.00118845 -0.00104275   -0.003677 -0.000298685 -6.30795e-06  0.000148097  0.000330078 -0.000759055 -0.000488233 1 0 0 12251
             28.9132  0.179608   30.3641 0.0289871 -0.00116809 0.000275887 -0.00302964 -0.00118845 -0.00104275   -0.003677 -0.000298685 -6.30795e-06  0.000148097  0.000330078 -0.000759055 -0.000488233 1 0 0 0
             28.9799  0.179608   30.3641 0.0289871 -0.00117107 0.000273755 -0.00302839 -0.00122894 -0.00107016 -0.00366138 -0.000298668 -6.30314e-06  0.000148103  0.000330476 -0.000758794 -0.000488177 1 0 0 16067
             28.9799  0.179608   30.3641 0.0289871 -0.00117107 0.000273755 -0.00302839 -0.00122894 -0.00107016 -0.00366138 -0.000298668 -6.30314e-06  0.000148103  0.000330476 -0.000758794 -0.000488177 1 0 0 0
             29.1133  0.179608   30.3641 0.0289871 -0.00117248 0.000279301 -0.00303441  -0.0012459 -0.00100299 -0.00373838 -0.000298685 -6.29988e-06  0.000148093   0.00033025  -0.00075946 -0.000487453 1 0 0 20050
             29.1133  0.179608   30.3641 0.0289871 -0.00117248 0.000279301 -0.00303441  -0.0012459 -0.00100299 -0.00373838 -0.000298685 -6.29988e-06  0.000148093   0.00033025  -0.00075946 -0.000487453 1 0 0 0
               29.18  0.179608   30.3641 0.0289871 -0.00117099 0.000275134  -0.0030341 -0.00122795 -0.00105299 -0.00373394 -0.000298679 -6.31202e-06  0.000148106  0.000330115 -0.000758959 -0.000487579 1 0 0 16355
               29.18  0.179608   30.3641 0.0289871 -0.00117099 0.000275134  -0.0030341 -0.00122795 -0.00105299 -0.00373394 -0.000298679 -6.31202e-06  0.000148106  0.000330115 -0.000758959 -0.000487579 1 0 0 0
             29.2467  0.179608   30.3641 0.0289871 -0.00117299 0.000274052 -0.00303827 -0.00125567 -0.00106682 -0.00378721 -0.000298674 -6.33112e-06  0.000148094  0.000330073 -0.000758824 -0.000487011 1 0 0 8181
             29.2467  0.179608   30.3641 0.0289871 -0.00117299 0.000274052 -0.00303827 -0.00125567 -0.00106682 -0.00378721 -0.000298674 -6.33112e-06  0.000148094  0.000330073 -0.000758824 -0.000487011 1 0 0 0
             29.3134  0.179608   30.3641 0.0289871 -0.00117252 0.000272211 -0.00303509 -0.00124988  -0.0010892 -0.00374666 -0.000298681  -6.3081e-06  0.000148111  0.000330221 -0.000758603 -0.000487377 1 0 0 11811
             29.3134  0.179608   30.3641 0.0289871 -0.00117252 0.000272211 -0.00303509 -0.00124988  -0.0010892 -0.00374666 -0.000298681  -6.3081e-06  0.000148111  0.000330221 -0.000758603 -0.000487377 1 0 0 0
             29.4469  0.179608   30.3641 0.0289871  -0.0011685 0.000277624 -0.00304083 -0.00119444 -0.00102109 -0.00381929 -0.000298658 -6.29155e-06  0.000148092  0.000329431 -0.000759262 -0.000487026 1 0 0 24404
             29.4469  0.179608   30.3641 0.0289871  -0.0011685 0.000277624 -0.00304083 -0.00119444 -0.00102109 -0.00381929 -0.000298658 -6.29155e-06  0.000148092  0.000329431 -0.000759262 -0.000487026 1 0 0 0
             29.5136  0.179608   30.3641 0.0289871 -0.00117139  0.00027336 -0.00303738 -0.00123448 -0.00107454 -0.00377567 -0.00029866 -6.2928e-06   0.0001481  0.000329957 -0.000758743 -0.000487206 1 0 0 11795
             29.5136  0.179608   30.3641 0.0289871 -0.00117139  0.00027336 -0.00303738 -0.00123448 -0.00107454 -0.00377567 -0.00029866 -6.2928e-06   0.0001481  0.000329957 -0.000758743 -0.000487206 1 0 0 0
              29.647  0.179608   30.3641 0.0289871 -0.00116907 0.000271323 -0.00303967 -0.00120488 -0.00109808 -0.00380427 -0.000298665 -6.29672e-06  0.000148094  0.000329572   -0.0007585 -0.000487111 1 0 0 24444
              29.647  0.179608   30.3641 0.0289871 -0.00116907 0.000271323 -0.00303967 -0.00120488 -0.00109808 -0.00380427 -0.000298665 -6.29672e-06  0.000148094  0.000329572   -0.0007585 -0.000487111 1 0 0 0
             29.7137  0.179608   30.3641 0.0289871 -0.00117571 0.000272968 -0.00303885 -0.00129253 -0.00108126 -0.00379481 -0.000298651 -6.30333e-06  0.000148102   0.00033033 -0.000758689 -0.000486779 1 0 0 11868
             29.7137  0.179608   30.3641 0.0289871 -0.00117571 0.000272968 -0.00303885 -0.00129253 -0.00108126 -0.00379481 -0.000298651 -6.30333e-06  0.000148102   0.00033033 -0.000758689 -0.000486779 1 0 0 0
             29.7805  0.179608   30.3641 0.0289871 -0.00117333 0.000271695 -0.00304135 -0.00126172 -0.00109546 -0.00382618 -0.000298647 -6.32251e-06  0.000148112  0.000329924 -0.000758538 -0.000486664 1 0 0 15917
             29.7805  0.179608   30.3641 0.0289871 -0.00117333 0.000271695 -0.00304135 -0.00126172 -0.00109546 -0.00382618 -0.000298647 -6.32251e-06  0.000148112  0.000329924 -0.000758538 -0.000486664 1 0 0 0
             29.8472  0.179608   30.3641 0.0289871 -0.00116972 0.000273206 -0.00304254 -0.00121308  -0.0010753 -0.00384093  -0.00029866 -6.31522e-06  0.000148104  0.000329463 -0.000758726 -0.000486766 1 0 0 8276
             29.8472  0.179608   30.3641 0.0289871 -0.00116972 0.000273206 -0.00304254 -0.00121308  -0.0010753 -0.00384093  -0.00029866 -6.31522e-06  0.000148104  0.000329463 -0.000758726 -0.000486766 1 0 0 0
             29.9139  0.179608   30.3641 0.0289871 -0.00117324 0.000272014 -0.00303953 -0.00126013 -0.00109165 -0.00380305  -0.00029866 -6.31573e-06  0.000148104  0.000330026 -0.000758577 -0.000486863 1 0 0 12252
             29.9139  0.179608   30.3641 0.0289871 -0.00117324 0.000272014 -0.00303953 -0.00126013 -0.00109165 -0.00380305  -0.00029866 -6.31573e-06  0.000148104  0.000330026 -0.000758577 -0.000486863 1 0 0 0
             29.9806  0.179608   30.3641 0.0289871 -0.00117758 0.000271341 -0.00303797 -0.00131811 -0.00110199 -0.00378389 -0.000298648   -6.319e-06  0.000148101  0.000330586  -0.00075849 -0.000486752 1 0 0 15839
             29.9806  0.179608   30.3641 0.0289871 -0.00117758 0.000271341 -0.00303797 -0.00131811 -0.00110199 -0.00378389 -0.000298648   -6.319e-06  0.000148101  0.000330586  -0.00075849 -0.000486752 1 0 0 0
             30.0473  0.179608   30.3641 0.0289871 -0.00117885 0.000273197 -0.00304337 -0.00133479 -0.00107967 -0.00385271 -0.000298657 -6.30499e-06  0.000148097  0.000330387 -0.000758711 -0.000486103 1 0 0 8147
             30.0473  0.179608   30.3641 0.0289871 -0.00117885 0.000273197 -0.00304337 -0.00133479 -0.00107967 -0.00385271 -0.000298657 -6.30499e-06  0.000148097  0.000330387 -0.000758711 -0.000486103 1 0 0 0
              30.114  0.179608   30.3641 0.0289871 -0.00117883 0.000271408 -0.00303996 -0.00133497 -0.00110164 -0.00380927 -0.000298649 -6.28349e-06  0.000148101  0.000330597 -0.000758496 -0.000486464 1 0 0 12113
              30.114  0.179608   30.3641 0.0289871 -0.00117883 0.000271408 -0.00303996 -0.00133497 -0.00110164 -0.00380927 -0.000298649 -6.28349e-06  0.000148101  0.000330597 -0.000758496 -0.000486464 1 0 0 0
             30.1807  0.179608   30.3641 0.0289871 -0.00117726 0.000270938 -0.00304343  -0.0013147 -0.00110639  -0.0038531 -0.000298648 -6.30882e-06  0.000148095  0.000330217 -0.000758441 -0.000486196 1 0 0 15687
             30.1807  0.179608   30.3641 0.0289871 -0.00117726 0.000270938 -0.00304343  -0.0013147 -0.00110639  -0.0038531 -0.000298648 -6.30882e-06  0.000148095  0.000330217 -0.000758441 -0.000486196 1 0 0 0
             30.2475  0.179608   30.3641 0.0289871 -0.00117575 0.000268213 -0.00304469 -0.00129596 -0.00113874 -0.00386877 -0.000298654  -6.3158e-06  0.000148087  0.000329981 -0.000758113 -0.000486158 1 0 0 8441
             30.2475  0.179608   30.3641 0.0289871 -0.00117575 0.000268213 -0.00304469 -0.00129596 -0.00113874 -0.00386877 -0.000298654  -6.3158e-06  0.000148087  0.000329981 -0.000758113 -0.000486158 1 0 0 0
             30.4476  0.179608   30.3641 0.0289871 -0.00118242 0.000271491 -0.00304851 -0.00138386 -0.00110178 -0.00391835 -0.000298665 -6.31412e-06  0.000148086  0.000330456 -0.000758498 -0.000485334 1 0 0 36162
             30.4476  0.179608   30.3641 0.0289871 -0.00118242 0.000271491 -0.00304851 -0.00138386 -0.00110178 -0.00391835 -0.000298665 -6.31412e-06  0.000148086  0.000330456 -0.000758498 -0.000485334 1 0 0 0
             30.5143  0.179608   30.3641 0.0289871  -0.0011788  0.00027011 -0.00304363 -0.00133557 -0.00111718 -0.00385588  -0.00029866 -6.29986e-06  0.000148095  0.000330369 -0.000758338 -0.000486077 1 0 0 12409
             30.5143  0.179608   30.3641 0.0289871  -0.0011788  0.00027011 -0.00304363 -0.00133557 -0.00111718 -0.00385588  -0.00029866 -6.29986e-06  0.000148095  0.000330369 -0.000758338 -0.000486077 1 0 0 0
             30.6478  0.179608   30.3641 0.0289871 -0.00117986 0.000270844 -0.00304667  -0.0013498 -0.00110855  -0.0038946 -0.00029868 -6.3091e-06 0.000148073  0.000330296 -0.000758425  -0.00048569 1 0 0 23861
             30.6478  0.179608   30.3641 0.0289871 -0.00117986 0.000270844 -0.00304667  -0.0013498 -0.00110855  -0.0038946 -0.00029868 -6.3091e-06 0.000148073  0.000330296 -0.000758425  -0.00048569 1 0 0 0
             30.7145  0.179608   30.3641 0.0289871 -0.00117848 0.000270604 -0.00304177  -0.0013309 -0.00111113 -0.00383218 -0.000298661 -6.28857e-06  0.000148078   0.00033045 -0.000758399 -0.000486295 1 0 0 12460
             30.7145  0.179608   30.3641 0.0289871 -0.00117848 0.000270604 -0.00304177  -0.0013309 -0.00111113 -0.00383218 -0.000298661 -6.28857e-06  0.000148078   0.00033045 -0.000758399 -0.000486295 1 0 0 0
             30.7812  0.179608   30.3641 0.0289871 -0.00118095 0.000275184 -0.00304485   -0.001362  -0.0010564 -0.00387191 -0.000298661 -6.28557e-06  0.000148067  0.000330518 -0.000758948 -0.000485814 1 0 0 15411
             30.7812  0.179608   30.3641 0.0289871 -0.00118095 0.000275184 -0.00304485   -0.001362  -0.0010564 -0.00387191 -0.000298661 -6.28557e-06  0.000148067  0.000330518 -0.000758948 -0.000485814 1 0 0 0
             30.8479  0.179608   30.3641 0.0289871 -0.00118134 0.000272334 -0.00304781 -0.00136892 -0.00109105 -0.00390941 -0.000298659 -6.28247e-06  0.000148062  0.000330381 -0.000758602 -0.000485476 1 0 0 8349
             30.8479  0.179608   30.3641 0.0289871 -0.00118134 0.000272334 -0.00304781 -0.00136892 -0.00109105 -0.00390941 -0.000298659 -6.28247e-06  0.000148062  0.000330381 -0.000758602 -0.000485476 1 0 0 0
             30.9146  0.179608   30.3641 0.0289871  -0.0011797 0.000269163 -0.00304537 -0.00134829   -0.001129 -0.00387804 -0.000298645 -6.28091e-06  0.000148064   0.00033036 -0.000758222 -0.000485836 1 0 0 12494
             30.9146  0.179608   30.3641 0.0289871  -0.0011797 0.000269163 -0.00304537 -0.00134829   -0.001129 -0.00387804 -0.000298645 -6.28091e-06  0.000148064   0.00033036 -0.000758222 -0.000485836 1 0 0 0
             30.9813  0.179608   30.3641 0.0289871 -0.00117881 0.000268916 -0.00304503 -0.00133656 -0.00113162 -0.00387363  -0.00029865 -6.29929e-06  0.000148058  0.000330287 -0.000758193 -0.000485928 1 0 0 15346
             30.9813  0.179608   30.3641 0.0289871 -0.00117881 0.000268916 -0.00304503 -0.00133656 -0.00113162 -0.00387363  -0.00029865 -6.29929e-06  0.000148058  0.000330287 -0.000758193 -0.000485928 1 0 0 0
              31.048  0.179608   30.3641 0.0289871 -0.00118277 0.000262864 -0.00304873 -0.00139256 -0.00120685 -0.00392079 -0.000298658 -6.30372e-06  0.000148069   0.00033049 -0.000757456 -0.000485286 1 0 0 8450
              31.048  0.179608   30.3641 0.0289871 -0.00118277 0.000262864 -0.00304873 -0.00139256 -0.00120685 -0.00392079 -0.000298658 -6.30372e-06  0.000148069   0.00033049 -0.000757456 -0.000485286 1 0 0 0
             31.1148  0.179608   30.3641 0.0289871 -0.00118111 0.000269809 -0.00304767 -0.00136701 -0.00112166 -0.00390752 -0.000298642 -6.27618e-06  0.000148069  0.000330368 -0.000758297 -0.000485505 1 0 0 12398
             31.1148  0.179608   30.3641 0.0289871 -0.00118111 0.000269809 -0.00304767 -0.00136701 -0.00112166 -0.00390752 -0.000298642 -6.27618e-06  0.000148069  0.000330368 -0.000758297 -0.000485505 1 0 0 0
             31.2482  0.179608   30.3641 0.0289871 -0.00117903 0.000269678 -0.00305025 -0.00133972 -0.00112211 -0.00393996  -0.00029865 -6.28516e-06  0.000148071  0.000329988 -0.000758284 -0.000485363 1 0 0 23840
             31.2482  0.179608   30.3641 0.0289871 -0.00117903 0.000269678 -0.00305025 -0.00133972 -0.00112211 -0.00393996  -0.00029865 -6.28516e-06  0.000148071  0.000329988 -0.000758284 -0.000485363 1 0 0 0
             31.3816  0.179608   30.3641 0.0289871 -0.00118059 0.000271964 -0.00305212  -0.0013597 -0.00109493 -0.00396398 -0.000298655 -6.29765e-06  0.000148065  0.000330037 -0.000758558 -0.000485068 1 0 0 24343
             31.3816  0.179608   30.3641 0.0289871 -0.00118059 0.000271964 -0.00305212  -0.0013597 -0.00109493 -0.00396398 -0.000298655 -6.29765e-06  0.000148065  0.000330037 -0.000758558 -0.000485068 1 0 0 0
             31.5151  0.179608   30.3641 0.0289871 -0.00117908 0.000277319 -0.00305192 -0.00133703 -0.00102909  -0.0039616 -0.000298644 -6.28248e-06  0.000148064  0.000329881 -0.000759207 -0.000485185 1 0 0 24222
             31.5151  0.179608   30.3641 0.0289871 -0.00117908 0.000277319 -0.00305192 -0.00133703 -0.00102909  -0.0039616 -0.000298644 -6.28248e-06  0.000148064  0.000329881 -0.000759207 -0.000485185 1 0 0 0
             31.5818  0.179608   30.3641 0.0289871 -0.00117638 0.000276791  -0.0030549 -0.00130163 -0.00103404 -0.00399901 -0.000298644  -6.2958e-06  0.000148064   0.00032941 -0.000759146 -0.000485042 1 0 0 15484
             31.5818  0.179608   30.3641 0.0289871 -0.00117638 0.000276791  -0.0030549 -0.00130163 -0.00103404 -0.00399901 -0.000298644  -6.2958e-06  0.000148064   0.00032941 -0.000759146 -0.000485042 1 0 0 0
             31.7152  0.179608   30.3641 0.0289871 -0.00117816 0.000271837 -0.00305657 -0.00132794 -0.00109503  -0.0040202 -0.000298628  -6.3188e-06  0.000148067  0.000329504 -0.000758545 -0.000484751 1 0 0 20872
             31.7152  0.179608   30.3641 0.0289871 -0.00117816 0.000271837 -0.00305657 -0.00132794 -0.00109503  -0.0040202 -0.000298628  -6.3188e-06  0.000148067  0.000329504 -0.000758545 -0.000484751 1 0 0 0
             31.7819  0.179608   30.3641 0.0289871   -0.001181  0.00027323 -0.00306241 -0.00136578 -0.00107906 -0.00409485  -0.00029863 -6.32232e-06  0.000148068  0.000329446 -0.000758708 -0.000483956 1 0 0 15259
             31.7819  0.179608   30.3641 0.0289871   -0.001181  0.00027323 -0.00306241 -0.00136578 -0.00107906 -0.00409485  -0.00029863 -6.32232e-06  0.000148068  0.000329446 -0.000758708 -0.000483956 1 0 0 0
             31.8486  0.179608   30.3641 0.0289871 -0.00117894 0.000275314 -0.00306343 -0.00133749 -0.00105267 -0.00410754 -0.000298621 -6.30184e-06  0.000148066  0.000329161 -0.000758962 -0.000483979 1 0 0 8544
             31.8486  0.179608   30.3641 0.0289871 -0.00117894 0.000275314 -0.00306343 -0.00133749 -0.00105267 -0.00410754 -0.000298621 -6.30184e-06  0.000148066  0.000329161 -0.000758962 -0.000483979 1 0 0 0
             31.9821  0.179608   30.3641 0.0289871 -0.00117673 0.000274362  -0.0030619 -0.00130829  -0.0010633 -0.00408783  -0.00029862 -6.30977e-06  0.000148066   0.00032902 -0.000758851 -0.000484279 1 0 0 24244
             31.9821  0.179608   30.3641 0.0289871 -0.00117673 0.000274362  -0.0030619 -0.00130829  -0.0010633 -0.00408783  -0.00029862 -6.30977e-06  0.000148066   0.00032902 -0.000758851 -0.000484279 1 0 0 0
             32.0488  0.179608   30.3641 0.0289871 -0.00117776 0.000273705 -0.00306386 -0.00132261 -0.00107165 -0.00411283 -0.000298624 -6.30145e-06  0.000148075   0.00032901  -0.00075877 -0.000484007 1 0 0 11967
             32.0488  0.179608   30.3641 0.0289871 -0.00117776 0.000273705 -0.00306386 -0.00132261 -0.00107165 -0.00411283 -0.000298624 -6.30145e-06  0.000148075   0.00032901  -0.00075877 -0.000484007 1 0 0 0
             32.1155  0.179608   30.3641 0.0289871 -0.00117851 0.000274819 -0.00306403 -0.00133211 -0.00105845 -0.00411518 -0.000298616 -6.30532e-06  0.000148071  0.000329079 -0.000758903 -0.000483942 1 0 0 12257
             32.1155  0.179608   30.3641 0.0289871 -0.00117851 0.000274819 -0.00306403 -0.00133211 -0.00105845 -0.00411518 -0.000298616 -6.30532e-06  0.000148071  0.000329079 -0.000758903 -0.000483942 1 0 0 0
             32.2489  0.179608   30.3641 0.0289871 -0.00118081 0.000279162 -0.00306654 -0.00136103 -0.00100655 -0.00414748 -0.000298613 -6.28783e-06  0.000148063  0.000329165 -0.000759424 -0.000483534 1 0 0 23854
             32.2489  0.179608   30.3641 0.0289871 -0.00118081 0.000279162 -0.00306654 -0.00136103 -0.00100655 -0.00414748 -0.000298613 -6.28783e-06  0.000148063  0.000329165 -0.000759424 -0.000483534 1 0 0 0
             32.3157  0.179608   30.3641 0.0289871 -0.00117831 0.000278077  -0.0030677 -0.00132834  -0.0010185 -0.00416182 -0.000298611 -6.30012e-06  0.000148049  0.000328828 -0.000759296 -0.000483569 1 0 0 12350
             32.3157  0.179608   30.3641 0.0289871 -0.00117831 0.000278077  -0.0030677 -0.00132834  -0.0010185 -0.00416182 -0.000298611 -6.30012e-06  0.000148049  0.000328828 -0.000759296 -0.000483569 1 0 0 0
             32.3824  0.179608   30.3641 0.0289871  -0.0011821 0.000274105 -0.00306842 -0.00138078 -0.00106854 -0.00417132  -0.00029861 -6.31734e-06  0.000148044  0.000329193  -0.00075881 -0.000483252 1 0 0 15341
             32.3824  0.179608   30.3641 0.0289871  -0.0011821 0.000274105 -0.00306842 -0.00138078 -0.00106854 -0.00417132  -0.00029861 -6.31734e-06  0.000148044  0.000329193  -0.00075881 -0.000483252 1 0 0 0
             32.5158  0.179608   30.3641 0.0289871 -0.00117854 0.000280768 -0.00306928   -0.0013303 -0.000985766  -0.00418204 -0.000298605 -6.29523e-06  0.000148031  0.000328752  -0.00075962 -0.000483388 1 0 0 20777
             32.5158  0.179608   30.3641 0.0289871 -0.00117854 0.000280768 -0.00306928   -0.0013303 -0.000985766  -0.00418204 -0.000298605 -6.29523e-06  0.000148031  0.000328752  -0.00075962 -0.000483388 1 0 0 0
             32.5825  0.179608   30.3641 0.0289871 -0.00117799 0.000281741 -0.00306907  -0.00132259 -0.000973695  -0.00417939 -0.000298598 -6.29475e-06  0.000148033  0.000328705 -0.000759739 -0.000483445 1 0 0 15317
             32.5825  0.179608   30.3641 0.0289871 -0.00117799 0.000281741 -0.00306907  -0.00132259 -0.000973695  -0.00417939 -0.000298598 -6.29475e-06  0.000148033  0.000328705 -0.000759739 -0.000483445 1 0 0 0
             32.6492  0.179608   30.3641 0.0289871 -0.00117726 0.000280544 -0.00306845  -0.00131332 -0.000987951  -0.00417138  -0.00029861 -6.29523e-06  0.000148038  0.000328667 -0.000759595 -0.000483556 1 0 0 8575
             32.6492  0.179608   30.3641 0.0289871 -0.00117726 0.000280544 -0.00306845  -0.00131332 -0.000987951  -0.00417138  -0.00029861 -6.29523e-06  0.000148038  0.000328667 -0.000759595 -0.000483556 1 0 0 0
             32.7827  0.179608   30.3641 0.0289871 -0.00117752 0.000276894 -0.00307257 -0.00131908  -0.0010322 -0.00422351 -0.000298599 -6.31211e-06  0.000148041  0.000328446 -0.000759153 -0.000483103 1 0 0 24524
             32.7827  0.179608   30.3641 0.0289871 -0.00117752 0.000276894 -0.00307257 -0.00131908  -0.0010322 -0.00422351 -0.000298599 -6.31211e-06  0.000148041  0.000328446 -0.000759153 -0.000483103 1 0 0 0
             32.8494  0.179608   30.3641 0.0289871  -0.0011783 0.000277267 -0.00306846 -0.00132869 -0.00102828 -0.00417151 -0.000298586 -6.29604e-06   0.00014804  0.000328781 -0.000759198 -0.000483488 1 0 0 11666
             32.8494  0.179608   30.3641 0.0289871  -0.0011783 0.000277267 -0.00306846 -0.00132869 -0.00102828 -0.00417151 -0.000298586 -6.29604e-06   0.00014804  0.000328781 -0.000759198 -0.000483488 1 0 0 0
             32.9161  0.179608   30.3641 0.0289871 -0.00117546 0.000279936 -0.00306923  -0.00128976 -0.000994442  -0.00418097 -0.000298587 -6.30132e-06  0.000148034  0.000328427 -0.000759524 -0.000483587 1 0 0 12416
             32.9161  0.179608   30.3641 0.0289871 -0.00117546 0.000279936 -0.00306923  -0.00128976 -0.000994442  -0.00418097 -0.000298587 -6.30132e-06  0.000148034  0.000328427 -0.000759524 -0.000483587 1 0 0 0
             32.9828  0.179608   30.3641 0.0289871 -0.00117707 0.000277488 -0.00307062 -0.00131246 -0.00102489 -0.00419868  -0.00029858 -6.31809e-06   0.00014803  0.000328517 -0.000759226 -0.000483338 1 0 0 15258
             32.9828  0.179608   30.3641 0.0289871 -0.00117707 0.000277488 -0.00307062 -0.00131246 -0.00102489 -0.00419868  -0.00029858 -6.31809e-06   0.00014803  0.000328517 -0.000759226 -0.000483338 1 0 0 0
             33.0495  0.179608   30.3641 0.0289871 -0.00117898 0.000280058 -0.00307139  -0.00133688 -0.000994486  -0.00420892 -0.000298586 -6.32482e-06  0.000148026  0.000328671 -0.000759533 -0.000483136 1 0 0 8770
             33.0495  0.179608   30.3641 0.0289871 -0.00117898 0.000280058 -0.00307139  -0.00133688 -0.000994486  -0.00420892 -0.000298586 -6.32482e-06  0.000148026  0.000328671 -0.000759533 -0.000483136 1 0 0 0
              33.183  0.179608   30.3641 0.0289871  -0.0011757 0.000281616 -0.00307347  -0.00129264 -0.000973845    -0.004235 -0.000298592 -6.31354e-06  0.000148038   0.00032819 -0.000759726 -0.000483124 1 0 0 24324
              33.183  0.179608   30.3641 0.0289871  -0.0011757 0.000281616 -0.00307347  -0.00129264 -0.000973845    -0.004235 -0.000298592 -6.31354e-06  0.000148038   0.00032819 -0.000759726 -0.000483124 1 0 0 0
             33.2497  0.179608   30.3641 0.0289871 -0.00118162  0.00028172 -0.00307347 -0.00137147 -0.00097538 -0.00423575 -0.000298584 -6.31949e-06  0.000148041  0.000328823  -0.00075973 -0.000482751 1 0 0 11860
             33.2497  0.179608   30.3641 0.0289871 -0.00118162  0.00028172 -0.00307347 -0.00137147 -0.00097538 -0.00423575 -0.000298584 -6.31949e-06  0.000148041  0.000328823  -0.00075973 -0.000482751 1 0 0 0
             33.3831  0.179608   30.3641 0.0289871 -0.00117956 0.000279364 -0.00307516 -0.00134531 -0.00100295 -0.00425685 -0.000298583 -6.33426e-06  0.000148037  0.000328501 -0.000759448 -0.000482702 1 0 0 24354
             33.3831  0.179608   30.3641 0.0289871 -0.00117956 0.000279364 -0.00307516 -0.00134531 -0.00100295 -0.00425685 -0.000298583 -6.33426e-06  0.000148037  0.000328501 -0.000759448 -0.000482702 1 0 0 0
             33.5166  0.179608   30.3641 0.0289871 -0.00118438 0.000275127  -0.0030795 -0.00141213 -0.00105649 -0.00431241 -0.000298583 -6.34462e-06  0.000148044  0.000328755 -0.000758928 -0.000481937 1 0 0 24254
             33.5166  0.179608   30.3641 0.0289871 -0.00118438 0.000275127  -0.0030795 -0.00141213 -0.00105649 -0.00431241 -0.000298583 -6.34462e-06  0.000148044  0.000328755 -0.000758928 -0.000481937 1 0 0 0
             33.5833  0.179608   30.3641 0.0289871 -0.00117975 0.000278352 -0.00307802  -0.0013487 -0.00101516 -0.00429319 -0.000298577 -6.32411e-06  0.000148038  0.000328347 -0.000759325 -0.000482387 1 0 0 15051
             33.5833  0.179608   30.3641 0.0289871 -0.00117975 0.000278352 -0.00307802  -0.0013487 -0.00101516 -0.00429319 -0.000298577 -6.32411e-06  0.000148038  0.000328347 -0.000759325 -0.000482387 1 0 0 0
               33.65  0.179608   30.3641 0.0289871 -0.00118138 0.000275264  -0.0030759 -0.00137165 -0.00105363 -0.00426632 -0.000298568  -6.3247e-06  0.000148036  0.000328655  -0.00075895 -0.000482507 1 0 0 8955
               33.65  0.179608   30.3641 0.0289871 -0.00118138 0.000275264  -0.0030759 -0.00137165 -0.00105363 -0.00426632 -0.000298568  -6.3247e-06  0.000148036  0.000328655  -0.00075895 -0.000482507 1 0 0 0
             33.7835  0.179608   30.3641 0.0289871 -0.00118144 0.000273162 -0.00307962 -0.00137393 -0.00107899 -0.00431338 -0.000298564 -6.34625e-06  0.000148031  0.000328436 -0.000758695  -0.00048211 1 0 0 24184
             33.7835  0.179608   30.3641 0.0289871 -0.00118144 0.000273162 -0.00307962 -0.00137393 -0.00107899 -0.00431338 -0.000298564 -6.34625e-06  0.000148031  0.000328436 -0.000758695  -0.00048211 1 0 0 0
             33.8502  0.179608   30.3641 0.0289871 -0.00118223 0.000273939 -0.00307661 -0.00138365  -0.0010701 -0.00427529 -0.000298547 -6.33614e-06  0.000148038  0.000328704 -0.000758788 -0.000482379 1 0 0 12337
             33.8502  0.179608   30.3641 0.0289871 -0.00118223 0.000273939 -0.00307661 -0.00138365  -0.0010701 -0.00427529 -0.000298547 -6.33614e-06  0.000148038  0.000328704 -0.000758788 -0.000482379 1 0 0 0
             33.9169  0.179608   30.3641 0.0289871 -0.00118478 0.000273748 -0.00308168 -0.00141839  -0.0010733 -0.00434002 -0.000298549  -6.3389e-06  0.000148043  0.000328666  -0.00075876 -0.000481682 1 0 0 11950
             33.9169  0.179608   30.3641 0.0289871 -0.00118478 0.000273748 -0.00308168 -0.00141839  -0.0010733 -0.00434002 -0.000298549  -6.3389e-06  0.000148043  0.000328666  -0.00075876 -0.000481682 1 0 0 0
             33.9836  0.179608   30.3641 0.0289871 -0.00118164 0.000275003 -0.00308069 -0.00137588 -0.00105662 -0.00432713 -0.000298548 -6.33009e-06  0.000148041   0.00032839 -0.000758917 -0.000481985 1 0 0 15094
             33.9836  0.179608   30.3641 0.0289871 -0.00118164 0.000275003 -0.00308069 -0.00137588 -0.00105662 -0.00432713 -0.000298548 -6.33009e-06  0.000148041   0.00032839 -0.000758917 -0.000481985 1 0 0 0
             34.0504  0.179608   30.3641 0.0289871 -0.00117983 0.000271777 -0.00307976 -0.00135308 -0.00109506  -0.0043149 -0.000298542 -6.33085e-06  0.000148044  0.000328257  -0.00075853 -0.000482197 1 0 0 8925
             34.0504  0.179608   30.3641 0.0289871 -0.00117983 0.000271777 -0.00307976 -0.00135308 -0.00109506  -0.0043149 -0.000298542 -6.33085e-06  0.000148044  0.000328257  -0.00075853 -0.000482197 1 0 0 0
             34.1171  0.179608   30.3641 0.0289871  -0.0011817 0.000269392 -0.00308185 -0.00137943 -0.00112481 -0.00434154 -0.000298535 -6.35992e-06  0.000148049  0.000328332 -0.000758238 -0.000481857 1 0 0 12319
             34.1171  0.179608   30.3641 0.0289871  -0.0011817 0.000269392 -0.00308185 -0.00137943 -0.00112481 -0.00434154 -0.000298535 -6.35992e-06  0.000148049  0.000328332 -0.000758238 -0.000481857 1 0 0 0
             34.2505  0.179608   30.3641 0.0289871 -0.00117837   0.0002715 -0.00307862 -0.00133372 -0.00109782  -0.0043002 -0.000298538 -6.32187e-06  0.000148057  0.000328172 -0.000758499 -0.000482409 1 0 0 24194
             34.2505  0.179608   30.3641 0.0289871 -0.00117837   0.0002715 -0.00307862 -0.00133372 -0.00109782  -0.0043002 -0.000298538 -6.32187e-06  0.000148057  0.000328172 -0.000758499 -0.000482409 1 0 0 0
             34.3172  0.179608   30.3641 0.0289871 -0.00117801 0.000273963  -0.0030796 -0.00132782 -0.00106762 -0.00431278 -0.000298547 -6.32728e-06  0.000148051  0.000328069 -0.000758797 -0.000482328 1 0 0 11887
             34.3172  0.179608   30.3641 0.0289871 -0.00117801 0.000273963  -0.0030796 -0.00132782 -0.00106762 -0.00431278 -0.000298547 -6.32728e-06  0.000148051  0.000328069 -0.000758797 -0.000482328 1 0 0 0
             34.3839  0.179608   30.3641 0.0289871 -0.00117879 0.000271168 -0.00307986 -0.00133958 -0.00110196 -0.00431603 -0.000298539 -6.34023e-06  0.000148048   0.00032814 -0.000758458 -0.000482251 1 0 0 15031
             34.3839  0.179608   30.3641 0.0289871 -0.00117879 0.000271168 -0.00307986 -0.00133958 -0.00110196 -0.00431603 -0.000298539 -6.34023e-06  0.000148048   0.00032814 -0.000758458 -0.000482251 1 0 0 0
             34.5174  0.179608   30.3641 0.0289871 -0.00117778   0.0002721  -0.0030784  -0.0013255 -0.00109025  -0.0042974 -0.000298547 -6.33273e-06  0.000148054  0.000328121 -0.000758572 -0.000482469 1 0 0 21179
             34.5174  0.179608   30.3641 0.0289871 -0.00117778   0.0002721  -0.0030784  -0.0013255 -0.00109025  -0.0042974 -0.000298547 -6.33273e-06  0.000148054  0.000328121 -0.000758572 -0.000482469 1 0 0 0
             34.5841  0.179608   30.3641 0.0289871 -0.00117636 0.000275171 -0.00308097 -0.00130543 -0.00105206 -0.00432991 -0.000298538 -6.32348e-06  0.000148057  0.000327808 -0.000758945 -0.000482289 1 0 0 14983
             34.5841  0.179608   30.3641 0.0289871 -0.00117636 0.000275171 -0.00308097 -0.00130543 -0.00105206 -0.00432991 -0.000298538 -6.32348e-06  0.000148057  0.000327808 -0.000758945 -0.000482289 1 0 0 0
             34.7175  0.179608   30.3641 0.0289871 -0.00117764 0.000274953 -0.00307695 -0.00132205 -0.00105557 -0.00427909 -0.000298537 -6.32344e-06  0.000148058  0.000328191 -0.000758918 -0.000482632 1 0 0 21305
             34.7175  0.179608   30.3641 0.0289871 -0.00117764 0.000274953 -0.00307695 -0.00132205 -0.00105557 -0.00427909 -0.000298537 -6.32344e-06  0.000148058  0.000328191 -0.000758918 -0.000482632 1 0 0 0
             34.7842  0.179608   30.3641 0.0289871 -0.00117776 0.000276334 -0.00307729 -0.00132309 -0.00103881 -0.00428341  -0.00029854 -6.32407e-06  0.000148052  0.000328182 -0.000759084  -0.00048259 1 0 0 14975
             34.7842  0.179608   30.3641 0.0289871 -0.00117776 0.000276334 -0.00307729 -0.00132309 -0.00103881 -0.00428341  -0.00029854 -6.32407e-06  0.000148052  0.000328182 -0.000759084  -0.00048259 1 0 0 0
             34.8509  0.179608   30.3641 0.0289871 -0.00117926 0.000274166 -0.00307608 -0.00134387 -0.00106596 -0.00426817 -0.000298536 -6.32944e-06  0.000148061  0.000328419  -0.00075882 -0.000482622 1 0 0 9467
             34.8509  0.179608   30.3641 0.0289871 -0.00117926 0.000274166 -0.00307608 -0.00134387 -0.00106596 -0.00426817 -0.000298536 -6.32944e-06  0.000148061  0.000328419  -0.00075882 -0.000482622 1 0 0 0
             34.9177  0.179608   30.3641 0.0289871 -0.00117898 0.000273618 -0.00307876 -0.00134083 -0.00107233 -0.00430214 -0.000298539 -6.31161e-06  0.000148062  0.000328226 -0.000758754 -0.000482356 1 0 0 11744
             34.9177  0.179608   30.3641 0.0289871 -0.00117898 0.000273618 -0.00307876 -0.00134083 -0.00107233 -0.00430214 -0.000298539 -6.31161e-06  0.000148062  0.000328226 -0.000758754 -0.000482356 1 0 0 0
             34.9844  0.179608   30.3641 0.0289871 -0.00117625 0.000278975  -0.0030793 -0.00130192 -0.00100584 -0.00430898  -0.00029853 -6.29857e-06  0.000148051  0.000327893 -0.000759405 -0.000482473 1 0 0 14973
             34.9844  0.179608   30.3641 0.0289871 -0.00117625 0.000278975  -0.0030793 -0.00130192 -0.00100584 -0.00430898  -0.00029853 -6.29857e-06  0.000148051  0.000327893 -0.000759405 -0.000482473 1 0 0 0
             35.0511  0.179608   30.3641 0.0289871 -0.00117843 0.000274734 -0.00308067 -0.00133321 -0.00105837 -0.00432636 -0.000298524 -6.32209e-06  0.000148054  0.000328048 -0.000758889  -0.00048219 1 0 0 9393
             35.0511  0.179608   30.3641 0.0289871 -0.00117843 0.000274734 -0.00308067 -0.00133321 -0.00105837 -0.00432636 -0.000298524 -6.32209e-06  0.000148054  0.000328048 -0.000758889  -0.00048219 1 0 0 0
             35.1178  0.179608   30.3641 0.0289871 -0.00117777  0.00027361 -0.00308012  -0.0013248 -0.00107177 -0.00431927 -0.000298516 -6.33032e-06  0.000148055  0.000328012 -0.000758754 -0.000482289 1 0 0 11621
             35.1178  0.179608   30.3641 0.0289871 -0.00117777  0.00027361 -0.00308012  -0.0013248 -0.00107177 -0.00431927 -0.000298516 -6.33032e-06  0.000148055  0.000328012 -0.000758754 -0.000482289 1 0 0 0
             35.2512  0.179608   30.3641 0.0289871 -0.00117804  0.00027397 -0.00308019 -0.00132835 -0.00106751 -0.00432026 -0.000298519 -6.32679e-06  0.000148056  0.000328037 -0.000758797 -0.000482264 1 0 0 24605
             35.2512  0.179608   30.3641 0.0289871 -0.00117804  0.00027397 -0.00308019 -0.00132835 -0.00106751 -0.00432026 -0.000298519 -6.32679e-06  0.000148056  0.000328037 -0.000758797 -0.000482264 1 0 0 0
             35.3847  0.179608   30.3641 0.0289871 -0.00117696  0.00027259 -0.00308295 -0.00131493 -0.00108361 -0.00435508 -0.000298513 -6.32285e-06  0.000148059  0.000327753 -0.000758632 -0.000482041 1 0 0 23827
             35.3847  0.179608   30.3641 0.0289871 -0.00117696  0.00027259 -0.00308295 -0.00131493 -0.00108361 -0.00435508 -0.000298513 -6.32285e-06  0.000148059  0.000327753 -0.000758632 -0.000482041 1 0 0 0
             35.4514  0.179608   30.3641 0.0289871 -0.00117624 0.000274221 -0.00308259 -0.00130448 -0.00106345 -0.00435044 -0.000298509 -6.32849e-06  0.000148047  0.000327696  -0.00075883 -0.000482125 1 0 0 12320
             35.4514  0.179608   30.3641 0.0289871 -0.00117624 0.000274221 -0.00308259 -0.00130448 -0.00106345 -0.00435044 -0.000298509 -6.32849e-06  0.000148047  0.000327696  -0.00075883 -0.000482125 1 0 0 0
             35.5181  0.179608   30.3641 0.0289871 -0.00117708 0.000273162 -0.00308331 -0.00131624 -0.00107668 -0.00435972 -0.000298515 -6.32829e-06  0.000148048  0.000327743   -0.0007587 -0.000481995 1 0 0 12073
             35.5181  0.179608   30.3641 0.0289871 -0.00117708 0.000273162 -0.00308331 -0.00131624 -0.00107668 -0.00435972 -0.000298515 -6.32829e-06  0.000148048  0.000327743   -0.0007587 -0.000481995 1 0 0 0
             35.5848  0.179608   30.3641 0.0289871 -0.00117887 0.000271454 -0.00308542 -0.00134119 -0.00109817 -0.00438656 -0.000298518 -6.32547e-06  0.000148051  0.000327807 -0.000758491  -0.00048166 1 0 0 14682
             35.5848  0.179608   30.3641 0.0289871 -0.00117887 0.000271454 -0.00308542 -0.00134119 -0.00109817 -0.00438656 -0.000298518 -6.32547e-06  0.000148051  0.000327807 -0.000758491  -0.00048166 1 0 0 0
             35.7182  0.179608   30.3641 0.0289871 -0.00117799  0.00027623 -0.00308437 -0.00132709 -0.00103973 -0.00437339 -0.000298512 -6.31937e-06  0.000148043  0.000327772  -0.00075907 -0.000481827 1 0 0 21493
             35.7182  0.179608   30.3641 0.0289871 -0.00117799  0.00027623 -0.00308437 -0.00132709 -0.00103973 -0.00437339 -0.000298512 -6.31937e-06  0.000148043  0.000327772  -0.00075907 -0.000481827 1 0 0 0
             35.7849  0.179608   30.3641 0.0289871  -0.0011802 0.000271911 -0.00308604 -0.00135875  -0.0010932 -0.00439466 -0.000298506 -6.34199e-06  0.000148046   0.00032791 -0.000758544  -0.00048151 1 0 0 14638
             35.7849  0.179608   30.3641 0.0289871  -0.0011802 0.000271911 -0.00308604 -0.00135875  -0.0010932 -0.00439466 -0.000298506 -6.34199e-06  0.000148046   0.00032791 -0.000758544  -0.00048151 1 0 0 0
             35.8517  0.179608   30.3641 0.0289871 -0.00117969 0.000270719 -0.00308521 -0.00135241  -0.0011075 -0.00438399 -0.000298501   -6.354e-06   0.00014805  0.000327908 -0.000758401  -0.00048163 1 0 0 9532
             35.8517  0.179608   30.3641 0.0289871 -0.00117969 0.000270719 -0.00308521 -0.00135241  -0.0011075 -0.00438399 -0.000298501   -6.354e-06   0.00014805  0.000327908 -0.000758401  -0.00048163 1 0 0 0
             35.9184  0.179608   30.3641 0.0289871 -0.00118035 0.000272665 -0.00308845 -0.00136071 -0.00108395 -0.00442538 -0.000298513 -6.34917e-06  0.000148059  0.000327777 -0.000758634 -0.000481246 1 0 0 12139
             35.9184  0.179608   30.3641 0.0289871 -0.00118035 0.000272665 -0.00308845 -0.00136071 -0.00108395 -0.00442538 -0.000298513 -6.34917e-06  0.000148059  0.000327777 -0.000758634 -0.000481246 1 0 0 0
             35.9851  0.179608   30.3641 0.0289871 -0.00118128 0.000274374 -0.00308801 -0.00137224 -0.00106362    -0.00442 -0.000298506 -6.34968e-06   0.00014806  0.000327901  -0.00075884 -0.000481234 1 0 0 14550
             35.9851  0.179608   30.3641 0.0289871 -0.00118128 0.000274374 -0.00308801 -0.00137224 -0.00106362    -0.00442 -0.000298506 -6.34968e-06   0.00014806  0.000327901  -0.00075884 -0.000481234 1 0 0 0
             36.1185  0.179608   30.3641 0.0289871 -0.00118115 0.000274813 -0.00309012 -0.00137065 -0.00105809 -0.00444685 -0.000298494 -6.36497e-06  0.000148056  0.000327758 -0.000758892 -0.000481019 1 0 0 21359
             36.1185  0.179608   30.3641 0.0289871 -0.00118115 0.000274813 -0.00309012 -0.00137065 -0.00105809 -0.00444685 -0.000298494 -6.36497e-06  0.000148056  0.000327758 -0.000758892 -0.000481019 1 0 0 0
             36.1852  0.179608   30.3641 0.0289871 -0.00118292 0.000275148 -0.00309018 -0.00139401 -0.00105484 -0.00444785 -0.000298507 -6.37069e-06  0.000148057  0.000327942  -0.00075893 -0.000480901 1 0 0 14931
             36.1852  0.179608   30.3641 0.0289871 -0.00118292 0.000275148 -0.00309018 -0.00139401 -0.00105484 -0.00444785 -0.000298507 -6.37069e-06  0.000148057  0.000327942  -0.00075893 -0.000480901 1 0 0 0
              36.252  0.179608   30.3641 0.0289871 -0.00118057 0.000276065 -0.00308812 -0.00136201 -0.00104271 -0.00442135 -0.000298504  -6.3643e-06  0.000148055  0.000327817 -0.000759045 -0.000481268 1 0 0 9503
              36.252  0.179608   30.3641 0.0289871 -0.00118057 0.000276065 -0.00308812 -0.00136201 -0.00104271 -0.00442135 -0.000298504  -6.3643e-06  0.000148055  0.000327817 -0.000759045 -0.000481268 1 0 0 0
             36.3187  0.179608   30.3641 0.0289871 -0.00118139 0.000278502 -0.00309168  -0.0013722 -0.00101323  -0.0044668 -0.000298498 -6.35652e-06  0.000148058  0.000327683 -0.000759337 -0.000480841 1 0 0 12102
             36.3187  0.179608   30.3641 0.0289871 -0.00118139 0.000278502 -0.00309168  -0.0013722 -0.00101323  -0.0044668 -0.000298498 -6.35652e-06  0.000148058  0.000327683 -0.000759337 -0.000480841 1 0 0 0
             36.3854  0.179608   30.3641 0.0289871 -0.00118189 0.000275812 -0.00309135 -0.00138011 -0.00104621 -0.00446254 -0.000298495 -6.36675e-06  0.000148058   0.00032776 -0.000759012 -0.000480844 1 0 0 14554
             36.3854  0.179608   30.3641 0.0289871 -0.00118189 0.000275812 -0.00309135 -0.00138011 -0.00104621 -0.00446254 -0.000298495 -6.36675e-06  0.000148058   0.00032776 -0.000759012 -0.000480844 1 0 0 0
             36.4521  0.179608   30.3641 0.0289871  -0.0011773 0.000275994 -0.00308793 -0.00131845 -0.00104205 -0.00441855 -0.000298496 -6.35854e-06  0.000148066  0.000327479 -0.000759041 -0.000481494 1 0 0 9533
             36.4521  0.179608   30.3641 0.0289871  -0.0011773 0.000275994 -0.00308793 -0.00131845 -0.00104205 -0.00441855 -0.000298496 -6.35854e-06  0.000148066  0.000327479 -0.000759041 -0.000481494 1 0 0 0
             36.5855  0.179608   30.3641 0.0289871 -0.00118124 0.000270658 -0.00308728 -0.00137334 -0.00110885 -0.00441048 -0.000298502 -6.36148e-06  0.000148062  0.000327947 -0.000758391 -0.000481313 1 0 0 24075
             36.5855  0.179608   30.3641 0.0289871 -0.00118124 0.000270658 -0.00308728 -0.00137334 -0.00110885 -0.00441048 -0.000298502 -6.36148e-06  0.000148062  0.000327947 -0.000758391 -0.000481313 1 0 0 0
             36.6522  0.179608   30.3641 0.0289871 -0.00118077 0.000272296 -0.00308982 -0.00136674 -0.00108854 -0.00444281 -0.000298503 -6.35945e-06  0.000148054  0.000327739 -0.000758589 -0.000481074 1 0 0 12213
             36.6522  0.179608   30.3641 0.0289871 -0.00118077 0.000272296 -0.00308982 -0.00136674 -0.00108854 -0.00444281 -0.000298503 -6.35945e-06  0.000148054  0.000327739 -0.000758589 -0.000481074 1 0 0 0
              36.719  0.179608   30.3641 0.0289871 -0.00118128 0.000276243  -0.0030905 -0.00137174 -0.00104073 -0.00445175  -0.0002985 -6.3424e-06 0.000148045  0.000327746 -0.000759065 -0.000480971 1 0 0 12094
              36.719  0.179608   30.3641 0.0289871 -0.00118128 0.000276243  -0.0030905 -0.00137174 -0.00104073 -0.00445175  -0.0002985 -6.3424e-06 0.000148045  0.000327746 -0.000759065 -0.000480971 1 0 0 0
             36.7857  0.179608   30.3641 0.0289871 -0.00118148 0.000270445 -0.00309046 -0.00137715 -0.00111135 -0.00445101 -0.000298491  -6.3551e-06  0.000148047  0.000327777 -0.000758364 -0.000480961 1 0 0 14529
             36.7857  0.179608   30.3641 0.0289871 -0.00118148 0.000270445 -0.00309046 -0.00137715 -0.00111135 -0.00445101 -0.000298491  -6.3551e-06  0.000148047  0.000327777 -0.000758364 -0.000480961 1 0 0 0
             36.9191  0.179608   30.3641 0.0289871 -0.00118001 0.000272124 -0.00308976 -0.00135661 -0.00109028 -0.00444192 -0.000298493 -6.34981e-06  0.000148043  0.000327661 -0.000758569 -0.000481129 1 0 0 21744
             36.9191  0.179608   30.3641 0.0289871 -0.00118001 0.000272124 -0.00308976 -0.00135661 -0.00109028 -0.00444192 -0.000298493 -6.34981e-06  0.000148043  0.000327661 -0.000758569 -0.000481129 1 0 0 0
             36.9858  0.179608   30.3641 0.0289871 -0.00118257 0.000270824 -0.00309005 -0.00139136 -0.00110728 -0.00444585 -0.000298482 -6.34929e-06  0.000148048  0.000327919 -0.000758408 -0.000480937 1 0 0 14499
             36.9858  0.179608   30.3641 0.0289871 -0.00118257 0.000270824 -0.00309005 -0.00139136 -0.00110728 -0.00444585 -0.000298482 -6.34929e-06  0.000148048  0.000327919 -0.000758408 -0.000480937 1 0 0 0
             37.0525  0.179608   30.3641 0.0289871  -0.0011844 0.000272701 -0.00309078 -0.00141496 -0.00108527 -0.00445551 -0.000298475 -6.35267e-06  0.000148049  0.000328067 -0.000758632 -0.000480744 1 0 0 9645
             37.0525  0.179608   30.3641 0.0289871  -0.0011844 0.000272701 -0.00309078 -0.00141496 -0.00108527 -0.00445551 -0.000298475 -6.35267e-06  0.000148049  0.000328067 -0.000758632 -0.000480744 1 0 0 0
             37.1192  0.179608   30.3641 0.0289871  -0.0011799 0.000273933 -0.00308999 -0.00135438 -0.00106821 -0.00444487  -0.00029848 -6.35091e-06   0.00014805  0.000327634 -0.000758788 -0.000481112 1 0 0 11577
             37.1192  0.179608   30.3641 0.0289871  -0.0011799 0.000273933 -0.00308999 -0.00135438 -0.00106821 -0.00444487  -0.00029848 -6.35091e-06   0.00014805  0.000327634 -0.000758788 -0.000481112 1 0 0 0
             37.2527  0.179608   30.3641 0.0289871 -0.00118459 0.000271239 -0.00308959 -0.00141811 -0.00110322 -0.00444033 -0.000298482 -6.37265e-06  0.000148043  0.000328163 -0.000758455 -0.000480857 1 0 0 24791
             37.2527  0.179608   30.3641 0.0289871 -0.00118459 0.000271239 -0.00308959 -0.00141811 -0.00110322 -0.00444033 -0.000298482 -6.37265e-06  0.000148043  0.000328163 -0.000758455 -0.000480857 1 0 0 0
             37.3194  0.179608   30.3641 0.0289871 -0.00118472 0.000271747 -0.00309213 -0.00141983 -0.00109694 -0.00447271 -0.000298483 -6.36202e-06  0.000148041  0.000328019 -0.000758516 -0.000480581 1 0 0 11880
             37.3194  0.179608   30.3641 0.0289871 -0.00118472 0.000271747 -0.00309213 -0.00141983 -0.00109694 -0.00447271 -0.000298483 -6.36202e-06  0.000148041  0.000328019 -0.000758516 -0.000480581 1 0 0 0
             37.3861  0.179608   30.3641 0.0289871 -0.00118522  0.00027203 -0.00309148 -0.00142637 -0.00109377 -0.00446451 -0.000298477 -6.35094e-06  0.000148042  0.000328113  -0.00075855 -0.000480618 1 0 0 14456
             37.3861  0.179608   30.3641 0.0289871 -0.00118522  0.00027203 -0.00309148 -0.00142637 -0.00109377 -0.00446451 -0.000298477 -6.35094e-06  0.000148042  0.000328113  -0.00075855 -0.000480618 1 0 0 0
             37.4528  0.179608   30.3641 0.0289871 -0.00118736 0.000273966 -0.00309295 -0.00145406 -0.00107114 -0.00448358 -0.000298471 -6.35809e-06  0.000148038  0.000328248  -0.00075878 -0.000480328 1 0 0 9822
             37.4528  0.179608   30.3641 0.0289871 -0.00118736 0.000273966 -0.00309295 -0.00145406 -0.00107114 -0.00448358 -0.000298471 -6.35809e-06  0.000148038  0.000328248  -0.00075878 -0.000480328 1 0 0 0
             37.5863  0.179608   30.3641 0.0289871 -0.00118497 0.000269599 -0.00309179 -0.00142417  -0.0011232 -0.00446827 -0.000298478 -6.35823e-06  0.000148045   0.00032807 -0.000758256   -0.0004806 1 0 0 24247
             37.5863  0.179608   30.3641 0.0289871 -0.00118497 0.000269599 -0.00309179 -0.00142417  -0.0011232 -0.00446827 -0.000298478 -6.35823e-06  0.000148045   0.00032807 -0.000758256   -0.0004806 1 0 0 0
              37.653  0.179608   30.3641 0.0289871 -0.00118779 0.000269865 -0.00309517 -0.00146208 -0.00112108 -0.00451159 -0.000298482 -6.36619e-06  0.000148047  0.000328163 -0.000758283 -0.000480065 1 0 0 11976
              37.653  0.179608   30.3641 0.0289871 -0.00118779 0.000269865 -0.00309517 -0.00146208 -0.00112108 -0.00451159 -0.000298482 -6.36619e-06  0.000148047  0.000328163 -0.000758283 -0.000480065 1 0 0 0
             37.7197  0.179608   30.3641 0.0289871  -0.0011879 0.000271938 -0.00309645 -0.00146275 -0.00109584 -0.00452794 -0.000298473 -6.34993e-06  0.000148042  0.000328094 -0.000758533 -0.000479924 1 0 0 11793
             37.7197  0.179608   30.3641 0.0289871  -0.0011879 0.000271938 -0.00309645 -0.00146275 -0.00109584 -0.00452794 -0.000298473 -6.34993e-06  0.000148042  0.000328094 -0.000758533 -0.000479924 1 0 0 0
             37.7864  0.179608   30.3641 0.0289871 -0.00118652 0.000271288 -0.00309381 -0.00144426 -0.00110326 -0.00449428 -0.000298474 -6.34718e-06  0.000148048  0.000328109 -0.000758458 -0.000480289 1 0 0 14526
             37.7864  0.179608   30.3641 0.0289871 -0.00118652 0.000271288 -0.00309381 -0.00144426 -0.00110326 -0.00449428 -0.000298474 -6.34718e-06  0.000148048  0.000328109 -0.000758458 -0.000480289 1 0 0 0
             37.9198  0.179608   30.3641 0.0289871 -0.00118764 0.000270411 -0.00309568 -0.00145987 -0.00111433 -0.00451807 -0.000298477 -6.36458e-06  0.000148038  0.000328115  -0.00075835 -0.000480021 1 0 0 21809
             37.9198  0.179608   30.3641 0.0289871 -0.00118764 0.000270411 -0.00309568 -0.00145987 -0.00111433 -0.00451807 -0.000298477 -6.36458e-06  0.000148038  0.000328115  -0.00075835 -0.000480021 1 0 0 0
             37.9865  0.179608   30.3641 0.0289871 -0.00118967 0.000272143 -0.00309274 -0.00148566 -0.00109442 -0.00448114 -0.000298472 -6.34837e-06  0.000148038   0.00032851 -0.000758556 -0.000480204 1 0 0 14458
             37.9865  0.179608   30.3641 0.0289871 -0.00118967 0.000272143 -0.00309274 -0.00148566 -0.00109442 -0.00448114 -0.000298472 -6.34837e-06  0.000148038   0.00032851 -0.000758556 -0.000480204 1 0 0 0
             38.2534  0.179608   30.3641 0.0289871 -0.00118829 0.000268955 -0.00309509 -0.00146916  -0.0011324 -0.00451058 -0.000298467 -6.35451e-06   0.00014804  0.000328223 -0.000758173 -0.000480042 1 0 0 46014
             38.2534  0.179608   30.3641 0.0289871 -0.00118829 0.000268955 -0.00309509 -0.00146916  -0.0011324 -0.00451058 -0.000298467 -6.35451e-06   0.00014804  0.000328223 -0.000758173 -0.000480042 1 0 0 0
             38.3201  0.179608   30.3641 0.0289871 -0.00118989  0.00027029 -0.00309626 -0.00148993 -0.00111683 -0.00452573 -0.000298475 -6.35824e-06  0.000148039   0.00032832 -0.000758331 -0.000479818 1 0 0 11945
             38.3201  0.179608   30.3641 0.0289871 -0.00118989  0.00027029 -0.00309626 -0.00148993 -0.00111683 -0.00452573 -0.000298475 -6.35824e-06  0.000148039   0.00032832 -0.000758331 -0.000479818 1 0 0 0
             38.3868  0.179608   30.3641 0.0289871 -0.00119008 0.000270744 -0.00309559 -0.00149218 -0.00111144 -0.00451735 -0.000298467 -6.33756e-06  0.000148039   0.00032838 -0.000758386 -0.000479876 1 0 0 14643
             38.3868  0.179608   30.3641 0.0289871 -0.00119008 0.000270744 -0.00309559 -0.00149218 -0.00111144 -0.00451735 -0.000298467 -6.33756e-06  0.000148039   0.00032838 -0.000758386 -0.000479876 1 0 0 0
             38.4535  0.179608   30.3641 0.0289871 -0.00118856 0.000271729 -0.00309718 -0.00147173 -0.00109865 -0.00453735  -0.00029847 -6.34223e-06  0.000148039   0.00032812 -0.000758507 -0.000479805 1 0 0 9556
             38.4535  0.179608   30.3641 0.0289871 -0.00118856 0.000271729 -0.00309718 -0.00147173 -0.00109865 -0.00453735  -0.00029847 -6.34223e-06  0.000148039   0.00032812 -0.000758507 -0.000479805 1 0 0 0
             38.5203  0.179608   30.3641 0.0289871 -0.00118899 0.000271083 -0.00309741 -0.00147776 -0.00110669 -0.00454026 -0.000298462 -6.34705e-06  0.000148038  0.000328152 -0.000758428 -0.000479753 1 0 0 12070
             38.5203  0.179608   30.3641 0.0289871 -0.00118899 0.000271083 -0.00309741 -0.00147776 -0.00110669 -0.00454026 -0.000298462 -6.34705e-06  0.000148038  0.000328152 -0.000758428 -0.000479753 1 0 0 0
              38.587  0.179608   30.3641 0.0289871 -0.00118736  0.00027163 -0.00309595 -0.00145556 -0.00109936 -0.00452151 -0.000298466 -6.33952e-06  0.000148036  0.000328067 -0.000758497 -0.000480011 1 0 0 14711
              38.587  0.179608   30.3641 0.0289871 -0.00118736  0.00027163 -0.00309595 -0.00145556 -0.00109936 -0.00452151 -0.000298466 -6.33952e-06  0.000148036  0.000328067 -0.000758497 -0.000480011 1 0 0 0
             39.1207  0.179608   30.3641 0.0289871 -0.00118983 0.000274812 -0.00310494 -0.00148817 -0.00106125 -0.00463618 -0.000298455 -6.35391e-06   0.00014804  0.000327775 -0.000758876 -0.000478906 1 0 0 94063
             39.1207  0.179608   30.3641 0.0289871 -0.00118983 0.000274812 -0.00310494 -0.00148817 -0.00106125 -0.00463618 -0.000298455 -6.35391e-06   0.00014804  0.000327775 -0.000758876 -0.000478906 1 0 0 0
             39.1874  0.179608   30.3641 0.0289871  -0.0011894 0.000275207 -0.00310385 -0.00148207  -0.0010563 -0.00462232 -0.000298445 -6.35543e-06  0.000148044  0.000327795 -0.000758925 -0.000479048 1 0 0 14644
             39.1874  0.179608   30.3641 0.0289871  -0.0011894 0.000275207 -0.00310385 -0.00148207  -0.0010563 -0.00462232 -0.000298445 -6.35543e-06  0.000148044  0.000327795 -0.000758925 -0.000479048 1 0 0 0
             39.7211  0.179608   30.3641 0.0289871 -0.00119169 0.000272866 -0.00310451 -0.00151382 -0.00108582 -0.00463093 -0.000298441  -6.3491e-06  0.000148046  0.000328002 -0.000758638 -0.000478833 1 0 0 94023
             39.7211  0.179608   30.3641 0.0289871 -0.00119169 0.000272866 -0.00310451 -0.00151382 -0.00108582 -0.00463093 -0.000298441  -6.3491e-06  0.000148046  0.000328002 -0.000758638 -0.000478833 1 0 0 0
             39.8545  0.179608   30.3641 0.0289871 -0.00119153 0.000276333 -0.00310698 -0.00151027 -0.00104342 -0.00466238 -0.000298434 -6.33101e-06  0.000148042  0.000327828 -0.000759057 -0.000478584 1 0 0 24330
             39.8545  0.179608   30.3641 0.0289871 -0.00119153 0.000276333 -0.00310698 -0.00151027 -0.00104342 -0.00466238 -0.000298434 -6.33101e-06  0.000148042  0.000327828 -0.000759057 -0.000478584 1 0 0 0
             39.9213  0.179608   30.3641 0.0289871 -0.00119154 0.000273681 -0.00310577  -0.0015116 -0.00107575 -0.00464691 -0.000298437 -6.33426e-06  0.000148038  0.000327908 -0.000758736  -0.00047871 1 0 0 11783
             39.9213  0.179608   30.3641 0.0289871 -0.00119154 0.000273681 -0.00310577  -0.0015116 -0.00107575 -0.00464691 -0.000298437 -6.33426e-06  0.000148038  0.000327908 -0.000758736  -0.00047871 1 0 0 0
             40.0547  0.179608   30.3641 0.0289871 -0.00119341  0.00027354 -0.00310805 -0.00153682 -0.00107821 -0.00467611 -0.000298425  -6.3444e-06  0.000148033  0.000327967 -0.000758716 -0.000478351 1 0 0 24483
             40.0547  0.179608   30.3641 0.0289871 -0.00119341  0.00027354 -0.00310805 -0.00153682 -0.00107821 -0.00467611 -0.000298425  -6.3444e-06  0.000148033  0.000327967 -0.000758716 -0.000478351 1 0 0 0
             40.2548  0.179608   30.3641 0.0289871 -0.00119034 0.000274299 -0.00310568 -0.00149528 -0.00106768 -0.00464562 -0.000298417 -6.33288e-06  0.000148037  0.000327784 -0.000758813 -0.000478796 1 0 0 36175
             40.2548  0.179608   30.3641 0.0289871 -0.00119034 0.000274299 -0.00310568 -0.00149528 -0.00106768 -0.00464562 -0.000298417 -6.33288e-06  0.000148037  0.000327784 -0.000758813 -0.000478796 1 0 0 0
             40.3215  0.179608   30.3641 0.0289871 -0.00119156 0.000274091 -0.00310478 -0.00151148 -0.00107084 -0.00463442  -0.00029842 -6.33491e-06  0.000148042   0.00032797 -0.000758786 -0.000478813 1 0 0 11952
             40.3215  0.179608   30.3641 0.0289871 -0.00119156 0.000274091 -0.00310478 -0.00151148 -0.00107084 -0.00463442  -0.00029842 -6.33491e-06  0.000148042   0.00032797 -0.000758786 -0.000478813 1 0 0 0
             40.5217  0.179608   30.3641 0.0289871 -0.00119427 0.000274727 -0.00310676 -0.00154761 -0.00106426 -0.00465992 -0.000298414 -6.32636e-06  0.000148045  0.000328137 -0.000758859 -0.000478433 1 0 0 36256
             40.5217  0.179608   30.3641 0.0289871 -0.00119427 0.000274727 -0.00310676 -0.00154761 -0.00106426 -0.00465992 -0.000298414 -6.32636e-06  0.000148045  0.000328137 -0.000758859 -0.000478433 1 0 0 0
             40.5884  0.179608   30.3641 0.0289871 -0.00119239 0.000276354 -0.00310882 -0.00152196 -0.00104344 -0.00468597 -0.000298412 -6.33817e-06   0.00014804  0.000327807 -0.000759057 -0.000478335 1 0 0 14303
             40.5884  0.179608   30.3641 0.0289871 -0.00119239 0.000276354 -0.00310882 -0.00152196 -0.00104344 -0.00468597 -0.000298412 -6.33817e-06   0.00014804  0.000327807 -0.000759057 -0.000478335 1 0 0 0
             40.6551  0.179608   30.3641 0.0289871 -0.00119181 0.000274542 -0.00310933 -0.00151518 -0.00106518 -0.00469228 -0.000298413 -6.34612e-06  0.000148035  0.000327716 -0.000758839 -0.000478317 1 0 0 9928
             40.6551  0.179608   30.3641 0.0289871 -0.00119181 0.000274542 -0.00310933 -0.00151518 -0.00106518 -0.00469228 -0.000298413 -6.34612e-06  0.000148035  0.000327716 -0.000758839 -0.000478317 1 0 0 0
             40.7885  0.179608   30.3641 0.0289871  -0.0011941 0.000273148    -0.00311 -0.00154651 -0.00108318 -0.00470105 -0.000298419 -6.34895e-06  0.000148038  0.000327922 -0.000758667   -0.0004781 1 0 0 24209
             40.7885  0.179608   30.3641 0.0289871  -0.0011941 0.000273148    -0.00311 -0.00154651 -0.00108318 -0.00470105 -0.000298419 -6.34895e-06  0.000148038  0.000327922 -0.000758667   -0.0004781 1 0 0 0
             40.8553  0.179608   30.3641 0.0289871 -0.00119018 0.000276226 -0.00310889 -0.00149266 -0.00104396 -0.00468647 -0.000298419 -6.32513e-06  0.000148035  0.000327567 -0.000759045 -0.000478467 1 0 0 11919
             40.8553  0.179608   30.3641 0.0289871 -0.00119018 0.000276226 -0.00310889 -0.00149266 -0.00104396 -0.00468647 -0.000298419 -6.32513e-06  0.000148035  0.000327567 -0.000759045 -0.000478467 1 0 0 0
              40.922  0.179608   30.3641 0.0289871 -0.00119329 0.000273315 -0.00310834 -0.00153533 -0.00108087 -0.00467984 -0.000298407  -6.3294e-06  0.000148038  0.000327936 -0.000758689 -0.000478328 1 0 0 11975
              40.922  0.179608   30.3641 0.0289871 -0.00119329 0.000273315 -0.00310834 -0.00153533 -0.00108087 -0.00467984 -0.000298407  -6.3294e-06  0.000148038  0.000327936 -0.000758689 -0.000478328 1 0 0 0
             41.0554  0.179608   30.3641 0.0289871 -0.00119377 0.000272825 -0.00311089 -0.00154233 -0.00108689 -0.00471227 -0.000298411 -6.34046e-06  0.000148027  0.000327832 -0.000758629 -0.000478027 1 0 0 24336
             41.0554  0.179608   30.3641 0.0289871 -0.00119377 0.000272825 -0.00311089 -0.00154233 -0.00108689 -0.00471227 -0.000298411 -6.34046e-06  0.000148027  0.000327832 -0.000758629 -0.000478027 1 0 0 0
             41.1221  0.179608   30.3641 0.0289871 -0.00119426  0.00027378  -0.0031079 -0.00154809  -0.0010757 -0.00467442 -0.000298401 -6.32972e-06  0.000148032  0.000328067 -0.000758744 -0.000478312 1 0 0 12136
             41.1221  0.179608   30.3641 0.0289871 -0.00119426  0.00027378  -0.0031079 -0.00154809  -0.0010757 -0.00467442 -0.000298401 -6.32972e-06  0.000148032  0.000328067 -0.000758744 -0.000478312 1 0 0 0
             41.1888  0.179608   30.3641 0.0289871 -0.00119384 0.000276119 -0.00310863 -0.00154143   -0.001047 -0.00468367 -0.000298407 -6.32361e-06  0.000148029  0.000327975 -0.000759027 -0.000478263 1 0 0 14075
             41.1888  0.179608   30.3641 0.0289871 -0.00119384 0.000276119 -0.00310863 -0.00154143   -0.001047 -0.00468367 -0.000298407 -6.32361e-06  0.000148029  0.000327975 -0.000759027 -0.000478263 1 0 0 0
             41.2556  0.179608   30.3641 0.0289871 -0.00119595 0.000274387 -0.00311207  -0.0015708 -0.00106885 -0.00472757 -0.000298401 -6.32935e-06   0.00014803  0.000327991 -0.000758814 -0.000477766 1 0 0 9880
             41.2556  0.179608   30.3641 0.0289871 -0.00119595 0.000274387 -0.00311207  -0.0015708 -0.00106885 -0.00472757 -0.000298401 -6.32935e-06   0.00014803  0.000327991 -0.000758814 -0.000477766 1 0 0 0
             41.3223  0.179608   30.3641 0.0289871 -0.00119342 0.000271499 -0.00311043 -0.00153827 -0.00110288 -0.00470626   -0.0002984 -6.32845e-06  0.000148035  0.000327825 -0.000758469 -0.000478098 1 0 0 12320
             41.3223  0.179608   30.3641 0.0289871 -0.00119342 0.000271499 -0.00311043 -0.00153827 -0.00110288 -0.00470626   -0.0002984 -6.32845e-06  0.000148035  0.000327825 -0.000758469 -0.000478098 1 0 0 0
             41.4557  0.179608   30.3641 0.0289871 -0.00119434 0.000269086 -0.00311277 -0.00155191 -0.00113252 -0.00473598 -0.000298407  -6.3394e-06   0.00014804  0.000327782 -0.000758175 -0.000477792 1 0 0 23992
             41.4557  0.179608   30.3641 0.0289871 -0.00119434 0.000269086 -0.00311277 -0.00155191 -0.00113252 -0.00473598 -0.000298407  -6.3394e-06   0.00014804  0.000327782 -0.000758175 -0.000477792 1 0 0 0
             41.5224  0.179608   30.3641 0.0289871 -0.00119366 0.000271324 -0.00311103 -0.00154159 -0.00110508 -0.00471386 -0.000298398 -6.32418e-06  0.000148042  0.000327814 -0.000758447  -0.00047802 1 0 0 12177
             41.5224  0.179608   30.3641 0.0289871 -0.00119366 0.000271324 -0.00311103 -0.00154159 -0.00110508 -0.00471386 -0.000298398 -6.32418e-06  0.000148042  0.000327814 -0.000758447  -0.00047802 1 0 0 0
             41.6558  0.179608   30.3641 0.0289871 -0.00119406  0.00026959 -0.00311378 -0.00154816 -0.00112619 -0.00474882 -0.000298397 -6.33721e-06   0.00014804   0.00032769 -0.000758237 -0.000477703 1 0 0 23841
             41.6558  0.179608   30.3641 0.0289871 -0.00119406  0.00026959 -0.00311378 -0.00154816 -0.00112619 -0.00474882 -0.000298397 -6.33721e-06   0.00014804   0.00032769 -0.000758237 -0.000477703 1 0 0 0
             41.7226  0.179608   30.3641 0.0289871 -0.00119203 0.000269879 -0.00311141 -0.00152067 -0.00112186 -0.00471838 -0.000298396 -6.32714e-06  0.000148042  0.000327619 -0.000758275 -0.000478082 1 0 0 12539
             41.7226  0.179608   30.3641 0.0289871 -0.00119203 0.000269879 -0.00311141 -0.00152067 -0.00112186 -0.00471838 -0.000298396 -6.32714e-06  0.000148042  0.000327619 -0.000758275 -0.000478082 1 0 0 0
             42.0561  0.179608   30.3641 0.0289871 -0.00119181 0.000270061 -0.00311388 -0.00151793 -0.00111938 -0.00474984 -0.000298398 -6.33067e-06  0.000148046  0.000327442 -0.000758297 -0.000477834 1 0 0 59619
             42.0561  0.179608   30.3641 0.0289871 -0.00119181 0.000270061 -0.00311388 -0.00151793 -0.00111938 -0.00474984 -0.000298398 -6.33067e-06  0.000148046  0.000327442 -0.000758297 -0.000477834 1 0 0 0
             42.2563  0.179608   30.3641 0.0289871 -0.00119389 0.000269651 -0.00311563 -0.00154605 -0.00112524 -0.00477225 -0.000298387 -6.33146e-06  0.000148047  0.000327558 -0.000758244 -0.000477519 1 0 0 36627
             42.2563  0.179608   30.3641 0.0289871 -0.00119389 0.000269651 -0.00311563 -0.00154605 -0.00112524 -0.00477225 -0.000298387 -6.33146e-06  0.000148047  0.000327558 -0.000758244 -0.000477519 1 0 0 0
             42.3897  0.179608   30.3641 0.0289871 -0.00119172 0.000268968 -0.00311446 -0.00151731  -0.0011326 -0.00475708 -0.000298381 -6.33032e-06  0.000148045  0.000327399 -0.000758165 -0.000477779 1 0 0 24264
             42.3897  0.179608   30.3641 0.0289871 -0.00119172 0.000268968 -0.00311446 -0.00151731  -0.0011326 -0.00475708 -0.000298381 -6.33032e-06  0.000148045  0.000327399 -0.000758165 -0.000477779 1 0 0 0
             42.4564  0.179608   30.3641 0.0289871 -0.00119224 0.000269349 -0.00311637 -0.00152435 -0.00112809 -0.00478145 -0.000298388 -6.32599e-06  0.000148046  0.000327337  -0.00075821 -0.000477544 1 0 0 11965
             42.4564  0.179608   30.3641 0.0289871 -0.00119224 0.000269349 -0.00311637 -0.00152435 -0.00112809 -0.00478145 -0.000298388 -6.32599e-06  0.000148046  0.000327337  -0.00075821 -0.000477544 1 0 0 0
             42.5231  0.179608   30.3641 0.0289871 -0.00119222 0.000271661 -0.00311458 -0.00152267 -0.00110007 -0.00475878 -0.000298384 -6.32359e-06  0.000148043  0.000327441 -0.000758489 -0.000477736 1 0 0 12359
             42.5231  0.179608   30.3641 0.0289871 -0.00119222 0.000271661 -0.00311458 -0.00152267 -0.00110007 -0.00475878 -0.000298384 -6.32359e-06  0.000148043  0.000327441 -0.000758489 -0.000477736 1 0 0 0
             42.5898  0.179608   30.3641 0.0289871 -0.00119237 0.000270647 -0.00311733  -0.0015255  -0.0011123 -0.00479373 -0.000298381 -6.31702e-06  0.000148045  0.000327289 -0.000758366 -0.000477435 1 0 0 13819
             42.5898  0.179608   30.3641 0.0289871 -0.00119237 0.000270647 -0.00311733  -0.0015255  -0.0011123 -0.00479373 -0.000298381 -6.31702e-06  0.000148045  0.000327289 -0.000758366 -0.000477435 1 0 0 0
             42.6566  0.179608   30.3641 0.0289871 -0.00119247 0.000271326 -0.00311657 -0.00152647 -0.00110413 -0.00478408 -0.000298377 -6.31346e-06  0.000148043  0.000327346 -0.000758448  -0.00047751 1 0 0 10031
             42.6566  0.179608   30.3641 0.0289871 -0.00119247 0.000271326 -0.00311657 -0.00152647 -0.00110413 -0.00478408 -0.000298377 -6.31346e-06  0.000148043  0.000327346 -0.000758448  -0.00047751 1 0 0 0
             42.7233  0.179608   30.3641 0.0289871 -0.00119094 0.000271098 -0.00311622 -0.00150615 -0.00110621 -0.00477947 -0.000298373 -6.32153e-06  0.000148035  0.000327204 -0.000758423 -0.000477643 1 0 0 12367
             42.7233  0.179608   30.3641 0.0289871 -0.00119094 0.000271098 -0.00311622 -0.00150615 -0.00110621 -0.00477947 -0.000298373 -6.32153e-06  0.000148035  0.000327204 -0.000758423 -0.000477643 1 0 0 0
               42.79  0.179608   30.3641 0.0289871 -0.00119069 0.000269316 -0.00311471 -0.00150343 -0.00112787 -0.00476017 -0.000298374 -6.32152e-06  0.000148033  0.000327272 -0.000758208 -0.000477818 1 0 0 13725
               42.79  0.179608   30.3641 0.0289871 -0.00119069 0.000269316 -0.00311471 -0.00150343 -0.00112787 -0.00476017 -0.000298374 -6.32152e-06  0.000148033  0.000327272 -0.000758208 -0.000477818 1 0 0 0
             42.8567  0.179608   30.3641 0.0289871 -0.00119212 0.000268315 -0.00311638 -0.00152318  -0.0011406 -0.00478145 -0.000298373 -6.31972e-06  0.000148036  0.000327324 -0.000758085 -0.000477551 1 0 0 9912
             42.8567  0.179608   30.3641 0.0289871 -0.00119212 0.000268315 -0.00311638 -0.00152318  -0.0011406 -0.00478145 -0.000298373 -6.31972e-06  0.000148036  0.000327324 -0.000758085 -0.000477551 1 0 0 0
             42.9234  0.179608   30.3641 0.0289871 -0.0011936 0.00027276 -0.0031166 -0.00154087 -0.00108724 -0.00478466 -0.000298366 -6.32232e-06  0.000148025  0.000327464  -0.00075862 -0.000477436 1 0 0 12544
             42.9234  0.179608   30.3641 0.0289871 -0.0011936 0.00027276 -0.0031166 -0.00154087 -0.00108724 -0.00478466 -0.000298366 -6.32232e-06  0.000148025  0.000327464  -0.00075862 -0.000477436 1 0 0 0
             42.9901  0.179608   30.3641 0.0289871 -0.00119271 0.000272762  -0.0031158 -0.00152886 -0.00108684  -0.0047744 -0.000298362 -6.31218e-06  0.000148024  0.000327417 -0.000758621 -0.000477576 1 0 0 13837
             42.9901  0.179608   30.3641 0.0289871 -0.00119271 0.000272762  -0.0031158 -0.00152886 -0.00108684  -0.0047744 -0.000298362 -6.31218e-06  0.000148024  0.000327417 -0.000758621 -0.000477576 1 0 0 0
             43.0568  0.179608   30.3641 0.0289871 -0.00119317 0.000271881 -0.00311613 -0.00153543 -0.00109775  -0.0047786 -0.000298362 -6.31355e-06  0.000148025  0.000327447 -0.000758514 -0.000477512 1 0 0 10063
             43.0568  0.179608   30.3641 0.0289871 -0.00119317 0.000271881 -0.00311613 -0.00153543 -0.00109775  -0.0047786 -0.000298362 -6.31355e-06  0.000148025  0.000327447 -0.000758514 -0.000477512 1 0 0 0
              43.257  0.179608   30.3641 0.0289871 -0.00119524 0.000270854 -0.00311656 -0.00156351 -0.00111118 -0.00478428 -0.000298361 -6.31667e-06  0.000148023  0.000327643 -0.000758387 -0.000477336 1 0 0 36098
              43.257  0.179608   30.3641 0.0289871 -0.00119524 0.000270854 -0.00311656 -0.00156351 -0.00111118 -0.00478428 -0.000298361 -6.31667e-06  0.000148023  0.000327643 -0.000758387 -0.000477336 1 0 0 0
             43.3237  0.179608   30.3641 0.0289871 -0.00119409 0.000272293 -0.00311645 -0.00154754 -0.00109316  -0.0047828 -0.000298361 -6.32053e-06  0.000148026  0.000327525 -0.000758562 -0.000477421 1 0 0 12354
             43.3237  0.179608   30.3641 0.0289871 -0.00119409 0.000272293 -0.00311645 -0.00154754 -0.00109316  -0.0047828 -0.000298361 -6.32053e-06  0.000148026  0.000327525 -0.000758562 -0.000477421 1 0 0 0
             43.3904  0.179608   30.3641 0.0289871 -0.00119514 0.000272154 -0.00311629 -0.00156164 -0.00109535 -0.00478101 -0.000298358 -6.32276e-06  0.000148026  0.000327648 -0.000758544  -0.00047737 1 0 0 13846
             43.3904  0.179608   30.3641 0.0289871 -0.00119514 0.000272154 -0.00311629 -0.00156164 -0.00109535 -0.00478101 -0.000298358 -6.32276e-06  0.000148026  0.000327648 -0.000758544  -0.00047737 1 0 0 0
             43.4571  0.179608   30.3641 0.0289871 -0.00119619 0.000272826 -0.00311691 -0.00157536 -0.00108764 -0.00478907 -0.000298364 -6.32735e-06  0.000148026  0.000327721 -0.000758624 -0.000477239 1 0 0 10113
             43.4571  0.179608   30.3641 0.0289871 -0.00119619 0.000272826 -0.00311691 -0.00157536 -0.00108764 -0.00478907 -0.000298364 -6.32735e-06  0.000148026  0.000327721 -0.000758624 -0.000477239 1 0 0 0
             43.6573  0.179608   30.3641 0.0289871 -0.00119856 0.000273332 -0.00311867 -0.00160689 -0.00108248  -0.0048117 -0.000298359  -6.3196e-06  0.000148031  0.000327865 -0.000758681 -0.000476904 1 0 0 36183
             43.6573  0.179608   30.3641 0.0289871 -0.00119856 0.000273332 -0.00311867 -0.00160689 -0.00108248  -0.0048117 -0.000298359  -6.3196e-06  0.000148031  0.000327865 -0.000758681 -0.000476904 1 0 0 0
              43.724  0.179608   30.3641 0.0289871 -0.00119698  0.00027303 -0.00311862 -0.00158598 -0.00108541 -0.00481088 -0.000298355 -6.32141e-06  0.000148033    0.0003277 -0.000758647 -0.000477008 1 0 0 12328
              43.724  0.179608   30.3641 0.0289871 -0.00119698  0.00027303 -0.00311862 -0.00158598 -0.00108541 -0.00481088 -0.000298355 -6.32141e-06  0.000148033    0.0003277 -0.000758647 -0.000477008 1 0 0 0
             43.8574  0.179608   30.3641 0.0289871 -0.00119867 0.000269549 -0.00312024 -0.00161031 -0.00112845 -0.00483154 -0.000298358 -6.33353e-06  0.000148033  0.000327785 -0.000758223  -0.00047673 1 0 0 24032
             43.8574  0.179608   30.3641 0.0289871 -0.00119867 0.000269549 -0.00312024 -0.00161031 -0.00112845 -0.00483154 -0.000298358 -6.33353e-06  0.000148033  0.000327785 -0.000758223  -0.00047673 1 0 0 0
             43.9241  0.179608   30.3641 0.0289871 -0.00119726 0.000268828 -0.00312167 -0.00159213 -0.00113646 -0.00484936  -0.00029836 -6.33484e-06  0.000148031  0.000327548 -0.000758138 -0.000476668 1 0 0 12138
             43.9241  0.179608   30.3641 0.0289871 -0.00119726 0.000268828 -0.00312167 -0.00159213 -0.00113646 -0.00484936  -0.00029836 -6.33484e-06  0.000148031  0.000327548 -0.000758138 -0.000476668 1 0 0 0
             43.9909  0.179608   30.3641 0.0289871 -0.00119813 0.000269678 -0.00312342 -0.00160349 -0.00112641 -0.00487181  -0.00029835 -6.32975e-06   0.00014803  0.000327532 -0.000758239 -0.000476428 1 0 0 13770
             43.9909  0.179608   30.3641 0.0289871 -0.00119813 0.000269678 -0.00312342 -0.00160349 -0.00112641 -0.00487181  -0.00029835 -6.32975e-06   0.00014803  0.000327532 -0.000758239 -0.000476428 1 0 0 0
             44.0576  0.179608   30.3641 0.0289871 -0.00119879 0.000267232 -0.00312164 -0.00161323  -0.0011566 -0.00484921  -0.00029835 -6.32705e-06   0.00014803  0.000327715 -0.000757943 -0.000476573 1 0 0 10130
             44.0576  0.179608   30.3641 0.0289871 -0.00119879 0.000267232 -0.00312164 -0.00161323  -0.0011566 -0.00484921  -0.00029835 -6.32705e-06   0.00014803  0.000327715 -0.000757943 -0.000476573 1 0 0 0
              44.191  0.179608   30.3641 0.0289871  -0.0011976 0.000266974 -0.00312245 -0.00159761 -0.00115912 -0.00485932 -0.000298354 -6.33557e-06  0.000148019  0.000327538 -0.000757913 -0.000476563 1 0 0 24462
              44.191  0.179608   30.3641 0.0289871  -0.0011976 0.000266974 -0.00312245 -0.00159761 -0.00115912 -0.00485932 -0.000298354 -6.33557e-06  0.000148019  0.000327538 -0.000757913 -0.000476563 1 0 0 0
             44.2577  0.179608   30.3641 0.0289871 -0.00119857 0.000266205 -0.00312143 -0.00161078 -0.00116899 -0.00484638 -0.000298344  -6.3307e-06  0.000148024  0.000327706 -0.000757819  -0.00047661 1 0 0 11875
             44.2577  0.179608   30.3641 0.0289871 -0.00119857 0.000266205 -0.00312143 -0.00161078 -0.00116899 -0.00484638 -0.000298344  -6.3307e-06  0.000148024  0.000327706 -0.000757819  -0.00047661 1 0 0 0
             44.3244  0.179608   30.3641 0.0289871 -0.00120034 0.000267629 -0.00312288 -0.00163387 -0.00115242 -0.00486518 -0.000298342 -6.33622e-06  0.000148024  0.000327804 -0.000757988 -0.000476345 1 0 0 12123
             44.3244  0.179608   30.3641 0.0289871 -0.00120034 0.000267629 -0.00312288 -0.00163387 -0.00115242 -0.00486518 -0.000298342 -6.33622e-06  0.000148024  0.000327804 -0.000757988 -0.000476345 1 0 0 0
             44.3911  0.179608   30.3641 0.0289871 -0.00119898 0.000268507 -0.00312166 -0.00161522 -0.00114118 -0.00484956 -0.000298345 -6.33464e-06  0.000148029  0.000327733 -0.000758097 -0.000476559 1 0 0 13777
             44.3911  0.179608   30.3641 0.0289871 -0.00119898 0.000268507 -0.00312166 -0.00161522 -0.00114118 -0.00484956 -0.000298345 -6.33464e-06  0.000148029  0.000327733 -0.000758097 -0.000476559 1 0 0 0
             44.5246  0.179608   30.3641 0.0289871 -0.00120041 0.000264418 -0.00312235 -0.00163627 -0.00119154 -0.00485823 -0.000298341 -6.35314e-06  0.000148032  0.000327848   -0.0007576 -0.000476396 1 0 0 22674
             44.5246  0.179608   30.3641 0.0289871 -0.00120041 0.000264418 -0.00312235 -0.00163627 -0.00119154 -0.00485823 -0.000298341 -6.35314e-06  0.000148032  0.000327848   -0.0007576 -0.000476396 1 0 0 0
             44.5913  0.179608   30.3641 0.0289871  -0.0011998 0.000264674 -0.00312371 -0.00162819 -0.00118805 -0.00487545 -0.000298347  -6.3459e-06  0.000148032  0.000327699 -0.000757632  -0.00047629 1 0 0 13625
             44.5913  0.179608   30.3641 0.0289871  -0.0011998 0.000264674 -0.00312371 -0.00162819 -0.00118805 -0.00487545 -0.000298347  -6.3459e-06  0.000148032  0.000327699 -0.000757632  -0.00047629 1 0 0 0
              44.658  0.179608   30.3641 0.0289871  -0.0011999 0.000264907 -0.00312107 -0.00162909 -0.00118544 -0.00484195 -0.000298343 -6.33776e-06  0.000148035  0.000327872  -0.00075766 -0.000476563 1 0 0 10498
              44.658  0.179608   30.3641 0.0289871  -0.0011999 0.000264907 -0.00312107 -0.00162909 -0.00118544 -0.00484195 -0.000298343 -6.33776e-06  0.000148035  0.000327872  -0.00075766 -0.000476563 1 0 0 0
             44.7247  0.179608   30.3641 0.0289871 -0.00120108 0.000266135 -0.00312196 -0.00164433   -0.001171 -0.00485344 -0.000298342  -6.3476e-06  0.000148031  0.000327942 -0.000757807 -0.000476395 1 0 0 11927
             44.7247  0.179608   30.3641 0.0289871 -0.00120108 0.000266135 -0.00312196 -0.00164433   -0.001171 -0.00485344 -0.000298342  -6.3476e-06  0.000148031  0.000327942 -0.000757807 -0.000476395 1 0 0 0
             44.7914  0.179608   30.3641 0.0289871 -0.00119848 0.000265988 -0.00312204 -0.00160976 -0.00117155 -0.00485416 -0.000298344  -6.3482e-06  0.000148029  0.000327659 -0.000757793  -0.00047655 1 0 0 13619
             44.7914  0.179608   30.3641 0.0289871 -0.00119848 0.000265988 -0.00312204 -0.00160976 -0.00117155 -0.00485416 -0.000298344  -6.3482e-06  0.000148029  0.000327659 -0.000757793  -0.00047655 1 0 0 0
             44.9249  0.179608   30.3641 0.0289871 -0.00120175 0.000263327 -0.00312296 -0.0016547 -0.0012054 -0.0048661 -0.000298345 -6.35522e-06   0.00014803  0.000327955 -0.000757466 -0.000476246 1 0 0 22791
             44.9249  0.179608   30.3641 0.0289871 -0.00120175 0.000263327 -0.00312296 -0.0016547 -0.0012054 -0.0048661 -0.000298345 -6.35522e-06   0.00014803  0.000327955 -0.000757466 -0.000476246 1 0 0 0
              45.125  0.179608   30.3641 0.0289871 -0.00120105 0.000263008 -0.00312227 -0.00164549   -0.001209 -0.00485722 -0.000298331 -6.34902e-06  0.000148032  0.000327924 -0.000757429 -0.000476363 1 0 0 36182
              45.125  0.179608   30.3641 0.0289871 -0.00120105 0.000263008 -0.00312227 -0.00164549   -0.001209 -0.00485722 -0.000298331 -6.34902e-06  0.000148032  0.000327924 -0.000757429 -0.000476363 1 0 0 0
             45.1917  0.179608   30.3641 0.0289871 -0.00120117  0.00026211  -0.0031232 -0.00164757 -0.00121991 -0.00486899 -0.000298329  -6.3546e-06   0.00014803   0.00032788  -0.00075732 -0.000476257 1 0 0 13476
             45.1917  0.179608   30.3641 0.0289871 -0.00120117  0.00026211  -0.0031232 -0.00164757 -0.00121991 -0.00486899 -0.000298329  -6.3546e-06   0.00014803   0.00032788  -0.00075732 -0.000476257 1 0 0 0
             45.2584  0.179608   30.3641 0.0289871 -0.00120141 0.000261308 -0.00312157 -0.00165094 -0.00122988 -0.00484829 -0.000298326 -6.35384e-06  0.000148036  0.000328007 -0.000757223 -0.000476414 1 0 0 10996
             45.2584  0.179608   30.3641 0.0289871 -0.00120141 0.000261308 -0.00312157 -0.00165094 -0.00122988 -0.00484829 -0.000298326 -6.35384e-06  0.000148036  0.000328007 -0.000757223 -0.000476414 1 0 0 0
             45.3252  0.179608   30.3641 0.0289871 -0.00120114  0.00026043 -0.00312291 -0.00164793 -0.00124035 -0.00486527 -0.000298331 -6.34844e-06  0.000148038  0.000327897 -0.000757117 -0.000476289 1 0 0 11784
             45.3252  0.179608   30.3641 0.0289871 -0.00120114  0.00026043 -0.00312291 -0.00164793 -0.00124035 -0.00486527 -0.000298331 -6.34844e-06  0.000148038  0.000327897 -0.000757117 -0.000476289 1 0 0 0
             45.3919  0.179608   30.3641 0.0289871 -0.00119958 0.000264038 -0.00312271 -0.00162535 -0.00119574 -0.00486266 -0.000298327 -6.33491e-06  0.000148032  0.000327737 -0.000757556  -0.00047641 1 0 0 13452
             45.3919  0.179608   30.3641 0.0289871 -0.00119958 0.000264038 -0.00312271 -0.00162535 -0.00119574 -0.00486266 -0.000298327 -6.33491e-06  0.000148032  0.000327737 -0.000757556  -0.00047641 1 0 0 0
              45.592  0.179608   30.3641 0.0289871 -0.00120153  0.00026294 -0.00312307 -0.00165197    -0.00121 -0.00486747  -0.00029833 -6.34675e-06  0.000148031  0.000327925  -0.00075742 -0.000476248 1 0 0 34737
              45.592  0.179608   30.3641 0.0289871 -0.00120153  0.00026294 -0.00312307 -0.00165197    -0.00121 -0.00486747  -0.00029833 -6.34675e-06  0.000148031  0.000327925  -0.00075742 -0.000476248 1 0 0 0
             45.6587  0.179608   30.3641 0.0289871  -0.0012021 0.000261725 -0.00312265 -0.00166001 -0.00122506 -0.00486218 -0.000298323 -6.34494e-06  0.000148032  0.000328013 -0.000757272 -0.000476256 1 0 0 12386
             45.6587  0.179608   30.3641 0.0289871  -0.0012021 0.000261725 -0.00312265 -0.00166001 -0.00122506 -0.00486218 -0.000298323 -6.34494e-06  0.000148032  0.000328013 -0.000757272 -0.000476256 1 0 0 0
             45.7255  0.179608   30.3641 0.0289871 -0.00120147 0.000262965   -0.003123 -0.00165108 -0.00120966 -0.00486664 -0.000298324 -6.33582e-06   0.00014803  0.000327922 -0.000757423 -0.000476259 1 0 0 11799
             45.7255  0.179608   30.3641 0.0289871 -0.00120147 0.000262965   -0.003123 -0.00165108 -0.00120966 -0.00486664 -0.000298324 -6.33582e-06   0.00014803  0.000327922 -0.000757423 -0.000476259 1 0 0 0
             45.7922  0.179608   30.3641 0.0289871 -0.00120324  0.00026152 -0.00312415 -0.00167559 -0.00122801 -0.00488133 -0.000298319 -6.34741e-06  0.000148026  0.000328044 -0.000757245 -0.000476026 1 0 0 13422
             45.7922  0.179608   30.3641 0.0289871 -0.00120324  0.00026152 -0.00312415 -0.00167559 -0.00122801 -0.00488133 -0.000298319 -6.34741e-06  0.000148026  0.000328044 -0.000757245 -0.000476026 1 0 0 0
             45.9923  0.179608   30.3641 0.0289871 -0.00120141 0.000262509 -0.00312357 -0.00165058 -0.00121515 -0.00487376 -0.000298318 -6.34309e-06  0.000148021  0.000327882 -0.000757368 -0.000476203 1 0 0 34837
             45.9923  0.179608   30.3641 0.0289871 -0.00120141 0.000262509 -0.00312357 -0.00165058 -0.00121515 -0.00487376 -0.000298318 -6.34309e-06  0.000148021  0.000327882 -0.000757368 -0.000476203 1 0 0 0
              46.059  0.179608   30.3641 0.0289871  -0.0012014 0.000265222 -0.00312242 -0.00164907 -0.00118222  -0.0048593  -0.00029831 -6.33755e-06  0.000148016  0.000327949 -0.000757696 -0.000476326 1 0 0 12381
              46.059  0.179608   30.3641 0.0289871  -0.0012014 0.000265222 -0.00312242 -0.00164907 -0.00118222  -0.0048593  -0.00029831 -6.33755e-06  0.000148016  0.000327949 -0.000757696 -0.000476326 1 0 0 0
             46.1258  0.179608   30.3641 0.0289871 -0.00120131 0.000265916 -0.00312344 -0.00164762 -0.00117367 -0.00487226 -0.000298309 -6.33424e-06  0.000148014  0.000327875  -0.00075778 -0.000476224 1 0 0 12008
             46.1258  0.179608   30.3641 0.0289871 -0.00120131 0.000265916 -0.00312344 -0.00164762 -0.00117367 -0.00487226 -0.000298309 -6.33424e-06  0.000148014  0.000327875  -0.00075778 -0.000476224 1 0 0 0
             46.2592  0.179608   30.3641 0.0289871 -0.00120085 0.000262458 -0.00312301 -0.00164319 -0.00121555 -0.00486665 -0.000298303   -6.348e-06  0.000148015  0.000327857 -0.000757363 -0.000476297 1 0 0 24335
             46.2592  0.179608   30.3641 0.0289871 -0.00120085 0.000262458 -0.00312301 -0.00164319 -0.00121555 -0.00486665 -0.000298303   -6.348e-06  0.000148015  0.000327857 -0.000757363 -0.000476297 1 0 0 0
             46.3259  0.179608   30.3641 0.0289871 -0.00120055  0.00026235 -0.00312504 -0.00163944 -0.00121659  -0.0048924 -0.000298309 -6.33799e-06  0.000148018    0.0003277  -0.00075735 -0.000476101 1 0 0 11969
             46.3259  0.179608   30.3641 0.0289871 -0.00120055  0.00026235 -0.00312504 -0.00163944 -0.00121659  -0.0048924 -0.000298309 -6.33799e-06  0.000148018    0.0003277  -0.00075735 -0.000476101 1 0 0 0
              46.526  0.179608   30.3641 0.0289871 -0.00120051 0.000264066 -0.00312484 -0.00163803  -0.0011957 -0.00488987   -0.0002983 -6.34215e-06  0.000148018  0.000327706 -0.000757557 -0.000476126 1 0 0 36091
              46.526  0.179608   30.3641 0.0289871 -0.00120051 0.000264066 -0.00312484 -0.00163803  -0.0011957 -0.00488987   -0.0002983 -6.34215e-06  0.000148018  0.000327706 -0.000757557 -0.000476126 1 0 0 0
             46.7262  0.179608   30.3641 0.0289871 -0.00120162 0.000265563 -0.00312568 -0.00165225 -0.00117797 -0.00490081 -0.000298305 -6.33475e-06  0.000148024  0.000327771 -0.000757736 -0.000475967 1 0 0 36281
             46.7262  0.179608   30.3641 0.0289871 -0.00120162 0.000265563 -0.00312568 -0.00165225 -0.00117797 -0.00490081 -0.000298305 -6.33475e-06  0.000148024  0.000327771 -0.000757736 -0.000475967 1 0 0 0
             47.3933  0.179608   30.3641 0.0289871 -0.00120357 0.000265198 -0.00312457 -0.00167821  -0.0011834  -0.0048869 -0.000298295 -6.32943e-06  0.000148018  0.000328048 -0.000757689 -0.000475962 1 0 0 120598
             47.3933  0.179608   30.3641 0.0289871 -0.00120357 0.000265198 -0.00312457 -0.00167821  -0.0011834  -0.0048869 -0.000298295 -6.32943e-06  0.000148018  0.000328048 -0.000757689 -0.000475962 1 0 0 0
             47.5268  0.179608   30.3641 0.0289871 -0.00120248  0.00026891 -0.00312501 -0.00166202  -0.0011377 -0.00489261 -0.000298296 -6.32893e-06  0.000148018    0.0003279 -0.000758139 -0.000475985 1 0 0 24285
             47.5268  0.179608   30.3641 0.0289871 -0.00120248  0.00026891 -0.00312501 -0.00166202  -0.0011377 -0.00489261 -0.000298296 -6.32893e-06  0.000148018    0.0003279 -0.000758139 -0.000475985 1 0 0 0
             47.5935  0.179608   30.3641 0.0289871 -0.00120293 0.000268175 -0.00312553  -0.0016684 -0.00114683 -0.00489923 -0.000298295 -6.33582e-06  0.000148018  0.000327917  -0.00075805 -0.000475901 1 0 0 13086
             47.5935  0.179608   30.3641 0.0289871 -0.00120293 0.000268175 -0.00312553  -0.0016684 -0.00114683 -0.00489923 -0.000298295 -6.33582e-06  0.000148018  0.000327917  -0.00075805 -0.000475901 1 0 0 0
             47.6602  0.179608   30.3641 0.0289871 -0.00120376 0.000267645 -0.00312479 -0.00167969 -0.00115372 -0.00488988  -0.00029829 -6.34498e-06  0.000148012  0.000328052 -0.000757985 -0.000475927 1 0 0 11176
             47.6602  0.179608   30.3641 0.0289871 -0.00120376 0.000267645 -0.00312479 -0.00167969 -0.00115372 -0.00488988  -0.00029829 -6.34498e-06  0.000148012  0.000328052 -0.000757985 -0.000475927 1 0 0 0
             47.7269  0.179608   30.3641 0.0289871 -0.00120269 0.000268853  -0.0031262 -0.00166499 -0.00113842 -0.00490774 -0.000298291 -6.33596e-06  0.000148011  0.000327849 -0.000758132 -0.000475846 1 0 0 12016
             47.7269  0.179608   30.3641 0.0289871 -0.00120269 0.000268853  -0.0031262 -0.00166499 -0.00113842 -0.00490774 -0.000298291 -6.33596e-06  0.000148011  0.000327849 -0.000758132 -0.000475846 1 0 0 0
             47.7936  0.179608   30.3641 0.0289871 -0.00120545 0.000268674 -0.00312611 -0.00170193 -0.00114191  -0.0049069 -0.000298283 -6.33372e-06  0.000148009  0.000328151 -0.000758106 -0.000475681 1 0 0 12979
             47.7936  0.179608   30.3641 0.0289871 -0.00120545 0.000268674 -0.00312611 -0.00170193 -0.00114191  -0.0049069 -0.000298283 -6.33372e-06  0.000148009  0.000328151 -0.000758106 -0.000475681 1 0 0 0
             47.8603  0.179608   30.3641 0.0289871 -0.00120613 0.000269076 -0.00312761 -0.00171095 -0.00113725 -0.00492615 -0.000298277 -6.34037e-06  0.000148003   0.00032813 -0.000758153 -0.000475479 1 0 0 11114
             47.8603  0.179608   30.3641 0.0289871 -0.00120613 0.000269076 -0.00312761 -0.00171095 -0.00113725 -0.00492615 -0.000298277 -6.34037e-06  0.000148003   0.00032813 -0.000758153 -0.000475479 1 0 0 0
              47.927  0.179608   30.3641 0.0289871 -0.00120383 0.000266451 -0.00312769 -0.00168151 -0.00116808 -0.00492668 -0.000298282 -6.34602e-06  0.000148004  0.000327882  -0.00075784 -0.000475616 1 0 0 12087
              47.927  0.179608   30.3641 0.0289871 -0.00120383 0.000266451 -0.00312769 -0.00168151 -0.00116808 -0.00492668 -0.000298282 -6.34602e-06  0.000148004  0.000327882  -0.00075784 -0.000475616 1 0 0 0
             47.9938  0.179608   30.3641 0.0289871 -0.00120586 0.000267384  -0.0031274 -0.00170811 -0.00115771 -0.00492325 -0.000298285 -6.34683e-06  0.000148006  0.000328117 -0.000757949 -0.000475519 1 0 0 13166
             47.9938  0.179608   30.3641 0.0289871 -0.00120586 0.000267384  -0.0031274 -0.00170811 -0.00115771 -0.00492325 -0.000298285 -6.34683e-06  0.000148006  0.000328117 -0.000757949 -0.000475519 1 0 0 0
             48.0605  0.179608   30.3641 0.0289871 -0.00120736 0.000266913 -0.00312894 -0.00172848 -0.00116405  -0.0049431 -0.000298284 -6.35352e-06  0.000148005  0.000328182  -0.00075789 -0.000475261 1 0 0 11070
             48.0605  0.179608   30.3641 0.0289871 -0.00120736 0.000266913 -0.00312894 -0.00172848 -0.00116405  -0.0049431 -0.000298284 -6.35352e-06  0.000148005  0.000328182  -0.00075789 -0.000475261 1 0 0 0
             48.1272  0.179608   30.3641 0.0289871 -0.00120553 0.000269173 -0.00312934 -0.00170305 -0.00113567 -0.00494793 -0.000298283 -6.33391e-06  0.000148002  0.000327959 -0.000758166 -0.000475336 1 0 0 12011
             48.1272  0.179608   30.3641 0.0289871 -0.00120553 0.000269173 -0.00312934 -0.00170305 -0.00113567 -0.00494793 -0.000298283 -6.33391e-06  0.000148002  0.000327959 -0.000758166 -0.000475336 1 0 0 0
             48.1939  0.179608   30.3641 0.0289871 -0.00120673 0.000268133 -0.00312832 -0.00171945 -0.00114895 -0.00493515  -0.00029828 -6.33248e-06  0.000148008  0.000328152 -0.000758038 -0.000475367 1 0 0 12878
             48.1939  0.179608   30.3641 0.0289871 -0.00120673 0.000268133 -0.00312832 -0.00171945 -0.00114895 -0.00493515  -0.00029828 -6.33248e-06  0.000148008  0.000328152 -0.000758038 -0.000475367 1 0 0 0
             48.2606  0.179608   30.3641 0.0289871 -0.00120738 0.000268111 -0.00312954 -0.00172826 -0.00114945  -0.0049507 -0.000298276 -6.34167e-06  0.000148005  0.000328146 -0.000758034 -0.000475197 1 0 0 11372
             48.2606  0.179608   30.3641 0.0289871 -0.00120738 0.000268111 -0.00312954 -0.00172826 -0.00114945  -0.0049507 -0.000298276 -6.34167e-06  0.000148005  0.000328146 -0.000758034 -0.000475197 1 0 0 0
             48.3941  0.179608   30.3641 0.0289871 -0.00120765  0.00026755 -0.00312912 -0.00173209 -0.00115643 -0.00494543 -0.000298277 -6.33398e-06  0.000148009  0.000328202 -0.000757966 -0.000475224 1 0 0 24154
             48.3941  0.179608   30.3641 0.0289871 -0.00120765  0.00026755 -0.00312912 -0.00173209 -0.00115643 -0.00494543 -0.000298277 -6.33398e-06  0.000148009  0.000328202 -0.000757966 -0.000475224 1 0 0 0
             48.5275  0.179608   30.3641 0.0289871 -0.00120896 0.000269316 -0.00313301 -0.00174928 -0.00113532 -0.00499511 -0.000298274 -6.32958e-06  0.000148006  0.000328101 -0.000758177  -0.00047473 1 0 0 23947
             48.5275  0.179608   30.3641 0.0289871 -0.00120896 0.000269316 -0.00313301 -0.00174928 -0.00113532 -0.00499511 -0.000298274 -6.32958e-06  0.000148006  0.000328101 -0.000758177  -0.00047473 1 0 0 0
             48.6609  0.179608   30.3641 0.0289871 -0.00120758 0.000269419 -0.00313203 -0.00173061 -0.00113347 -0.00498246 -0.000298274 -6.33862e-06  0.000148008  0.000328013 -0.000758192 -0.000474922 1 0 0 24327
             48.6609  0.179608   30.3641 0.0289871 -0.00120758 0.000269419 -0.00313203 -0.00173061 -0.00113347 -0.00498246 -0.000298274 -6.33862e-06  0.000148008  0.000328013 -0.000758192 -0.000474922 1 0 0 0
             48.7943  0.179608   30.3641 0.0289871 -0.00120859 0.000270115 -0.00313279 -0.00174382 -0.00112544 -0.00499226 -0.000298275 -6.32994e-06  0.000148012  0.000328073 -0.000758274 -0.000474778 1 0 0 24187
             48.7943  0.179608   30.3641 0.0289871 -0.00120859 0.000270115 -0.00313279 -0.00174382 -0.00112544 -0.00499226 -0.000298275 -6.32994e-06  0.000148012  0.000328073 -0.000758274 -0.000474778 1 0 0 0
             48.9278  0.179608   30.3641 0.0289871 -0.00120804  0.00026908 -0.00313483 -0.00173724 -0.00113763 -0.00501804 -0.000298276 -6.33483e-06  0.000148012   0.00032789 -0.000758149 -0.000474597 1 0 0 23856
             48.9278  0.179608   30.3641 0.0289871 -0.00120804  0.00026908 -0.00313483 -0.00173724 -0.00113763 -0.00501804 -0.000298276 -6.33483e-06  0.000148012   0.00032789 -0.000758149 -0.000474597 1 0 0 0
             48.9945  0.179608   30.3641 0.0289871 -0.00120673 0.000268935 -0.00313402 -0.00171985 -0.00113883 -0.00500752 -0.000298276 -6.33058e-06  0.000148014  0.000327801 -0.000758134 -0.000474765 1 0 0 13386
             48.9945  0.179608   30.3641 0.0289871 -0.00120673 0.000268935 -0.00313402 -0.00171985 -0.00113883 -0.00500752 -0.000298276 -6.33058e-06  0.000148014  0.000327801 -0.000758134 -0.000474765 1 0 0 0
             49.0612  0.179608   30.3641 0.0289871 -0.00120782 0.000269658  -0.0031346 -0.00173411 -0.00113051 -0.00501518  -0.00029828 -6.33158e-06  0.000148009  0.000327881  -0.00075822 -0.000474634 1 0 0 10956
             49.0612  0.179608   30.3641 0.0289871 -0.00120782 0.000269658  -0.0031346 -0.00173411 -0.00113051 -0.00501518  -0.00029828 -6.33158e-06  0.000148009  0.000327881  -0.00075822 -0.000474634 1 0 0 0
             49.1946  0.179608   30.3641 0.0289871 -0.00120807 0.000271388 -0.00313539 -0.00173674 -0.00110955 -0.00502532 -0.000298275 -6.32669e-06  0.000148007  0.000327857 -0.000758428 -0.000474536 1 0 0 24264
             49.1946  0.179608   30.3641 0.0289871 -0.00120807 0.000271388 -0.00313539 -0.00173674 -0.00110955 -0.00502532 -0.000298275 -6.32669e-06  0.000148007  0.000327857 -0.000758428 -0.000474536 1 0 0 0
             49.2613  0.179608   30.3641 0.0289871 -0.00120801 0.000272319 -0.00313684 -0.00173565 -0.00109809 -0.00504379 -0.000298277 -6.32561e-06  0.000148004   0.00032776  -0.00075854 -0.000474387 1 0 0 11915
             49.2613  0.179608   30.3641 0.0289871 -0.00120801 0.000272319 -0.00313684 -0.00173565 -0.00109809 -0.00504379 -0.000298277 -6.32561e-06  0.000148004   0.00032776  -0.00075854 -0.000474387 1 0 0 0
             49.3281  0.179608   30.3641 0.0289871 -0.00120761 0.000270551 -0.00313876 -0.00173142 -0.00111929 -0.00506796 -0.000298279  -6.3367e-06  0.000148005  0.000327602 -0.000758327 -0.000474209 1 0 0 11906
             49.3281  0.179608   30.3641 0.0289871 -0.00120761 0.000270551 -0.00313876 -0.00173142 -0.00111929 -0.00506796 -0.000298279  -6.3367e-06  0.000148005  0.000327602 -0.000758327 -0.000474209 1 0 0 0
             49.5949  0.179608   30.3641 0.0289871 -0.00120798 0.000270494 -0.00314052  -0.0017365 -0.00112004 -0.00509039 -0.000298272 -6.34122e-06  0.000148019  0.000327532 -0.000758319    -0.000474 1 0 0 48606
             49.5949  0.179608   30.3641 0.0289871 -0.00120798 0.000270494 -0.00314052  -0.0017365 -0.00112004 -0.00509039 -0.000298272 -6.34122e-06  0.000148019  0.000327532 -0.000758319    -0.000474 1 0 0 0
             49.7284  0.179608   30.3641 0.0289871 -0.00120764  0.00026972 -0.00314141 -0.00173253 -0.00112924 -0.00510153 -0.000298277 -6.33917e-06  0.000148018  0.000327443 -0.000758226 -0.000473927 1 0 0 23904
             49.7284  0.179608   30.3641 0.0289871 -0.00120764  0.00026972 -0.00314141 -0.00173253 -0.00112924 -0.00510153 -0.000298277 -6.33917e-06  0.000148018  0.000327443 -0.000758226 -0.000473927 1 0 0 0
             49.7951  0.179608   30.3641 0.0289871 -0.00120815 0.000270173 -0.00313976 -0.00173885 -0.00112407 -0.00508077 -0.000298274 -6.33787e-06  0.000148021  0.000327598  -0.00075828 -0.000474069 1 0 0 13263
             49.7951  0.179608   30.3641 0.0289871 -0.00120815 0.000270173 -0.00313976 -0.00173885 -0.00112407 -0.00508077 -0.000298274 -6.33787e-06  0.000148021  0.000327598  -0.00075828 -0.000474069 1 0 0 0
             49.8618  0.179608   30.3641 0.0289871 -0.00120799 0.000270402 -0.00314209 -0.00173695 -0.00112106 -0.00511027 -0.000298275 -6.33444e-06  0.000148022  0.000327438 -0.000758307 -0.000473833 1 0 0 10922
             49.8618  0.179608   30.3641 0.0289871 -0.00120799 0.000270402 -0.00314209 -0.00173695 -0.00112106 -0.00511027 -0.000298275 -6.33444e-06  0.000148022  0.000327438 -0.000758307 -0.000473833 1 0 0 0
             50.2621  0.179608   30.3641 0.0289871 -0.00121156  0.00027232 -0.00314514 -0.00178395 -0.00109922 -0.00514965 -0.000298269  -6.3348e-06   0.00014802  0.000327629 -0.000758533 -0.000473286 1 0 0 72459
             50.2621  0.179608   30.3641 0.0289871 -0.00121156  0.00027232 -0.00314514 -0.00178395 -0.00109922 -0.00514965 -0.000298269  -6.3348e-06   0.00014802  0.000327629 -0.000758533 -0.000473286 1 0 0 0
             50.3955  0.179608   30.3641 0.0289871 -0.00121097 0.000269536  -0.0031439 -0.00177729 -0.00113288 -0.00513368 -0.000298267 -6.34256e-06  0.000148022  0.000327646 -0.000758198 -0.000473453 1 0 0 24414
             50.3955  0.179608   30.3641 0.0289871 -0.00121097 0.000269536  -0.0031439 -0.00177729 -0.00113288 -0.00513368 -0.000298267 -6.34256e-06  0.000148022  0.000327646 -0.000758198 -0.000473453 1 0 0 0
             50.4623  0.179608   30.3641 0.0289871 -0.00121231 0.000269088 -0.00314683 -0.00179575 -0.00113879   -0.005171  -0.00029827 -6.34799e-06  0.000148024   0.00032761 -0.000758141 -0.000473059 1 0 0 11859
             50.4623  0.179608   30.3641 0.0289871 -0.00121231 0.000269088 -0.00314683 -0.00179575 -0.00113879   -0.005171  -0.00029827 -6.34799e-06  0.000148024   0.00032761 -0.000758141 -0.000473059 1 0 0 0
              50.529  0.179608   30.3641 0.0289871 -0.00121224 0.000268223 -0.00314503 -0.00179496 -0.00114938 -0.00514812 -0.000298268 -6.34062e-06  0.000148027  0.000327714 -0.000758037 -0.000473254 1 0 0 11889
              50.529  0.179608   30.3641 0.0289871 -0.00121224 0.000268223 -0.00314503 -0.00179496 -0.00114938 -0.00514812 -0.000298268 -6.34062e-06  0.000148027  0.000327714 -0.000758037 -0.000473254 1 0 0 0
             50.5957  0.179608   30.3641 0.0289871 -0.00121229 0.000270314 -0.00314628 -0.00179481  -0.0011239 -0.00516416  -0.00029826 -6.34226e-06  0.000148027  0.000327639 -0.000758289 -0.000473119 1 0 0 13046
             50.5957  0.179608   30.3641 0.0289871 -0.00121229 0.000270314 -0.00314628 -0.00179481  -0.0011239 -0.00516416  -0.00029826 -6.34226e-06  0.000148027  0.000327639 -0.000758289 -0.000473119 1 0 0 0
             50.6624  0.179608   30.3641 0.0289871 -0.00121226 0.000269828 -0.00314725 -0.00179473 -0.00112973 -0.00517641 -0.000298261 -6.34148e-06  0.000148026  0.000327577 -0.000758231 -0.000473018 1 0 0 11251
             50.6624  0.179608   30.3641 0.0289871 -0.00121226 0.000269828 -0.00314725 -0.00179473 -0.00112973 -0.00517641 -0.000298261 -6.34148e-06  0.000148026  0.000327577 -0.000758231 -0.000473018 1 0 0 0
             50.9293  0.179608   30.3641 0.0289871 -0.00121346 0.000267834 -0.00314759  -0.0018117 -0.00115453 -0.00518075  -0.00029826 -6.33398e-06  0.000148027  0.000327687 -0.000757988 -0.000472906 1 0 0 48192
             50.9293  0.179608   30.3641 0.0289871 -0.00121346 0.000267834 -0.00314759  -0.0018117 -0.00115453 -0.00518075  -0.00029826 -6.33398e-06  0.000148027  0.000327687 -0.000757988 -0.000472906 1 0 0 0
              50.996  0.179608   30.3641 0.0289871 -0.00121253  0.00026889 -0.00314803 -0.00179895 -0.00114123 -0.00518628 -0.000298259 -6.33871e-06  0.000148025   0.00032756 -0.000758117 -0.000472918 1 0 0 13078
              50.996  0.179608   30.3641 0.0289871 -0.00121253  0.00026889 -0.00314803 -0.00179895 -0.00114123 -0.00518628 -0.000298259 -6.33871e-06  0.000148025   0.00032756 -0.000758117 -0.000472918 1 0 0 0
             51.2628  0.179608   30.3641 0.0289871  -0.0012118 0.000268305 -0.00315086 -0.00178977 -0.00114781 -0.00522209 -0.000298263 -6.33733e-06   0.00014803  0.000327308 -0.000758046 -0.000472666 1 0 0 47436
             51.2628  0.179608   30.3641 0.0289871  -0.0012118 0.000268305 -0.00315086 -0.00178977 -0.00114781 -0.00522209 -0.000298263 -6.33733e-06   0.00014803  0.000327308 -0.000758046 -0.000472666 1 0 0 0
             51.3963  0.179608   30.3641 0.0289871 -0.00121371 0.000266997 -0.00315114 -0.00181596  -0.0011646 -0.00522591 -0.000298251 -6.34917e-06  0.000148028  0.000327497 -0.000757885 -0.000472514 1 0 0 24184
             51.3963  0.179608   30.3641 0.0289871 -0.00121371 0.000266997 -0.00315114 -0.00181596  -0.0011646 -0.00522591 -0.000298251 -6.34917e-06  0.000148028  0.000327497 -0.000757885 -0.000472514 1 0 0 0
             51.5297  0.179608   30.3641 0.0289871 -0.00121473 0.000265571 -0.00315087 -0.00183012 -0.00118244 -0.00522254 -0.000298249 -6.34816e-06  0.000148033  0.000327624 -0.000757712 -0.000472478 1 0 0 24037
             51.5297  0.179608   30.3641 0.0289871 -0.00121473 0.000265571 -0.00315087 -0.00183012 -0.00118244 -0.00522254 -0.000298249 -6.34816e-06  0.000148033  0.000327624 -0.000757712 -0.000472478 1 0 0 0
             51.5964  0.179608   30.3641 0.0289871 -0.00121451 0.000266556 -0.00315124 -0.00182673 -0.00117033 -0.00522719 -0.000298251 -6.34291e-06  0.000148031  0.000327576 -0.000757831 -0.000472454 1 0 0 12804
             51.5964  0.179608   30.3641 0.0289871 -0.00121451 0.000266556 -0.00315124 -0.00182673 -0.00117033 -0.00522719 -0.000298251 -6.34291e-06  0.000148031  0.000327576 -0.000757831 -0.000472454 1 0 0 0
             51.6631  0.179608   30.3641 0.0289871  -0.0012135 0.000266672  -0.0031516 -0.00181335 -0.00116843 -0.00523172  -0.00029825 -6.33794e-06  0.000148029  0.000327446 -0.000757846 -0.000472479 1 0 0 11348
             51.6631  0.179608   30.3641 0.0289871  -0.0012135 0.000266672  -0.0031516 -0.00181335 -0.00116843 -0.00523172  -0.00029825 -6.33794e-06  0.000148029  0.000327446 -0.000757846 -0.000472479 1 0 0 0
             51.7298  0.179608   30.3641 0.0289871 -0.00121495 0.000264454 -0.00315152 -0.00183366 -0.00119609 -0.00523069 -0.000298248 -6.34021e-06   0.00014803  0.000327609 -0.000757576 -0.000472396 1 0 0 12213
             51.7298  0.179608   30.3641 0.0289871 -0.00121495 0.000264454 -0.00315152 -0.00183366 -0.00119609 -0.00523069 -0.000298248 -6.34021e-06   0.00014803  0.000327609 -0.000757576 -0.000472396 1 0 0 0
             51.7965  0.179608   30.3641 0.0289871 -0.00121505  0.00026455 -0.00315156 -0.00183496 -0.00119497 -0.00523131 -0.000298247 -6.34998e-06  0.000148032  0.000327617 -0.000757588 -0.000472385 1 0 0 12720
             51.7965  0.179608   30.3641 0.0289871 -0.00121505  0.00026455 -0.00315156 -0.00183496 -0.00119497 -0.00523131 -0.000298247 -6.34998e-06  0.000148032  0.000327617 -0.000757588 -0.000472385 1 0 0 0
             51.8633  0.179608   30.3641 0.0289871 -0.00121603 0.000263709 -0.00315402  -0.0018488  -0.0012055 -0.00526257 -0.000298251 -6.34879e-06  0.000148031  0.000327572 -0.000757484 -0.000472063 1 0 0 11373
             51.8633  0.179608   30.3641 0.0289871 -0.00121603 0.000263709 -0.00315402  -0.0018488  -0.0012055 -0.00526257 -0.000298251 -6.34879e-06  0.000148031  0.000327572 -0.000757484 -0.000472063 1 0 0 0
               51.93  0.179608   30.3641 0.0289871 -0.00121512 0.000264834 -0.00315253 -0.00183593 -0.00119149 -0.00524361 -0.000298247 -6.33908e-06  0.000148033  0.000327565 -0.000757622 -0.000472278 1 0 0 12188
               51.93  0.179608   30.3641 0.0289871 -0.00121512 0.000264834 -0.00315253 -0.00183593 -0.00119149 -0.00524361 -0.000298247 -6.33908e-06  0.000148033  0.000327565 -0.000757622 -0.000472278 1 0 0 0
             52.1968  0.179608   30.3641 0.0289871 -0.00121524 0.000263337 -0.00315496 -0.00183847 -0.00120959  -0.0052744 -0.000298251  -6.3531e-06   0.00014803   0.00032743  -0.00075744 -0.000472014 1 0 0 48274
             52.1968  0.179608   30.3641 0.0289871 -0.00121524 0.000263337 -0.00315496 -0.00183847 -0.00120959  -0.0052744 -0.000298251  -6.3531e-06   0.00014803   0.00032743  -0.00075744 -0.000472014 1 0 0 0
             52.2636  0.179608   30.3641 0.0289871 -0.00121419 0.000263121 -0.00315559 -0.00182466 -0.00121168 -0.00528227 -0.000298249  -6.3461e-06   0.00014803  0.000327279 -0.000757415 -0.000472013 1 0 0 11941
             52.2636  0.179608   30.3641 0.0289871 -0.00121419 0.000263121 -0.00315559 -0.00182466 -0.00121168 -0.00528227 -0.000298249  -6.3461e-06   0.00014803  0.000327279 -0.000757415 -0.000472013 1 0 0 0
             52.3303  0.179608   30.3641 0.0289871 -0.00121408 0.000264161 -0.00315424 -0.00182253 -0.00119907 -0.00526517 -0.000298245 -6.34029e-06   0.00014803  0.000327349 -0.000757541 -0.000472163 1 0 0 12254
             52.3303  0.179608   30.3641 0.0289871 -0.00121408 0.000264161 -0.00315424 -0.00182253 -0.00119907 -0.00526517 -0.000298245 -6.34029e-06   0.00014803  0.000327349 -0.000757541 -0.000472163 1 0 0 0
              52.397  0.179608   30.3641 0.0289871 -0.00121457 0.000264583 -0.00315575 -0.00182913 -0.00119408 -0.00528435 -0.000298247 -6.34658e-06  0.000148029  0.000327309 -0.000757591 -0.000471973 1 0 0 12593
              52.397  0.179608   30.3641 0.0289871 -0.00121457 0.000264583 -0.00315575 -0.00182913 -0.00119408 -0.00528435 -0.000298247 -6.34658e-06  0.000148029  0.000327309 -0.000757591 -0.000471973 1 0 0 0
             52.4637  0.179608   30.3641 0.0289871 -0.00121497 0.000262855 -0.00315754 -0.00183545 -0.00121515 -0.00530709 -0.000298246  -6.3553e-06  0.000148028  0.000327243 -0.000757382 -0.000471758 1 0 0 11332
             52.4637  0.179608   30.3641 0.0289871 -0.00121497 0.000262855 -0.00315754 -0.00183545 -0.00121515 -0.00530709 -0.000298246  -6.3553e-06  0.000148028  0.000327243 -0.000757382 -0.000471758 1 0 0 0
             52.5304  0.179608   30.3641 0.0289871 -0.00121463 0.000263427 -0.00315558 -0.00183038 -0.00120817 -0.00528214 -0.000298241 -6.35511e-06   0.00014803  0.000327326 -0.000757452 -0.000471987 1 0 0 12464
             52.5304  0.179608   30.3641 0.0289871 -0.00121463 0.000263427 -0.00315558 -0.00183038 -0.00120817 -0.00528214 -0.000298241 -6.35511e-06   0.00014803  0.000327326 -0.000757452 -0.000471987 1 0 0 0
             52.6638  0.179608   30.3641 0.0289871 -0.00121561 0.000264854 -0.00315821 -0.00184315  -0.0011911 -0.00531575 -0.00029824  -6.355e-06 0.000148025  0.000327268 -0.000757622 -0.000471648 1 0 0 23687
             52.6638  0.179608   30.3641 0.0289871 -0.00121561 0.000264854 -0.00315821 -0.00184315  -0.0011911 -0.00531575 -0.00029824  -6.355e-06 0.000148025  0.000327268 -0.000757622 -0.000471648 1 0 0 0
             52.7306  0.179608   30.3641 0.0289871 -0.00121511 0.000266415 -0.00315677 -0.00183557 -0.00117197 -0.00529747 -0.000298238 -6.35254e-06  0.000148023  0.000327301 -0.000757812 -0.000471832 1 0 0 12450
             52.7306  0.179608   30.3641 0.0289871 -0.00121511 0.000266415 -0.00315677 -0.00183557 -0.00117197 -0.00529747 -0.000298238 -6.35254e-06  0.000148023  0.000327301 -0.000757812 -0.000471832 1 0 0 0
              52.864  0.179608   30.3641 0.0289871  -0.0012146 0.000266134 -0.00315722 -0.00182894 -0.00117513 -0.00530316 -0.000298246 -6.34905e-06  0.000148021  0.000327219 -0.000757778 -0.000471816 1 0 0 23859
              52.864  0.179608   30.3641 0.0289871  -0.0012146 0.000266134 -0.00315722 -0.00182894 -0.00117513 -0.00530316 -0.000298246 -6.34905e-06  0.000148021  0.000327219 -0.000757778 -0.000471816 1 0 0 0
             52.9307  0.179608   30.3641 0.0289871 -0.00121481 0.000265838 -0.00315667 -0.00183184 -0.00117886 -0.00529623 -0.000298242 -6.34832e-06  0.000148023  0.000327276 -0.000757743  -0.00047186 1 0 0 12353
             52.9307  0.179608   30.3641 0.0289871 -0.00121481 0.000265838 -0.00315667 -0.00183184 -0.00117886 -0.00529623 -0.000298242 -6.34832e-06  0.000148023  0.000327276 -0.000757743  -0.00047186 1 0 0 0
             53.1308  0.179608   30.3641 0.0289871 -0.00121554 0.000265884 -0.00315889 -0.00184186 -0.00117851 -0.00532444 -0.000298238 -6.35632e-06   0.00014802  0.000327218 -0.000757746  -0.00047158 1 0 0 36209
             53.1308  0.179608   30.3641 0.0289871 -0.00121554 0.000265884 -0.00315889 -0.00184186 -0.00117851 -0.00532444 -0.000298238 -6.35632e-06   0.00014802  0.000327218 -0.000757746  -0.00047158 1 0 0 0
             53.1976  0.179608   30.3641 0.0289871 -0.00121571 0.000265525  -0.0031584 -0.00184416 -0.00118298 -0.00531826  -0.00029824 -6.35785e-06  0.000148019  0.000327266 -0.000757703 -0.000471621 1 0 0 12458
             53.1976  0.179608   30.3641 0.0289871 -0.00121571 0.000265525  -0.0031584 -0.00184416 -0.00118298 -0.00531826  -0.00029824 -6.35785e-06  0.000148019  0.000327266 -0.000757703 -0.000471621 1 0 0 0
              53.331  0.179608   30.3641 0.0289871 -0.00121596 0.000265761  -0.0031593 -0.00184749 -0.00118017 -0.00532972 -0.000298236 -6.35434e-06  0.000148018  0.000327237 -0.000757731 -0.000471511 1 0 0 23727
              53.331  0.179608   30.3641 0.0289871 -0.00121596 0.000265761  -0.0031593 -0.00184749 -0.00118017 -0.00532972 -0.000298236 -6.35434e-06  0.000148018  0.000327237 -0.000757731 -0.000471511 1 0 0 0
             53.3977  0.179608   30.3641 0.0289871 -0.00121523 0.000265716 -0.00315922 -0.00183779 -0.00118038 -0.00532859 -0.000298231 -6.34616e-06  0.000148019  0.000327164 -0.000757727 -0.000471565 1 0 0 12405
             53.3977  0.179608   30.3641 0.0289871 -0.00121523 0.000265716 -0.00315922 -0.00183779 -0.00118038 -0.00532859 -0.000298231 -6.34616e-06  0.000148019  0.000327164 -0.000757727 -0.000471565 1 0 0 0
             53.4644  0.179608   30.3641 0.0289871 -0.00121544 0.000264229 -0.00316005  -0.0018414 -0.00119851 -0.00533911 -0.000298231 -6.34928e-06  0.000148021  0.000327137 -0.000757546 -0.000471464 1 0 0 11445
             53.4644  0.179608   30.3641 0.0289871 -0.00121544 0.000264229 -0.00316005  -0.0018414 -0.00119851 -0.00533911 -0.000298231 -6.34928e-06  0.000148021  0.000327137 -0.000757546 -0.000471464 1 0 0 0
             53.5311  0.179608   30.3641 0.0289871 -0.00121536 0.000263477 -0.00315957 -0.00184059 -0.00120765 -0.00533293 -0.000298227 -6.35549e-06  0.000148021  0.000327159 -0.000757456  -0.00047152 1 0 0 12512
             53.5311  0.179608   30.3641 0.0289871 -0.00121536 0.000263477 -0.00315957 -0.00184059 -0.00120765 -0.00533293 -0.000298227 -6.35549e-06  0.000148021  0.000327159 -0.000757456  -0.00047152 1 0 0 0
             53.5979  0.179608   30.3641 0.0289871 -0.00121528 0.000263676 -0.00316134 -0.00183969 -0.00120508 -0.00535544 -0.000298232  -6.3544e-06  0.000148025  0.000327042 -0.000757479 -0.000471337 1 0 0 12356
             53.5979  0.179608   30.3641 0.0289871 -0.00121528 0.000263676 -0.00316134 -0.00183969 -0.00120508 -0.00535544 -0.000298232  -6.3544e-06  0.000148025  0.000327042 -0.000757479 -0.000471337 1 0 0 0
             53.7313  0.179608   30.3641 0.0289871 -0.00121589 0.000264912 -0.00316191 -0.00184726 -0.00119029  -0.0053628 -0.000298228 -6.35967e-06  0.000148025   0.00032707 -0.000757628 -0.000471239 1 0 0 23696
             53.7313  0.179608   30.3641 0.0289871 -0.00121589 0.000264912 -0.00316191 -0.00184726 -0.00119029  -0.0053628 -0.000298228 -6.35967e-06  0.000148025   0.00032707 -0.000757628 -0.000471239 1 0 0 0
             54.0649  0.179608   30.3641 0.0289871 -0.00121707 0.000265262  -0.0031627 -0.00186296 -0.00118655 -0.00537303 -0.000298226 -6.35811e-06  0.000148031  0.000327147 -0.000757668 -0.000471081 1 0 0 60249
             54.0649  0.179608   30.3641 0.0289871 -0.00121707 0.000265262  -0.0031627 -0.00186296 -0.00118655 -0.00537303 -0.000298226 -6.35811e-06  0.000148031  0.000327147 -0.000757668 -0.000471081 1 0 0 0
             54.1316  0.179608   30.3641 0.0289871 -0.00121586 0.000265662 -0.00316239 -0.00184665 -0.00118113 -0.00536902 -0.000298225 -6.36066e-06  0.000148032  0.000327037 -0.000757718  -0.00047119 1 0 0 12348
             54.1316  0.179608   30.3641 0.0289871 -0.00121586 0.000265662 -0.00316239 -0.00184665 -0.00118113 -0.00536902 -0.000298225 -6.36066e-06  0.000148032  0.000327037 -0.000757718  -0.00047119 1 0 0 0
             54.1983  0.179608   30.3641 0.0289871 -0.00121681 0.000264108 -0.00316443 -0.00186033 -0.00120035 -0.00539497 -0.000298222 -6.37234e-06   0.00014803  0.000327015 -0.000757529 -0.000470914 1 0 0 12325
             54.1983  0.179608   30.3641 0.0289871 -0.00121681 0.000264108 -0.00316443 -0.00186033 -0.00120035 -0.00539497 -0.000298222 -6.37234e-06   0.00014803  0.000327015 -0.000757529 -0.000470914 1 0 0 0
              54.265  0.179608   30.3641 0.0289871 -0.00121631 0.000263427 -0.00316351 -0.00185387 -0.00120845 -0.00538319 -0.000298225 -6.36711e-06  0.000148033  0.000327019 -0.000757447 -0.000471042 1 0 0 11591
              54.265  0.179608   30.3641 0.0289871 -0.00121631 0.000263427 -0.00316351 -0.00185387 -0.00120845 -0.00538319 -0.000298225 -6.36711e-06  0.000148033  0.000327019 -0.000757447 -0.000471042 1 0 0 0
             54.3317  0.179608   30.3641 0.0289871 -0.00121543 0.000263082 -0.00316439  -0.0018424 -0.00121217 -0.00539417 -0.000298227 -6.36927e-06  0.000148034  0.000326871 -0.000757407 -0.000471005 1 0 0 12274
             54.3317  0.179608   30.3641 0.0289871 -0.00121543 0.000263082 -0.00316439  -0.0018424 -0.00121217 -0.00539417 -0.000298227 -6.36927e-06  0.000148034  0.000326871 -0.000757407 -0.000471005 1 0 0 0
             54.3984  0.179608   30.3641 0.0289871 -0.00121587 0.000264875 -0.00316532 -0.00184749 -0.00119052 -0.00540608 -0.000298222 -6.36567e-06  0.000148034  0.000326859 -0.000757623  -0.00047088 1 0 0 12318
             54.3984  0.179608   30.3641 0.0289871 -0.00121587 0.000264875 -0.00316532 -0.00184749 -0.00119052 -0.00540608 -0.000298222 -6.36567e-06  0.000148034  0.000326859 -0.000757623  -0.00047088 1 0 0 0
             54.4652  0.179608   30.3641 0.0289871 -0.00121608  0.00026352 -0.00316477 -0.00185084 -0.00120713 -0.00539909 -0.000298221 -6.36553e-06  0.000148034  0.000326916 -0.000757459 -0.000470925 1 0 0 11566
             54.4652  0.179608   30.3641 0.0289871 -0.00121608  0.00026352 -0.00316477 -0.00185084 -0.00120713 -0.00539909 -0.000298221 -6.36553e-06  0.000148034  0.000326916 -0.000757459 -0.000470925 1 0 0 0
              54.732  0.179608   30.3641 0.0289871 -0.00121538  0.00026451 -0.00316512 -0.00184114 -0.00119473 -0.00540353 -0.000298217 -6.36401e-06  0.000148036  0.000326819 -0.000757579 -0.000470932 1 0 0 48455
              54.732  0.179608   30.3641 0.0289871 -0.00121538  0.00026451 -0.00316512 -0.00184114 -0.00119473 -0.00540353 -0.000298217 -6.36401e-06  0.000148036  0.000326819 -0.000757579 -0.000470932 1 0 0 0
             54.8654  0.179608   30.3641 0.0289871 -0.00121526 0.000261695 -0.00316613 -0.00184103 -0.00122885 -0.00541613 -0.000298215 -6.36934e-06  0.000148038  0.000326748 -0.000757239 -0.000470832 1 0 0 24115
             54.8654  0.179608   30.3641 0.0289871 -0.00121526 0.000261695 -0.00316613 -0.00184103 -0.00122885 -0.00541613 -0.000298215 -6.36934e-06  0.000148038  0.000326748 -0.000757239 -0.000470832 1 0 0 0
             54.9989  0.179608   30.3641 0.0289871 -0.00121401 0.000262792  -0.0031658 -0.00182376 -0.00121494 -0.00541182 -0.000298221 -6.36599e-06  0.000148044  0.000326633 -0.000757374 -0.000470947 1 0 0 24369
             54.9989  0.179608   30.3641 0.0289871 -0.00121401 0.000262792  -0.0031658 -0.00182376 -0.00121494 -0.00541182 -0.000298221 -6.36599e-06  0.000148044  0.000326633 -0.000757374 -0.000470947 1 0 0 0
             55.1323  0.179608   30.3641 0.0289871   -0.001217 0.000264065 -0.00316664 -0.00186307 -0.00120082 -0.00542305 -0.000298215 -6.37436e-06  0.000148043  0.000326899 -0.000757523 -0.000470669 1 0 0 24035
             55.1323  0.179608   30.3641 0.0289871   -0.001217 0.000264065 -0.00316664 -0.00186307 -0.00120082 -0.00542305 -0.000298215 -6.37436e-06  0.000148043  0.000326899 -0.000757523 -0.000470669 1 0 0 0
              55.199  0.179608   30.3641 0.0289871 -0.00121559 0.000263362 -0.00316668 -0.00184459  -0.0012087 -0.00542323 -0.000298215 -6.37251e-06   0.00014804  0.000326747  -0.00075744 -0.000470754 1 0 0 12356
              55.199  0.179608   30.3641 0.0289871 -0.00121559 0.000263362 -0.00316668 -0.00184459  -0.0012087 -0.00542323 -0.000298215 -6.37251e-06   0.00014804  0.000326747  -0.00075744 -0.000470754 1 0 0 0
             55.3992  0.179608   30.3641 0.0289871 -0.00121787 0.000263797  -0.0031685 -0.00187511 -0.00120437 -0.00544671 -0.000298211 -6.37616e-06  0.000148043  0.000326879 -0.000757489 -0.000470417 1 0 0 36042
             55.3992  0.179608   30.3641 0.0289871 -0.00121787 0.000263797  -0.0031685 -0.00187511 -0.00120437 -0.00544671 -0.000298211 -6.37616e-06  0.000148043  0.000326879 -0.000757489 -0.000470417 1 0 0 0
             55.5326  0.179608   30.3641 0.0289871 -0.00121763 0.000264057 -0.00316806 -0.00187165 -0.00120112 -0.00544107 -0.000298211 -6.38242e-06  0.000148048 0.000326879 -0.00075752 -0.00047048 1 0 0 24167
             55.5326  0.179608   30.3641 0.0289871 -0.00121763 0.000264057 -0.00316806 -0.00187165 -0.00120112 -0.00544107 -0.000298211 -6.38242e-06  0.000148048 0.000326879 -0.00075752 -0.00047048 1 0 0 0
             55.5993  0.179608   30.3641 0.0289871 -0.00121673 0.000263704 -0.00316867 -0.00185999 -0.00120495 -0.00544873 -0.000298212  -6.3808e-06  0.000148046  0.000326747 -0.000757479 -0.000470471 1 0 0 12056
             55.5993  0.179608   30.3641 0.0289871 -0.00121673 0.000263704 -0.00316867 -0.00185999 -0.00120495 -0.00544873 -0.000298212  -6.3808e-06  0.000148046  0.000326747 -0.000757479 -0.000470471 1 0 0 0
              55.666  0.179608   30.3641 0.0289871  -0.0012187 0.000262954 -0.00316961 -0.00188672 -0.00121494 -0.00546085 -0.000298209 -6.38067e-06  0.000148048  0.000326901 -0.000757385 -0.000470248 1 0 0 18206
              55.666  0.179608   30.3641 0.0289871  -0.0012187 0.000262954 -0.00316961 -0.00188672 -0.00121494 -0.00546085 -0.000298209 -6.38067e-06  0.000148048  0.000326901 -0.000757385 -0.000470248 1 0 0 0
             55.7327  0.179608   30.3641 0.0289871 -0.00121791 0.000263087 -0.00316922 -0.00187606 -0.00121297 -0.00545591 -0.000298209 -6.37785e-06  0.000148052  0.000326839 -0.000757403 -0.000470338 1 0 0 6039
             55.7327  0.179608   30.3641 0.0289871 -0.00121791 0.000263087 -0.00316922 -0.00187606 -0.00121297 -0.00545591 -0.000298209 -6.37785e-06  0.000148052  0.000326839 -0.000757403 -0.000470338 1 0 0 0
             55.7994  0.179608   30.3641 0.0289871 -0.00121818 0.000264406 -0.00317041  -0.0018791 -0.00119699 -0.00547102 -0.000298203 -6.37318e-06  0.000148049  0.000326793 -0.000757561 -0.000470197 1 0 0 12107
             55.7994  0.179608   30.3641 0.0289871 -0.00121818 0.000264406 -0.00317041  -0.0018791 -0.00119699 -0.00547102 -0.000298203 -6.37318e-06  0.000148049  0.000326793 -0.000757561 -0.000470197 1 0 0 0
             55.8662  0.179608   30.3641 0.0289871 -0.00121678 0.000265074 -0.00316905 -0.00186003 -0.00118828  -0.0054537 -0.000298201 -6.36915e-06  0.000148047  0.000326726 -0.000757644 -0.000470428 1 0 0 11676
             55.8662  0.179608   30.3641 0.0289871 -0.00121678 0.000265074 -0.00316905 -0.00186003 -0.00118828  -0.0054537 -0.000298201 -6.36915e-06  0.000148047  0.000326726 -0.000757644 -0.000470428 1 0 0 0
             56.0663  0.179608   30.3641 0.0289871 -0.00121672 0.000264478 -0.00316962 -0.00185957 -0.00119547 -0.00546088 -0.000298203 -6.36834e-06   0.00014805  0.000326686 -0.000757572 -0.000470372 1 0 0 36730
             56.0663  0.179608   30.3641 0.0289871 -0.00121672 0.000264478 -0.00316962 -0.00185957 -0.00119547 -0.00546088 -0.000298203 -6.36834e-06   0.00014805  0.000326686 -0.000757572 -0.000470372 1 0 0 0
             56.2664  0.179608   30.3641 0.0289871 -0.00121662 0.000265792 -0.00316949 -0.00185762 -0.00117945 -0.00545926 -0.000298201 -6.37179e-06  0.000148049  0.000326681 -0.000757731 -0.000470392 1 0 0 35994
             56.2664  0.179608   30.3641 0.0289871 -0.00121662 0.000265792 -0.00316949 -0.00185762 -0.00117945 -0.00545926 -0.000298201 -6.37179e-06  0.000148049  0.000326681 -0.000757731 -0.000470392 1 0 0 0
             56.3999  0.179608   30.3641 0.0289871 -0.00121693 0.000266009 -0.00317121 -0.00186183 -0.00117684 -0.00548112 -0.000298204 -6.37383e-06  0.000148049  0.000326609 -0.000757757 -0.000470191 1 0 0 24137
             56.3999  0.179608   30.3641 0.0289871 -0.00121693 0.000266009 -0.00317121 -0.00186183 -0.00117684 -0.00548112 -0.000298204 -6.37383e-06  0.000148049  0.000326609 -0.000757757 -0.000470191 1 0 0 0
             56.5333  0.179608   30.3641 0.0289871 -0.00121632 0.000266991 -0.00317143 -0.00185324  -0.0011646 -0.00548387 -0.000298198 -6.36874e-06  0.000148048  0.000326528 -0.000757876 -0.000470207 1 0 0 24296
             56.5333  0.179608   30.3641 0.0289871 -0.00121632 0.000266991 -0.00317143 -0.00185324  -0.0011646 -0.00548387 -0.000298198 -6.36874e-06  0.000148048  0.000326528 -0.000757876 -0.000470207 1 0 0 0
             56.6667  0.179608   30.3641 0.0289871 -0.00121718 0.000265457 -0.00317219  -0.0018656 -0.00118362 -0.00549356 -0.000298194 -6.38311e-06  0.000148047  0.000326576 -0.000757689 -0.000470072 1 0 0 24415
             56.6667  0.179608   30.3641 0.0289871 -0.00121718 0.000265457 -0.00317219  -0.0018656 -0.00118362 -0.00549356 -0.000298194 -6.38311e-06  0.000148047  0.000326576 -0.000757689 -0.000470072 1 0 0 0
             56.7335  0.179608   30.3641 0.0289871 -0.00121794 0.000265965 -0.00317421 -0.00187572 -0.00117767 -0.00551935 -0.000298198 -6.37827e-06  0.000148048  0.000326532 -0.000757749 -0.000469811 1 0 0 11838
             56.7335  0.179608   30.3641 0.0289871 -0.00121794 0.000265965 -0.00317421 -0.00187572 -0.00117767 -0.00551935 -0.000298198 -6.37827e-06  0.000148048  0.000326532 -0.000757749 -0.000469811 1 0 0 0
             56.8669  0.179608   30.3641 0.0289871 -0.00121799 0.000267671 -0.00317423 -0.00187559 -0.00115694 -0.00551975 -0.000298193 -6.38135e-06  0.000148053  0.000326534 -0.000757955 -0.000469805 1 0 0 24198
             56.8669  0.179608   30.3641 0.0289871 -0.00121799 0.000267671 -0.00317423 -0.00187559 -0.00115694 -0.00551975 -0.000298193 -6.38135e-06  0.000148053  0.000326534 -0.000757955 -0.000469805 1 0 0 0
             57.0003  0.179608   30.3641 0.0289871  -0.0012188 0.000268075 -0.00317527 -0.00188631 -0.00115233 -0.00553305 -0.000298194 -6.38213e-06  0.000148049  0.000326556 -0.000758003 -0.000469645 1 0 0 23832
             57.0003  0.179608   30.3641 0.0289871  -0.0012188 0.000268075 -0.00317527 -0.00188631 -0.00115233 -0.00553305 -0.000298194 -6.38213e-06  0.000148049  0.000326556 -0.000758003 -0.000469645 1 0 0 0
              57.067  0.179608   30.3641 0.0289871 -0.00121941 0.000267606 -0.00317469 -0.00189454 -0.00115837 -0.00552575 -0.000298191 -6.38751e-06  0.000148051  0.000326657 -0.000757945 -0.000469668 1 0 0 12491
              57.067  0.179608   30.3641 0.0289871 -0.00121941 0.000267606 -0.00317469 -0.00189454 -0.00115837 -0.00552575 -0.000298191 -6.38751e-06  0.000148051  0.000326657 -0.000757945 -0.000469668 1 0 0 0
             57.1337  0.179608   30.3641 0.0289871 -0.00121979 0.000268391 -0.00317616 -0.00189945  -0.0011489 -0.00554451 -0.000298193 -6.38078e-06  0.000148053  0.000326607 -0.000758039 -0.000469488 1 0 0 11914
             57.1337  0.179608   30.3641 0.0289871 -0.00121979 0.000268391 -0.00317616 -0.00189945  -0.0011489 -0.00554451 -0.000298193 -6.38078e-06  0.000148053  0.000326607 -0.000758039 -0.000469488 1 0 0 0
             57.2005  0.179608   30.3641 0.0289871 -0.00122095 0.000269421 -0.00317698 -0.00191448 -0.00113687 -0.00555509 -0.000298189 -6.38136e-06  0.000148052  0.000326679 -0.000758162 -0.000469329 1 0 0 11835
             57.2005  0.179608   30.3641 0.0289871 -0.00122095 0.000269421 -0.00317698 -0.00191448 -0.00113687 -0.00555509 -0.000298189 -6.38136e-06  0.000148052  0.000326679 -0.000758162 -0.000469329 1 0 0 0
             57.4006  0.179608   30.3641 0.0289871 -0.00122052 0.000266739 -0.00317675    -0.00191  -0.0011693 -0.00555198 -0.000298188 -6.38606e-06  0.000148058  0.000326651 -0.000757838  -0.00046938 1 0 0 36291
             57.4006  0.179608   30.3641 0.0289871 -0.00122052 0.000266739 -0.00317675    -0.00191  -0.0011693 -0.00555198 -0.000298188 -6.38606e-06  0.000148058  0.000326651 -0.000757838  -0.00046938 1 0 0 0
             57.6007  0.179608   30.3641 0.0289871 -0.00122033 0.000268228 -0.00317712 -0.00190689 -0.00115108 -0.00555674 -0.000298187 -6.37823e-06  0.000148055  0.000326606 -0.000758018 -0.000469353 1 0 0 36167
             57.6007  0.179608   30.3641 0.0289871 -0.00122033 0.000268228 -0.00317712 -0.00190689 -0.00115108 -0.00555674 -0.000298187 -6.37823e-06  0.000148055  0.000326606 -0.000758018 -0.000469353 1 0 0 0
             57.7342  0.179608   30.3641 0.0289871 -0.00122026 0.000268023 -0.00317749 -0.00190608 -0.00115351 -0.00556143 -0.000298181  -6.3843e-06  0.000148057  0.000326576 -0.000757994 -0.000469318 1 0 0 24383
             57.7342  0.179608   30.3641 0.0289871 -0.00122026 0.000268023 -0.00317749 -0.00190608 -0.00115351 -0.00556143 -0.000298181  -6.3843e-06  0.000148057  0.000326576 -0.000757994 -0.000469318 1 0 0 0
             57.8009  0.179608   30.3641 0.0289871 -0.00122034 0.000267466 -0.00317571 -0.00190717 -0.00116044 -0.00553877  -0.00029818 -6.37815e-06  0.000148058  0.000326695 -0.000757927 -0.000469501 1 0 0 11945
             57.8009  0.179608   30.3641 0.0289871 -0.00122034 0.000267466 -0.00317571 -0.00190717 -0.00116044 -0.00553877  -0.00029818 -6.37815e-06  0.000148058  0.000326695 -0.000757927 -0.000469501 1 0 0 0
             57.9343  0.179608   30.3641 0.0289871 -0.00121934  0.00026946 -0.00317661 -0.00189302 -0.00113566 -0.00555018 -0.000298176 -6.38072e-06  0.000148062   0.00032653 -0.000758169  -0.00046947 1 0 0 24177
             57.9343  0.179608   30.3641 0.0289871 -0.00121934  0.00026946 -0.00317661 -0.00189302 -0.00113566 -0.00555018 -0.000298176 -6.38072e-06  0.000148062   0.00032653 -0.000758169  -0.00046947 1 0 0 0
              58.001  0.179608   30.3641 0.0289871 -0.00122003 0.000269064 -0.00317675 -0.00190237 -0.00114079 -0.00555202 -0.000298179 -6.38449e-06  0.000148064  0.000326596  -0.00075812 -0.000469412 1 0 0 12057
              58.001  0.179608   30.3641 0.0289871 -0.00122003 0.000269064 -0.00317675 -0.00190237 -0.00114079 -0.00555202 -0.000298179 -6.38449e-06  0.000148064  0.000326596  -0.00075812 -0.000469412 1 0 0 0
             58.0677  0.179608   30.3641 0.0289871 -0.00121999 0.000267493 -0.00317626  -0.0019026 -0.00115992 -0.00554581 -0.000298176 -6.38384e-06  0.000148066  0.000326623  -0.00075793 -0.000469464 1 0 0 17982
             58.0677  0.179608   30.3641 0.0289871 -0.00121999 0.000267493 -0.00317626  -0.0019026 -0.00115992 -0.00554581 -0.000298176 -6.38384e-06  0.000148066  0.000326623  -0.00075793 -0.000469464 1 0 0 0
             58.1345  0.179608   30.3641 0.0289871 -0.00121998  0.00026849 -0.00317769 -0.00190214 -0.00114768 -0.00556401 -0.000298177  -6.3822e-06  0.000148064  0.000326533  -0.00075805 -0.000469314 1 0 0 6259
             58.1345  0.179608   30.3641 0.0289871 -0.00121998  0.00026849 -0.00317769 -0.00190214 -0.00114768 -0.00556401 -0.000298177  -6.3822e-06  0.000148064  0.000326533  -0.00075805 -0.000469314 1 0 0 0
             58.2679  0.179608   30.3641 0.0289871 -0.00121864  0.00026968 -0.00317641 -0.00188357 -0.00113266 -0.00554756  -0.00029817 -6.37483e-06  0.000148061  0.000326467 -0.000758197 -0.000469535 1 0 0 24203
             58.2679  0.179608   30.3641 0.0289871 -0.00121864  0.00026968 -0.00317641 -0.00188357 -0.00113266 -0.00554756  -0.00029817 -6.37483e-06  0.000148061  0.000326467 -0.000758197 -0.000469535 1 0 0 0
             58.4013  0.179608   30.3641 0.0289871 -0.00121963 0.000267733 -0.00317659  -0.0018977 -0.00115679 -0.00554993 -0.000298169 -6.37769e-06  0.000148066  0.000326564  -0.00075796 -0.000469453 1 0 0 24115
             58.4013  0.179608   30.3641 0.0289871 -0.00121963 0.000267733 -0.00317659  -0.0018977 -0.00115679 -0.00554993 -0.000298169 -6.37769e-06  0.000148066  0.000326564  -0.00075796 -0.000469453 1 0 0 0
              58.468  0.179608   30.3641 0.0289871 -0.00121975 0.000268129 -0.00317683 -0.00189914 -0.00115202 -0.00555302 -0.000298167 -6.37444e-06  0.000148068  0.000326562 -0.000758007  -0.00046942 1 0 0 17916
              58.468  0.179608   30.3641 0.0289871 -0.00121975 0.000268129 -0.00317683 -0.00189914 -0.00115202 -0.00555302 -0.000298167 -6.37444e-06  0.000148068  0.000326562 -0.000758007  -0.00046942 1 0 0 0
             58.5347  0.179608   30.3641 0.0289871 -0.00121774 0.000269712 -0.00317769 -0.00187166 -0.00113176 -0.00556378  -0.00029817 -6.37143e-06  0.000148067  0.000326292 -0.000758201 -0.000469456 1 0 0 6282
             58.5347  0.179608   30.3641 0.0289871 -0.00121774 0.000269712 -0.00317769 -0.00187166 -0.00113176 -0.00556378  -0.00029817 -6.37143e-06  0.000148067  0.000326292 -0.000758201 -0.000469456 1 0 0 0
             58.7349  0.179608   30.3641 0.0289871 -0.00121882 0.000269748 -0.00317807 -0.00188615 -0.00113181 -0.00556874 -0.000298167 -6.38372e-06  0.000148068  0.000326384 -0.000758204 -0.000469348 1 0 0 36249
             58.7349  0.179608   30.3641 0.0289871 -0.00121882 0.000269748 -0.00317807 -0.00188615 -0.00113181 -0.00556874 -0.000298167 -6.38372e-06  0.000148068  0.000326384 -0.000758204 -0.000469348 1 0 0 0
             58.8016  0.179608   30.3641 0.0289871 -0.00121916 0.000269501 -0.00317716 -0.00189065 -0.00113504 -0.00555713 -0.000298168 -6.38004e-06  0.000148074  0.000326477 -0.000758174 -0.000469423 1 0 0 12169
             58.8016  0.179608   30.3641 0.0289871 -0.00121916 0.000269501 -0.00317716 -0.00189065 -0.00113504 -0.00555713 -0.000298168 -6.38004e-06  0.000148074  0.000326477 -0.000758174 -0.000469423 1 0 0 0
              58.935  0.179608   30.3641 0.0289871 -0.00121838 0.000271682 -0.00317805  -0.0018794 -0.00110808 -0.00556844  -0.00029817 -6.37207e-06  0.000148069  0.000326337 -0.000758438 -0.000469379 1 0 0 24021
              58.935  0.179608   30.3641 0.0289871 -0.00121838 0.000271682 -0.00317805  -0.0018794 -0.00110808 -0.00556844  -0.00029817 -6.37207e-06  0.000148069  0.000326337 -0.000758438 -0.000469379 1 0 0 0
             59.2019  0.179608   30.3641 0.0289871 -0.00121964 0.000271993 -0.00317771 -0.00189591 -0.00110492 -0.00556433 -0.000298168 -6.38008e-06  0.000148074  0.000326491 -0.000758474 -0.000469335 1 0 0 48352
             59.2019  0.179608   30.3641 0.0289871 -0.00121964 0.000271993 -0.00317771 -0.00189591 -0.00110492 -0.00556433 -0.000298168 -6.38008e-06  0.000148074  0.000326491 -0.000758474 -0.000469335 1 0 0 0
             59.2686  0.179608   30.3641 0.0289871 -0.00121863 0.000272425  -0.0031773 -0.00188227 -0.00109922 -0.00555905 -0.000298164 -6.38016e-06  0.000148074  0.000326408 -0.000758528 -0.000469442 1 0 0 17894
             59.2686  0.179608   30.3641 0.0289871 -0.00121863 0.000272425  -0.0031773 -0.00188227 -0.00109922 -0.00555905 -0.000298164 -6.38016e-06  0.000148074  0.000326408 -0.000758528 -0.000469442 1 0 0 0
              59.402  0.179608   30.3641 0.0289871 -0.00121807 0.000272945 -0.00317729 -0.00187451 -0.00109262 -0.00555891 -0.000298164 -6.38285e-06  0.000148069  0.000326348 -0.000758592 -0.000469478 1 0 0 18543
              59.402  0.179608   30.3641 0.0289871 -0.00121807 0.000272945 -0.00317729 -0.00187451 -0.00109262 -0.00555891 -0.000298164 -6.38285e-06  0.000148069  0.000326348 -0.000758592 -0.000469478 1 0 0 0
             59.4688  0.179608   30.3641 0.0289871 -0.00121807 0.000272048 -0.00317717 -0.00187491 -0.00110354 -0.00555732 -0.000298163 -6.37916e-06  0.000148071  0.000326356 -0.000758483 -0.000469491 1 0 0 17795
             59.4688  0.179608   30.3641 0.0289871 -0.00121807 0.000272048 -0.00317717 -0.00187491 -0.00110354 -0.00555732 -0.000298163 -6.37916e-06  0.000148071  0.000326356 -0.000758483 -0.000469491 1 0 0 0
             59.6022  0.179608   30.3641 0.0289871 -0.00121837 0.000273494 -0.00317722 -0.00187822 -0.00108609 -0.00555802 -0.000298162 -6.37419e-06   0.00014807  0.000326384 -0.000758658 -0.000469468 1 0 0 18331
             59.6022  0.179608   30.3641 0.0289871 -0.00121837 0.000273494 -0.00317722 -0.00187822 -0.00108609 -0.00555802 -0.000298162 -6.37419e-06   0.00014807  0.000326384 -0.000758658 -0.000469468 1 0 0 0
             59.8023  0.179608   30.3641 0.0289871 -0.00121884 0.000273637 -0.00317829 -0.00188453  -0.0010845 -0.00557172  -0.00029816 -6.39153e-06  0.000148073  0.000326367 -0.000758674 -0.000469325 1 0 0 36280
             59.8023  0.179608   30.3641 0.0289871 -0.00121884 0.000273637 -0.00317829 -0.00188453  -0.0010845 -0.00557172  -0.00029816 -6.39153e-06  0.000148073  0.000326367 -0.000758674 -0.000469325 1 0 0 0
             59.9358  0.179608   30.3641 0.0289871 -0.00122009 0.000275108 -0.00318063 -0.00190078 -0.00106706 -0.00560169 -0.000298159 -6.38821e-06  0.000148073  0.000326355 -0.000758849 -0.000468999 1 0 0 23846
             59.9358  0.179608   30.3641 0.0289871 -0.00122009 0.000275108 -0.00318063 -0.00190078 -0.00106706 -0.00560169 -0.000298159 -6.38821e-06  0.000148073  0.000326355 -0.000758849 -0.000468999 1 0 0 0
             60.0692  0.179608   30.3641 0.0289871 -0.00121829 0.000274342 -0.00318035 -0.00187723 -0.00107554 -0.00559774 -0.000298155 -6.38886e-06  0.000148076  0.000326182 -0.000758759 -0.000469142 1 0 0 24260
             60.0692  0.179608   30.3641 0.0289871 -0.00121829 0.000274342 -0.00318035 -0.00187723 -0.00107554 -0.00559774 -0.000298155 -6.38886e-06  0.000148076  0.000326182 -0.000758759 -0.000469142 1 0 0 0
             60.1359  0.179608   30.3641 0.0289871 -0.00121881 0.000274758 -0.00318084 -0.00188401  -0.0010707  -0.0056041 -0.000298161 -6.38626e-06  0.000148077  0.000326207 -0.000758809 -0.000469058 1 0 0 12033
             60.1359  0.179608   30.3641 0.0289871 -0.00121881 0.000274758 -0.00318084 -0.00188401  -0.0010707  -0.0056041 -0.000298161 -6.38626e-06  0.000148077  0.000326207 -0.000758809 -0.000469058 1 0 0 0
             60.3361  0.179608   30.3641 0.0289871 -0.00121992 0.000275437 -0.00318204 -0.00189854 -0.00106288 -0.00561949 -0.000298154  -6.3861e-06  0.000148078  0.000326251 -0.000758889 -0.000468862 1 0 0 36048
             60.3361  0.179608   30.3641 0.0289871 -0.00121992 0.000275437 -0.00318204 -0.00189854 -0.00106288 -0.00561949 -0.000298154  -6.3861e-06  0.000148078  0.000326251 -0.000758889 -0.000468862 1 0 0 0
             60.4028  0.179608   30.3641 0.0289871 -0.00121965 0.000274687  -0.0031823 -0.00189533 -0.00107186 -0.00562275 -0.000298153 -6.39314e-06  0.000148079  0.000326207 -0.000758799 -0.000468851 1 0 0 12346
             60.4028  0.179608   30.3641 0.0289871 -0.00121965 0.000274687  -0.0031823 -0.00189533 -0.00107186 -0.00562275 -0.000298153 -6.39314e-06  0.000148079  0.000326207 -0.000758799 -0.000468851 1 0 0 0
             60.4695  0.179608   30.3641 0.0289871 -0.00122001 0.000273988 -0.00318206 -0.00190046 -0.00108055 -0.00561979 -0.000298153 -6.39648e-06  0.000148081  0.000326261 -0.000758714 -0.000468853 1 0 0 17804
             60.4695  0.179608   30.3641 0.0289871 -0.00122001 0.000273988 -0.00318206 -0.00190046 -0.00108055 -0.00561979 -0.000298153 -6.39648e-06  0.000148081  0.000326261 -0.000758714 -0.000468853 1 0 0 0
             60.5362  0.179608   30.3641 0.0289871 -0.00121987 0.000274042 -0.00318214 -0.00189862 -0.00107982 -0.00562081 -0.000298155 -6.39182e-06  0.000148082  0.000326241  -0.00075872 -0.000468853 1 0 0 6182
             60.5362  0.179608   30.3641 0.0289871 -0.00121987 0.000274042 -0.00318214 -0.00189862 -0.00107982 -0.00562081 -0.000298155 -6.39182e-06  0.000148082  0.000326241  -0.00075872 -0.000468853 1 0 0 0
             60.6029  0.179608   30.3641 0.0289871  -0.0012205 0.000275837 -0.00318146 -0.00190605 -0.00105833 -0.00561232 -0.000298156  -6.3902e-06  0.000148082  0.000326348 -0.000758936 -0.000468886 1 0 0 12342
             60.6029  0.179608   30.3641 0.0289871  -0.0012205 0.000275837 -0.00318146 -0.00190605 -0.00105833 -0.00561232 -0.000298156  -6.3902e-06  0.000148082  0.000326348 -0.000758936 -0.000468886 1 0 0 0
             60.7363  0.179608   30.3641 0.0289871 -0.00121978 0.000274168 -0.00318237 -0.00189733 -0.00107823 -0.00562361 -0.000298152 -6.38857e-06  0.000148081  0.000326217 -0.000758736 -0.000468835 1 0 0 23697
             60.7363  0.179608   30.3641 0.0289871 -0.00121978 0.000274168 -0.00318237 -0.00189733 -0.00107823 -0.00562361 -0.000298152 -6.38857e-06  0.000148081  0.000326217 -0.000758736 -0.000468835 1 0 0 0
             61.1366  0.179608   30.3641 0.0289871 -0.00121988 0.000275201 -0.00318187 -0.00189819 -0.00106574 -0.00561732  -0.00029815 -6.39549e-06  0.000148089  0.000326258  -0.00075886 -0.000468882 1 0 0 72580
             61.1366  0.179608   30.3641 0.0289871 -0.00121988 0.000275201 -0.00318187 -0.00189819 -0.00106574 -0.00561732  -0.00029815 -6.39549e-06  0.000148089  0.000326258  -0.00075886 -0.000468882 1 0 0 0
             61.8038  0.179608   30.3641 0.0289871 -0.00121877 0.000274439 -0.00318334 -0.00188393 -0.00107439 -0.00563579 -0.000298142 -6.39805e-06  0.000148084   0.00032605  -0.00075877 -0.000468796 1 0 0 121066
             61.8038  0.179608   30.3641 0.0289871 -0.00121877 0.000274439 -0.00318334 -0.00188393 -0.00107439 -0.00563579 -0.000298142 -6.39805e-06  0.000148084   0.00032605  -0.00075877 -0.000468796 1 0 0 0
             61.9372  0.179608   30.3641 0.0289871 -0.00121917 0.000274541 -0.00318328 -0.00188923 -0.00107334 -0.00563516  -0.00029814 -6.39485e-06  0.000148084  0.000326096 -0.000758781 -0.000468777 1 0 0 24003
             61.9372  0.179608   30.3641 0.0289871 -0.00121917 0.000274541 -0.00318328 -0.00188923 -0.00107334 -0.00563516  -0.00029814 -6.39485e-06  0.000148084  0.000326096 -0.000758781 -0.000468777 1 0 0 0
              62.004  0.179608   30.3641 0.0289871 -0.00121876 0.000275619 -0.00318345 -0.00188317 -0.00106002 -0.00563736 -0.000298141 -6.39204e-06  0.000148084  0.000326039 -0.000758912 -0.000468785 1 0 0 12111
              62.004  0.179608   30.3641 0.0289871 -0.00121876 0.000275619 -0.00318345 -0.00188317 -0.00106002 -0.00563736 -0.000298141 -6.39204e-06  0.000148084  0.000326039 -0.000758912 -0.000468785 1 0 0 0
             62.0707  0.179608   30.3641 0.0289871 -0.00121948 0.000274805 -0.00318426 -0.00189328 -0.00107021 -0.00564767 -0.000298137 -6.39554e-06  0.000148084  0.000326068 -0.000758813 -0.000468654 1 0 0 17457
             62.0707  0.179608   30.3641 0.0289871 -0.00121948 0.000274805 -0.00318426 -0.00189328 -0.00107021 -0.00564767 -0.000298137 -6.39554e-06  0.000148084  0.000326068 -0.000758813 -0.000468654 1 0 0 0
             62.1374  0.179608   30.3641 0.0289871 -0.00121817 0.000273655 -0.00318372 -0.00187639 -0.00108362 -0.00564055 -0.000298139 -6.39297e-06  0.000148085  0.000325963 -0.000758676 -0.000468793 1 0 0 6689
             62.1374  0.179608   30.3641 0.0289871 -0.00121817 0.000273655 -0.00318372 -0.00187639 -0.00108362 -0.00564055 -0.000298139 -6.39297e-06  0.000148085  0.000325963 -0.000758676 -0.000468793 1 0 0 0
             62.2041  0.179608   30.3641 0.0289871 -0.00121825 0.000274173 -0.00318352 -0.00187713 -0.00107737 -0.00563806 -0.000298137 -6.39996e-06  0.000148086  0.000325983 -0.000758738  -0.00046881 1 0 0 12157
             62.2041  0.179608   30.3641 0.0289871 -0.00121825 0.000274173 -0.00318352 -0.00187713 -0.00107737 -0.00563806 -0.000298137 -6.39996e-06  0.000148086  0.000325983 -0.000758738  -0.00046881 1 0 0 0
             62.3375  0.179608   30.3641 0.0289871 -0.00121889 0.000275293 -0.00318313  -0.0018851 -0.00106408  -0.0056333 -0.000298138 -6.39239e-06  0.000148087  0.000326074 -0.000758873  -0.00046881 1 0 0 24073
             62.3375  0.179608   30.3641 0.0289871 -0.00121889 0.000275293 -0.00318313  -0.0018851 -0.00106408  -0.0056333 -0.000298138 -6.39239e-06  0.000148087  0.000326074 -0.000758873  -0.00046881 1 0 0 0
             62.4043  0.179608   30.3641 0.0289871 -0.00121931 0.000275499 -0.00318422 -0.00189074  -0.0010617 -0.00564713 -0.00029814 -6.3991e-06 0.000148087  0.000326052 -0.000758897 -0.000468669 1 0 0 12031
             62.4043  0.179608   30.3641 0.0289871 -0.00121931 0.000275499 -0.00318422 -0.00189074  -0.0010617 -0.00564713 -0.00029814 -6.3991e-06 0.000148087  0.000326052 -0.000758897 -0.000468669 1 0 0 0
             62.5377  0.179608   30.3641 0.0289871 -0.00121732 0.000273831 -0.00318331 -0.00186492  -0.0010811 -0.00563528 -0.000298141 -6.39875e-06  0.000148089  0.000325897 -0.000758698  -0.00046889 1 0 0 24442
             62.5377  0.179608   30.3641 0.0289871 -0.00121732 0.000273831 -0.00318331 -0.00186492  -0.0010811 -0.00563528 -0.000298141 -6.39875e-06  0.000148089  0.000325897 -0.000758698  -0.00046889 1 0 0 0
             62.8045  0.179608   30.3641 0.0289871 -0.00121809 0.000275158 -0.00318431 -0.00187468 -0.00106526 -0.00564808 -0.000298141 -6.40192e-06   0.00014809  0.000325916 -0.000758857 -0.000468737 1 0 0 48154
             62.8045  0.179608   30.3641 0.0289871 -0.00121809 0.000275158 -0.00318431 -0.00187468 -0.00106526 -0.00564808 -0.000298141 -6.40192e-06   0.00014809  0.000325916 -0.000758857 -0.000468737 1 0 0 0
              62.938  0.179608   30.3641 0.0289871 -0.00121767 0.000273247  -0.0031839 -0.00186991 -0.00108834 -0.00564277 -0.000298139 -6.40713e-06  0.000148096  0.000325899 -0.000758627 -0.000468806 1 0 0 24395
              62.938  0.179608   30.3641 0.0289871 -0.00121767 0.000273247  -0.0031839 -0.00186991 -0.00108834 -0.00564277 -0.000298139 -6.40713e-06  0.000148096  0.000325899 -0.000758627 -0.000468806 1 0 0 0
             63.0047  0.179608   30.3641 0.0289871 -0.00121811 0.000273649 -0.00318583 -0.00187576 -0.00108353 -0.00566739 -0.000298141 -6.40926e-06  0.000148096  0.000325826 -0.000758675 -0.000468574 1 0 0 11811
             63.0047  0.179608   30.3641 0.0289871 -0.00121811 0.000273649 -0.00318583 -0.00187576 -0.00108353 -0.00566739 -0.000298141 -6.40926e-06  0.000148096  0.000325826 -0.000758675 -0.000468574 1 0 0 0
             63.0714  0.179608   30.3641 0.0289871 -0.00121665 0.000275207 -0.00318502 -0.00185549 -0.00106394 -0.00565689 -0.000298137 -6.40166e-06  0.000148093  0.000325718 -0.000758865 -0.000468753 1 0 0 17258
             63.0714  0.179608   30.3641 0.0289871 -0.00121665 0.000275207 -0.00318502 -0.00185549 -0.00106394 -0.00565689 -0.000298137 -6.40166e-06  0.000148093  0.000325718 -0.000758865 -0.000468753 1 0 0 0
             63.1381  0.179608   30.3641 0.0289871 -0.00121673 0.000274777 -0.00318493  -0.0018568 -0.00106922 -0.00565574 -0.000298135 -6.40375e-06  0.000148095  0.000325733 -0.000758813 -0.000468757 1 0 0 6981
             63.1381  0.179608   30.3641 0.0289871 -0.00121673 0.000274777 -0.00318493  -0.0018568 -0.00106922 -0.00565574 -0.000298135 -6.40375e-06  0.000148095  0.000325733 -0.000758813 -0.000468757 1 0 0 0
             63.2048  0.179608   30.3641 0.0289871 -0.00121625 0.000273997 -0.00318491 -0.00185068 -0.00107847 -0.00565537 -0.000298136 -6.40741e-06  0.000148096 0.000325684 -0.00075872 -0.00046879 1 0 0 12052
             63.2048  0.179608   30.3641 0.0289871 -0.00121625 0.000273997 -0.00318491 -0.00185068 -0.00107847 -0.00565537 -0.000298136 -6.40741e-06  0.000148096 0.000325684 -0.00075872 -0.00046879 1 0 0 0
             63.2716  0.179608   30.3641 0.0289871  -0.0012166 0.000273773 -0.00318529 -0.00185554 -0.00108134 -0.00566024 -0.000298141 -6.40371e-06  0.000148097  0.000325698 -0.000758692 -0.000468727 1 0 0 17352
             63.2716  0.179608   30.3641 0.0289871  -0.0012166 0.000273773 -0.00318529 -0.00185554 -0.00108134 -0.00566024 -0.000298141 -6.40371e-06  0.000148097  0.000325698 -0.000758692 -0.000468727 1 0 0 0
              63.405  0.179608   30.3641 0.0289871 -0.00121654 0.000275356 -0.00318479 -0.00185399 -0.00106209 -0.00565403 -0.00029814 -6.3992e-06 0.000148096  0.000325721 -0.000758883 -0.000468784 1 0 0 18791
              63.405  0.179608   30.3641 0.0289871 -0.00121654 0.000275356 -0.00318479 -0.00185399 -0.00106209 -0.00565403 -0.00029814 -6.3992e-06 0.000148096  0.000325721 -0.000758883 -0.000468784 1 0 0 0
             63.6051  0.179608   30.3641 0.0289871 -0.00121642 0.000274933 -0.00318374 -0.00185242 -0.00106724 -0.00564061 -0.000298136 -6.40473e-06  0.000148096  0.000325773 -0.000758833 -0.000468902 1 0 0 36350
             63.6051  0.179608   30.3641 0.0289871 -0.00121642 0.000274933 -0.00318374 -0.00185242 -0.00106724 -0.00564061 -0.000298136 -6.40473e-06  0.000148096  0.000325773 -0.000758833 -0.000468902 1 0 0 0
             63.6719  0.179608   30.3641 0.0289871 -0.00121673 0.000274991  -0.0031849 -0.00185672 -0.00106662 -0.00565541 -0.000298136 -6.40172e-06  0.000148099  0.000325735 -0.000758839  -0.00046876 1 0 0 17190
             63.6719  0.179608   30.3641 0.0289871 -0.00121673 0.000274991  -0.0031849 -0.00185672 -0.00106662 -0.00565541 -0.000298136 -6.40172e-06  0.000148099  0.000325735 -0.000758839  -0.00046876 1 0 0 0
             63.7386  0.179608   30.3641 0.0289871 -0.00121699 0.000275675  -0.0031836 -0.00185959  -0.0010585 -0.00563898 -0.000298132 -6.40209e-06  0.000148098  0.000325841 -0.000758922 -0.000468881 1 0 0 7000
             63.7386  0.179608   30.3641 0.0289871 -0.00121699 0.000275675  -0.0031836 -0.00185959  -0.0010585 -0.00563898 -0.000298132 -6.40209e-06  0.000148098  0.000325841 -0.000758922 -0.000468881 1 0 0 0
             63.8053  0.179608   30.3641 0.0289871 -0.00121663  0.00027606 -0.00318346 -0.00185466 -0.00105366 -0.00563719 -0.000298131 -6.40028e-06  0.000148096  0.000325811 -0.000758969 -0.000468919 1 0 0 11785
             63.8053  0.179608   30.3641 0.0289871 -0.00121663  0.00027606 -0.00318346 -0.00185466 -0.00105366 -0.00563719 -0.000298131 -6.40028e-06  0.000148096  0.000325811 -0.000758969 -0.000468919 1 0 0 0
             64.0054  0.179608   30.3641 0.0289871 -0.00121736 0.000273759 -0.00318449 -0.00186551 -0.00108192 -0.00565018  -0.00029813 -6.40736e-06  0.000148101  0.000325828 -0.000758689 -0.000468764 1 0 0 36389
             64.0054  0.179608   30.3641 0.0289871 -0.00121736 0.000273759 -0.00318449 -0.00186551 -0.00108192 -0.00565018  -0.00029813 -6.40736e-06  0.000148101  0.000325828 -0.000758689 -0.000468764 1 0 0 0
             64.2056  0.179608   30.3641 0.0289871 -0.00121671 0.000274738 -0.00318379 -0.00185638 -0.00106975 -0.00564133 -0.000298129 -6.40786e-06  0.000148104  0.000325801 -0.000758809 -0.000468878 1 0 0 36177
             64.2056  0.179608   30.3641 0.0289871 -0.00121671 0.000274738 -0.00318379 -0.00185638 -0.00106975 -0.00564133 -0.000298129 -6.40786e-06  0.000148104  0.000325801 -0.000758809 -0.000468878 1 0 0 0
              64.339  0.179608   30.3641 0.0289871 -0.00121786 0.000274639 -0.00318366 -0.00187172  -0.0010715 -0.00563975 -0.000298125 -6.41224e-06  0.000148106  0.000325932 -0.000758795  -0.00046882 1 0 0 24408
              64.339  0.179608   30.3641 0.0289871 -0.00121786 0.000274639 -0.00318366 -0.00187172  -0.0010715 -0.00563975 -0.000298125 -6.41224e-06  0.000148106  0.000325932 -0.000758795  -0.00046882 1 0 0 0
             64.4057  0.179608   30.3641 0.0289871  -0.0012174 0.000275325 -0.00318436 -0.00186538  -0.0010629 -0.00564866 -0.000298128 -6.40653e-06  0.000148109  0.000325839 -0.000758879 -0.000468775 1 0 0 11973
             64.4057  0.179608   30.3641 0.0289871  -0.0012174 0.000275325 -0.00318436 -0.00186538  -0.0010629 -0.00564866 -0.000298128 -6.40653e-06  0.000148109  0.000325839 -0.000758879 -0.000468775 1 0 0 0
             64.6726  0.179608   30.3641 0.0289871 -0.00121674 0.000274925 -0.00318378 -0.00185666 -0.00106749 -0.00564114 -0.000298128 -6.41118e-06   0.00014811  0.000325805 -0.000758831 -0.000468878 1 0 0 47913
             64.6726  0.179608   30.3641 0.0289871 -0.00121674 0.000274925 -0.00318378 -0.00185666 -0.00106749 -0.00564114 -0.000298128 -6.41118e-06   0.00014811  0.000325805 -0.000758831 -0.000468878 1 0 0 0
             64.7393  0.179608   30.3641 0.0289871 -0.00121693 0.000275329 -0.00318427 -0.00185907 -0.00106263 -0.00564748 -0.000298125  -6.4122e-06   0.00014811  0.000325794  -0.00075888 -0.000468814 1 0 0 12454
             64.7393  0.179608   30.3641 0.0289871 -0.00121693 0.000275329 -0.00318427 -0.00185907 -0.00106263 -0.00564748 -0.000298125  -6.4122e-06   0.00014811  0.000325794  -0.00075888 -0.000468814 1 0 0 0
             64.8727  0.179608   30.3641 0.0289871 -0.00121675 0.000274809 -0.00318403 -0.00185687 -0.00106888 -0.00564438 -0.000298121 -6.40687e-06  0.000148112   0.00032579 -0.000758817 -0.000468851 1 0 0 23658
             64.8727  0.179608   30.3641 0.0289871 -0.00121675 0.000274809 -0.00318403 -0.00185687 -0.00106888 -0.00564438 -0.000298121 -6.40687e-06  0.000148112   0.00032579 -0.000758817 -0.000468851 1 0 0 0
             64.9395  0.179608   30.3641 0.0289871 -0.00121569 0.000275093 -0.00318343 -0.00184258 -0.00106498 -0.00563656 -0.000298118 -6.41009e-06  0.000148111  0.000325714 -0.000758853 -0.000468982 1 0 0 12579
             64.9395  0.179608   30.3641 0.0289871 -0.00121569 0.000275093 -0.00318343 -0.00184258 -0.00106498 -0.00563656 -0.000298118 -6.41009e-06  0.000148111  0.000325714 -0.000758853 -0.000468982 1 0 0 0
             65.0062  0.179608   30.3641 0.0289871 -0.00121684 0.000274933 -0.00318451 -0.00185816  -0.0010674 -0.00565051 -0.000298117  -6.4119e-06   0.00014811  0.000325771 -0.000758832 -0.000468794 1 0 0 11837
             65.0062  0.179608   30.3641 0.0289871 -0.00121684 0.000274933 -0.00318451 -0.00185816  -0.0010674 -0.00565051 -0.000298117  -6.4119e-06   0.00014811  0.000325771 -0.000758832 -0.000468794 1 0 0 0
             65.0729  0.179608   30.3641 0.0289871  -0.0012149 0.000275872 -0.00318294 -0.00183162 -0.00105516 -0.00563035 -0.000298118 -6.40475e-06  0.000148112  0.000325658 -0.000758949 -0.000469083 1 0 0 17066
             65.0729  0.179608   30.3641 0.0289871  -0.0012149 0.000275872 -0.00318294 -0.00183162 -0.00105516 -0.00563035 -0.000298118 -6.40475e-06  0.000148112  0.000325658 -0.000758949 -0.000469083 1 0 0 0
             65.1396  0.179608   30.3641 0.0289871 -0.00121571 0.000276795 -0.00318189 -0.00184182 -0.00104438 -0.00561716 -0.000298116 -6.40577e-06  0.000148113  0.000325808 -0.000759059 -0.000469143 1 0 0 7237
             65.1396  0.179608   30.3641 0.0289871 -0.00121571 0.000276795 -0.00318189 -0.00184182 -0.00104438 -0.00561716 -0.000298116 -6.40577e-06  0.000148113  0.000325808 -0.000759059 -0.000469143 1 0 0 0
              65.273  0.179608   30.3641 0.0289871  -0.0012157 0.000275293 -0.00318216 -0.00184241 -0.00106263 -0.00562051 -0.000298116 -6.40967e-06  0.000148114  0.000325792 -0.000758878 -0.000469115 1 0 0 23934
              65.273  0.179608   30.3641 0.0289871  -0.0012157 0.000275293 -0.00318216 -0.00184241 -0.00106263 -0.00562051 -0.000298116 -6.40967e-06  0.000148114  0.000325792 -0.000758878 -0.000469115 1 0 0 0
             65.5399  0.179608   30.3641 0.0289871 -0.00121564 0.000275974 -0.00318207 -0.00184137 -0.00105432 -0.00561937 -0.000298109 -6.40795e-06  0.000148111  0.000325791  -0.00075896 -0.000469128 1 0 0 48439
             65.5399  0.179608   30.3641 0.0289871 -0.00121564 0.000275974 -0.00318207 -0.00184137 -0.00105432 -0.00561937 -0.000298109 -6.40795e-06  0.000148111  0.000325791  -0.00075896 -0.000469128 1 0 0 0
             65.6066  0.179608   30.3641 0.0289871 -0.00121576 0.000274867  -0.0031822 -0.00184341 -0.00106783   -0.005621 -0.000298108 -6.41096e-06   0.00014811  0.000325796 -0.000758826 -0.000469107 1 0 0 11891
             65.6066  0.179608   30.3641 0.0289871 -0.00121576 0.000274867  -0.0031822 -0.00184341 -0.00106783   -0.005621 -0.000298108 -6.41096e-06   0.00014811  0.000325796 -0.000758826 -0.000469107 1 0 0 0
             65.6733  0.179608   30.3641 0.0289871 -0.00121595 0.000273792 -0.00318247 -0.00184657 -0.00108098 -0.00562434 -0.000298108  -6.4098e-06  0.000148113  0.000325803 -0.000758696 -0.000469066 1 0 0 16979
             65.6733  0.179608   30.3641 0.0289871 -0.00121595 0.000273792 -0.00318247 -0.00184657 -0.00108098 -0.00562434 -0.000298108  -6.4098e-06  0.000148113  0.000325803 -0.000758696 -0.000469066 1 0 0 0
             65.8068  0.179608   30.3641 0.0289871  -0.0012144 0.000275222 -0.00318218 -0.00182512 -0.00106287  -0.0056205 -0.000298108 -6.40504e-06  0.000148118  0.000325652 -0.000758871 -0.000469195 1 0 0 19142
             65.8068  0.179608   30.3641 0.0289871  -0.0012144 0.000275222 -0.00318218 -0.00182512 -0.00106287  -0.0056205 -0.000298108 -6.40504e-06  0.000148118  0.000325652 -0.000758871 -0.000469195 1 0 0 0
             65.8735  0.179608   30.3641 0.0289871 -0.00121664  0.00027508 -0.00318283 -0.00185516 -0.00106562 -0.00562904 -0.000298108 -6.41465e-06  0.000148119  0.000325852  -0.00075885 -0.000468985 1 0 0 16985
             65.8735  0.179608   30.3641 0.0289871 -0.00121664  0.00027508 -0.00318283 -0.00185516 -0.00106562 -0.00562904 -0.000298108 -6.41465e-06  0.000148119  0.000325852  -0.00075885 -0.000468985 1 0 0 0
             65.9402  0.179608   30.3641 0.0289871 -0.00121638 0.000276293 -0.00318229 -0.00185104 -0.00105078 -0.00562225 -0.000298108  -6.4125e-06  0.000148119  0.000325856 -0.000758997 -0.000469059 1 0 0 7422
             65.9402  0.179608   30.3641 0.0289871 -0.00121638 0.000276293 -0.00318229 -0.00185104 -0.00105078 -0.00562225 -0.000298108  -6.4125e-06  0.000148119  0.000325856 -0.000758997 -0.000469059 1 0 0 0
             66.2071  0.179608   30.3641 0.0289871 -0.00121602 0.000276834 -0.00318187 -0.00184593 -0.00104405 -0.00561696 -0.000298105 -6.40444e-06  0.000148118  0.000325842 -0.000759064 -0.000469125 1 0 0 48221
             66.2071  0.179608   30.3641 0.0289871 -0.00121602 0.000276834 -0.00318187 -0.00184593 -0.00104405 -0.00561696 -0.000298105 -6.40444e-06  0.000148118  0.000325842 -0.000759064 -0.000469125 1 0 0 0
             66.2738  0.179608   30.3641 0.0289871 -0.00121533 0.000275751 -0.00318132 -0.00183723 -0.00105694 -0.00560975 -0.000298106 -6.40909e-06  0.000148118  0.000325804 -0.000758934 -0.000469227 1 0 0 16757
             66.2738  0.179608   30.3641 0.0289871 -0.00121533 0.000275751 -0.00318132 -0.00183723 -0.00105694 -0.00560975 -0.000298106 -6.40909e-06  0.000148118  0.000325804 -0.000758934 -0.000469227 1 0 0 0
             66.6073  0.179608   30.3641 0.0289871 -0.00121612 0.000275861  -0.0031821 -0.00184781 -0.00105592 -0.00561983 -0.000298101 -6.41184e-06  0.000148121  0.000325841 -0.000758946 -0.000469094 1 0 0 55631
             66.6073  0.179608   30.3641 0.0289871 -0.00121612 0.000275861  -0.0031821 -0.00184781 -0.00105592 -0.00561983 -0.000298101 -6.41184e-06  0.000148121  0.000325841 -0.000758946 -0.000469094 1 0 0 0
             66.6741  0.179608   30.3641 0.0289871 -0.00121464 0.000276176 -0.00318124 -0.00182779 -0.00105145 -0.00560871 -0.000298103 -6.40906e-06  0.000148117  0.000325735 -0.000758986 -0.000469279 1 0 0 16800
             66.6741  0.179608   30.3641 0.0289871 -0.00121464 0.000276176 -0.00318124 -0.00182779 -0.00105145 -0.00560871 -0.000298103 -6.40906e-06  0.000148117  0.000325735 -0.000758986 -0.000469279 1 0 0 0
             66.8742  0.179608   30.3641 0.0289871 -0.00121592 0.000276616 -0.00318143 -0.00184471 -0.00104669 -0.00561123 -0.000298095 -6.40814e-06  0.000148117   0.00032586 -0.000759037 -0.000469179 1 0 0 31634
             66.8742  0.179608   30.3641 0.0289871 -0.00121592 0.000276616 -0.00318143 -0.00184471 -0.00104669 -0.00561123 -0.000298095 -6.40814e-06  0.000148117   0.00032586 -0.000759037 -0.000469179 1 0 0 0
             67.0076  0.179608   30.3641 0.0289871 -0.00121528 0.000276645 -0.00318142 -0.00183613 -0.00104603 -0.00561107 -0.000298095 -6.41037e-06  0.000148117  0.000325792 -0.000759042  -0.00046922 1 0 0 24023
             67.0076  0.179608   30.3641 0.0289871 -0.00121528 0.000276645 -0.00318142 -0.00183613 -0.00104603 -0.00561107 -0.000298095 -6.41037e-06  0.000148117  0.000325792 -0.000759042  -0.00046922 1 0 0 0
             67.1411  0.179608   30.3641 0.0289871 -0.00121528 0.000276016 -0.00318142 -0.00183642 -0.00105368  -0.0056111 -0.000298094 -6.41019e-06  0.000148118  0.000325792 -0.000758966 -0.000469219 1 0 0 24197
             67.1411  0.179608   30.3641 0.0289871 -0.00121528 0.000276016 -0.00318142 -0.00183642 -0.00105368  -0.0056111 -0.000298094 -6.41019e-06  0.000148118  0.000325792 -0.000758966 -0.000469219 1 0 0 0
             67.2078  0.179608   30.3641 0.0289871 -0.00121585  0.00027665 -0.00318218 -0.00184384 -0.00104619 -0.00562077 -0.000298092  -6.4108e-06  0.000148118  0.000325806 -0.000759041 -0.000469104 1 0 0 11907
             67.2078  0.179608   30.3641 0.0289871 -0.00121585  0.00027665 -0.00318218 -0.00184384 -0.00104619 -0.00562077 -0.000298092  -6.4108e-06  0.000148118  0.000325806 -0.000759041 -0.000469104 1 0 0 0
             67.3412  0.179608   30.3641 0.0289871 -0.00121526 0.000277063 -0.00318111 -0.00183554 -0.00104095 -0.00560715 -0.000298089 -6.41033e-06  0.000148118  0.000325807 -0.000759093 -0.000469255 1 0 0 24341
             67.3412  0.179608   30.3641 0.0289871 -0.00121526 0.000277063 -0.00318111 -0.00183554 -0.00104095 -0.00560715 -0.000298089 -6.41033e-06  0.000148118  0.000325807 -0.000759093 -0.000469255 1 0 0 0
             67.4079  0.179608   30.3641 0.0289871 -0.00121561 0.000277479  -0.0031813 -0.00184014 -0.00103605 -0.00560963 -0.000298094 -6.41153e-06  0.000148118  0.000325833 -0.000759142 -0.000469212 1 0 0 12014
             67.4079  0.179608   30.3641 0.0289871 -0.00121561 0.000277479  -0.0031813 -0.00184014 -0.00103605 -0.00560963 -0.000298094 -6.41153e-06  0.000148118  0.000325833 -0.000759142 -0.000469212 1 0 0 0
             67.6748  0.179608   30.3641 0.0289871 -0.00121555 0.000277194  -0.0031814 -0.00183946 -0.00103947 -0.00561089 -0.000298087 -6.41074e-06   0.00014812  0.000325821 -0.000759108 -0.000469205 1 0 0 48481
             67.6748  0.179608   30.3641 0.0289871 -0.00121555 0.000277194  -0.0031814 -0.00183946 -0.00103947 -0.00561089 -0.000298087 -6.41074e-06   0.00014812  0.000325821 -0.000759108 -0.000469205 1 0 0 0
             67.7415  0.179608   30.3641 0.0289871 -0.00121574 0.000277175 -0.00318104 -0.00184189 -0.00103982 -0.00560636 -0.000298086 -6.41301e-06  0.000148118  0.000325863 -0.000759105 -0.000469231 1 0 0 12141
             67.7415  0.179608   30.3641 0.0289871 -0.00121574 0.000277175 -0.00318104 -0.00184189 -0.00103982 -0.00560636 -0.000298086 -6.41301e-06  0.000148118  0.000325863 -0.000759105 -0.000469231 1 0 0 0
             67.8749  0.179608   30.3641 0.0289871 -0.00121632 0.000278419 -0.00318108 -0.00184906 -0.00102496 -0.00560702 -0.000298086 -6.40858e-06  0.000148119  0.000325921 -0.000759255 -0.000469191 1 0 0 24153
             67.8749  0.179608   30.3641 0.0289871 -0.00121632 0.000278419 -0.00318108 -0.00184906 -0.00102496 -0.00560702 -0.000298086 -6.40858e-06  0.000148119  0.000325921 -0.000759255 -0.000469191 1 0 0 0
             67.9417  0.179608   30.3641 0.0289871 -0.00121555 0.000278835 -0.00318125 -0.00183862 -0.00101953 -0.00560907 -0.000298087 -6.40552e-06  0.000148118  0.000325828 -0.000759306 -0.000469222 1 0 0 11980
             67.9417  0.179608   30.3641 0.0289871 -0.00121555 0.000278835 -0.00318125 -0.00183862 -0.00101953 -0.00560907 -0.000298087 -6.40552e-06  0.000148118  0.000325828 -0.000759306 -0.000469222 1 0 0 0
             68.1418  0.179608   30.3641 0.0289871 -0.00121619 0.000279328 -0.00318137 -0.00184699 -0.00101382 -0.00561066  -0.00029809 -6.41475e-06  0.000148118  0.000325889 -0.000759365 -0.000469169 1 0 0 36350
             68.1418  0.179608   30.3641 0.0289871 -0.00121619 0.000279328 -0.00318137 -0.00184699 -0.00101382 -0.00561066  -0.00029809 -6.41475e-06  0.000148118  0.000325889 -0.000759365 -0.000469169 1 0 0 0
             68.2085  0.179608   30.3641 0.0289871 -0.00121626 0.000279299 -0.00318083  -0.0018478 -0.00101424 -0.00560388 -0.000298086  -6.4112e-06  0.000148119  0.000325929 -0.000759361 -0.000469221 1 0 0 11637
             68.2085  0.179608   30.3641 0.0289871 -0.00121626 0.000279299 -0.00318083  -0.0018478 -0.00101424 -0.00560388 -0.000298086  -6.4112e-06  0.000148119  0.000325929 -0.000759361 -0.000469221 1 0 0 0
             68.3419  0.179608   30.3641 0.0289871 -0.00121689 0.000281015 -0.00318117   -0.0018555 -0.000993653  -0.00560837 -0.000298084 -6.41219e-06  0.000148117  0.000325974 -0.000759567 -0.000469146 1 0 0 24452
             68.3419  0.179608   30.3641 0.0289871 -0.00121689 0.000281015 -0.00318117   -0.0018555 -0.000993653  -0.00560837 -0.000298084 -6.41219e-06  0.000148117  0.000325974 -0.000759567 -0.000469146 1 0 0 0
             68.4087  0.179608   30.3641 0.0289871  -0.0012171 0.000281086 -0.00318051  -0.00185818 -0.000992929      -0.0056 -0.000298086 -6.41379e-06  0.000148118  0.000326037 -0.000759576 -0.000469202 1 0 0 11868
             68.4087  0.179608   30.3641 0.0289871  -0.0012171 0.000281086 -0.00318051  -0.00185818 -0.000992929      -0.0056 -0.000298086 -6.41379e-06  0.000148118  0.000326037 -0.000759576 -0.000469202 1 0 0 0
             68.6755  0.179608   30.3641 0.0289871 -0.00121627 0.000281775 -0.00318023   -0.0018467 -0.000984178  -0.00559637 -0.000298082 -6.40905e-06  0.000148115  0.000325964  -0.00075966 -0.000469285 1 0 0 48553
             68.6755  0.179608   30.3641 0.0289871 -0.00121627 0.000281775 -0.00318023   -0.0018467 -0.000984178  -0.00559637 -0.000298082 -6.40905e-06  0.000148115  0.000325964  -0.00075966 -0.000469285 1 0 0 0
             68.7422  0.179608   30.3641 0.0289871 -0.00121608 0.000280521 -0.00318029  -0.00184482 -0.000999338  -0.00559699 -0.000298085 -6.41493e-06  0.000148114  0.000325942 -0.000759509  -0.00046929 1 0 0 11926
             68.7422  0.179608   30.3641 0.0289871 -0.00121608 0.000280521 -0.00318029  -0.00184482 -0.000999338  -0.00559699 -0.000298085 -6.41493e-06  0.000148114  0.000325942 -0.000759509  -0.00046929 1 0 0 0
             68.9424  0.179608   30.3641 0.0289871 -0.00121649 0.000281462 -0.00318112  -0.00184996 -0.000988036  -0.00560764 -0.000298086 -6.41006e-06  0.000148114  0.000325934 -0.000759622 -0.000469177 1 0 0 36241
             68.9424  0.179608   30.3641 0.0289871 -0.00121649 0.000281462 -0.00318112  -0.00184996 -0.000988036  -0.00560764 -0.000298086 -6.41006e-06  0.000148114  0.000325934 -0.000759622 -0.000469177 1 0 0 0
             69.0091  0.179608   30.3641 0.0289871 -0.00121678 0.000281101 -0.00318007  -0.00185379 -0.000992622   -0.0055944 -0.000298085 -6.40821e-06  0.000148116  0.000326029 -0.000759578 -0.000469269 1 0 0 11940
             69.0091  0.179608   30.3641 0.0289871 -0.00121678 0.000281101 -0.00318007  -0.00185379 -0.000992622   -0.0055944 -0.000298085 -6.40821e-06  0.000148116  0.000326029 -0.000759578 -0.000469269 1 0 0 0
             69.1425  0.179608   30.3641 0.0289871 -0.00121575 0.000281557 -0.00318002 -0.00183985  -0.0009866 -0.00559366 -0.000298087  -6.4122e-06  0.000148111  0.000325921 -0.000759635 -0.000469339 1 0 0 24259
             69.1425  0.179608   30.3641 0.0289871 -0.00121575 0.000281557 -0.00318002 -0.00183985  -0.0009866 -0.00559366 -0.000298087  -6.4122e-06  0.000148111  0.000325921 -0.000759635 -0.000469339 1 0 0 0
              69.276  0.179608   30.3641 0.0289871 -0.00121737 0.000281038 -0.00318089  -0.00186177 -0.000993619   -0.0056049 -0.000298086 -6.41082e-06  0.000148112  0.000326041  -0.00075957 -0.000469145 1 0 0 24296
              69.276  0.179608   30.3641 0.0289871 -0.00121737 0.000281038 -0.00318089  -0.00186177 -0.000993619   -0.0056049 -0.000298086 -6.41082e-06  0.000148112  0.000326041  -0.00075957 -0.000469145 1 0 0 0
             69.5428  0.179608   30.3641 0.0289871 -0.00121722 0.000280927 -0.00318136 -0.00185999 -0.00099487 -0.00561081 -0.000298087 -6.41361e-06  0.000148111  0.000325998 -0.000759556 -0.000469105 1 0 0 48180
             69.5428  0.179608   30.3641 0.0289871 -0.00121722 0.000280927 -0.00318136 -0.00185999 -0.00099487 -0.00561081 -0.000298087 -6.41361e-06  0.000148111  0.000325998 -0.000759556 -0.000469105 1 0 0 0
             69.6095  0.179608   30.3641 0.0289871 -0.00121698 0.000281197 -0.00318023  -0.00185644 -0.000991542  -0.00559649 -0.000298083 -6.40959e-06  0.000148113   0.00032604  -0.00075959 -0.000469239 1 0 0 12044
             69.6095  0.179608   30.3641 0.0289871 -0.00121698 0.000281197 -0.00318023  -0.00185644 -0.000991542  -0.00559649 -0.000298083 -6.40959e-06  0.000148113   0.00032604  -0.00075959 -0.000469239 1 0 0 0
             69.8097  0.179608   30.3641 0.0289871 -0.00121618 0.000281391 -0.00317947  -0.00184565 -0.000988861  -0.00558669 -0.000298081 -6.41401e-06  0.000148112  0.000326002 -0.000759614  -0.00046937 1 0 0 36474
             69.8097  0.179608   30.3641 0.0289871 -0.00121618 0.000281391 -0.00317947  -0.00184565 -0.000988861  -0.00558669 -0.000298081 -6.41401e-06  0.000148112  0.000326002 -0.000759614  -0.00046937 1 0 0 0
             69.8764  0.179608   30.3641 0.0289871 -0.00121616 0.000280534 -0.00317917  -0.00184566 -0.000999286  -0.00558277 -0.000298081  -6.4147e-06  0.000148112  0.000326019 -0.000759511 -0.000469404 1 0 0 16461
             69.8764  0.179608   30.3641 0.0289871 -0.00121616 0.000280534 -0.00317917  -0.00184566 -0.000999286  -0.00558277 -0.000298081  -6.4147e-06  0.000148112  0.000326019 -0.000759511 -0.000469404 1 0 0 0
             69.9431  0.179608   30.3641 0.0289871 -0.00121663 0.000280554 -0.00318077  -0.00185216 -0.000999157  -0.00560323  -0.00029808 -6.41605e-06   0.00014811  0.000325971 -0.000759512 -0.000469204 1 0 0 7470
             69.9431  0.179608   30.3641 0.0289871 -0.00121663 0.000280554 -0.00318077  -0.00185216 -0.000999157  -0.00560323  -0.00029808 -6.41605e-06   0.00014811  0.000325971 -0.000759512 -0.000469204 1 0 0 0
             70.0098  0.179608   30.3641 0.0289871 -0.00121604 0.000282032 -0.00317935  -0.00184337 -0.000980998  -0.00558522 -0.000298079  -6.4105e-06   0.00014811  0.000325992 -0.000759692 -0.000469392 1 0 0 12291
             70.0098  0.179608   30.3641 0.0289871 -0.00121604 0.000282032 -0.00317935  -0.00184337 -0.000980998  -0.00558522 -0.000298079  -6.4105e-06   0.00014811  0.000325992 -0.000759692 -0.000469392 1 0 0 0
             70.2767  0.179608   30.3641 0.0289871 -0.00121623 0.000280453 -0.00318054 -0.00184682 -0.00100021 -0.00560028 -0.000298078  -6.4203e-06   0.00014811  0.000325942 -0.000759501 -0.000469254 1 0 0 48165
             70.2767  0.179608   30.3641 0.0289871 -0.00121623 0.000280453 -0.00318054 -0.00184682 -0.00100021 -0.00560028 -0.000298078  -6.4203e-06   0.00014811  0.000325942 -0.000759501 -0.000469254 1 0 0 0
             70.3434  0.179608   30.3641 0.0289871 -0.00121541 0.000281198 -0.00318018  -0.00183548 -0.000990791   -0.0055956 -0.000298075 -6.41596e-06  0.000148108  0.000325875 -0.000759592 -0.000469344 1 0 0 12047
             70.3434  0.179608   30.3641 0.0289871 -0.00121541 0.000281198 -0.00318018  -0.00183548 -0.000990791   -0.0055956 -0.000298075 -6.41596e-06  0.000148108  0.000325875 -0.000759592 -0.000469344 1 0 0 0
             70.5435  0.179608   30.3641 0.0289871 -0.00121527 0.000280968 -0.00317941  -0.00183372 -0.000993573  -0.00558575  -0.00029808 -6.41731e-06  0.000148109  0.000325909 -0.000759565 -0.000469434 1 0 0 36250
             70.5435  0.179608   30.3641 0.0289871 -0.00121527 0.000280968 -0.00317941  -0.00183372 -0.000993573  -0.00558575  -0.00029808 -6.41731e-06  0.000148109  0.000325909 -0.000759565 -0.000469434 1 0 0 0
             70.6103  0.179608   30.3641 0.0289871 -0.00121513 0.000280815 -0.00317875  -0.00183181 -0.000995405   -0.0055774 -0.000298075  -6.4148e-06  0.000148109  0.000325934 -0.000759547 -0.000469512 1 0 0 12326
             70.6103  0.179608   30.3641 0.0289871 -0.00121513 0.000280815 -0.00317875  -0.00183181 -0.000995405   -0.0055774 -0.000298075  -6.4148e-06  0.000148109  0.000325934 -0.000759547 -0.000469512 1 0 0 0
             70.8104  0.179608   30.3641 0.0289871 -0.00121442 0.000280207 -0.00317898 -0.00182267 -0.00100245 -0.00558016 -0.000298076 -6.41927e-06  0.000148112  0.000325845 -0.000759474 -0.000469533 1 0 0 36166
             70.8104  0.179608   30.3641 0.0289871 -0.00121442 0.000280207 -0.00317898 -0.00182267 -0.00100245 -0.00558016 -0.000298076 -6.41927e-06  0.000148112  0.000325845 -0.000759474 -0.000469533 1 0 0 0
             70.8771  0.179608   30.3641 0.0289871 -0.00121414 0.000280474 -0.00317834 -0.00181865 -0.00099911 -0.00557197 -0.000298074 -6.41894e-06  0.000148108  0.000325854 -0.000759507 -0.000469619 1 0 0 16340
             70.8771  0.179608   30.3641 0.0289871 -0.00121414 0.000280474 -0.00317834 -0.00181865 -0.00099911 -0.00557197 -0.000298074 -6.41894e-06  0.000148108  0.000325854 -0.000759507 -0.000469619 1 0 0 0
             71.0773  0.179608   30.3641 0.0289871  -0.0012148 0.000281732 -0.00317874  -0.00182701 -0.000984103  -0.00557718  -0.00029807 -6.41096e-06  0.000148106  0.000325899 -0.000759658 -0.000469535 1 0 0 31772
             71.0773  0.179608   30.3641 0.0289871  -0.0012148 0.000281732 -0.00317874  -0.00182701 -0.000984103  -0.00557718  -0.00029807 -6.41096e-06  0.000148106  0.000325899 -0.000759658 -0.000469535 1 0 0 0
              71.144  0.179608   30.3641 0.0289871 -0.00121463 0.000280789 -0.00317932  -0.00182515 -0.000995448  -0.00558458  -0.00029807 -6.41598e-06  0.000148106  0.000325845 -0.000759544 -0.000469484 1 0 0 12015
              71.144  0.179608   30.3641 0.0289871 -0.00121463 0.000280789 -0.00317932  -0.00182515 -0.000995448  -0.00558458  -0.00029807 -6.41598e-06  0.000148106  0.000325845 -0.000759544 -0.000469484 1 0 0 0
             71.3441  0.179608   30.3641 0.0289871 -0.00121506 0.000280482 -0.00317856  -0.00183104 -0.000999443  -0.00557495 -0.000298068 -6.41573e-06  0.000148104  0.000325939 -0.000759506 -0.000469537 1 0 0 36211
             71.3441  0.179608   30.3641 0.0289871 -0.00121506 0.000280482 -0.00317856  -0.00183104 -0.000999443  -0.00557495 -0.000298068 -6.41573e-06  0.000148104  0.000325939 -0.000759506 -0.000469537 1 0 0 0
             71.4108  0.179608   30.3641 0.0289871 -0.00121501 0.000281665 -0.00317797  -0.00182969 -0.000985065  -0.00556747 -0.000298067 -6.41726e-06  0.000148105  0.000325968  -0.00075965 -0.000469603 1 0 0 12322
             71.4108  0.179608   30.3641 0.0289871 -0.00121501 0.000281665 -0.00317797  -0.00182969 -0.000985065  -0.00556747 -0.000298067 -6.41726e-06  0.000148105  0.000325968  -0.00075965 -0.000469603 1 0 0 0
             71.4776  0.179608   30.3641 0.0289871 -0.00121414 0.000281596  -0.0031778  -0.00181808 -0.000985504  -0.00556525 -0.000298066 -6.41583e-06  0.000148106  0.000325885 -0.000759643 -0.000469676 1 0 0 16233
             71.4776  0.179608   30.3641 0.0289871 -0.00121414 0.000281596  -0.0031778  -0.00181808 -0.000985504  -0.00556525 -0.000298066 -6.41583e-06  0.000148106  0.000325885 -0.000759643 -0.000469676 1 0 0 0
             71.5443  0.179608   30.3641 0.0289871 -0.00121429 0.000281305 -0.00317811  -0.00182033 -0.000989091  -0.00556918 -0.000298067  -6.4183e-06  0.000148106  0.000325883 -0.000759607 -0.000469633 1 0 0 7638
             71.5443  0.179608   30.3641 0.0289871 -0.00121429 0.000281305 -0.00317811  -0.00182033 -0.000989091  -0.00556918 -0.000298067  -6.4183e-06  0.000148106  0.000325883 -0.000759607 -0.000469633 1 0 0 0
             71.8111  0.179608   30.3641 0.0289871 -0.00121424 0.000281628 -0.00317861 -0.00181955 -0.00098511 -0.00557555 -0.000298064 -6.41866e-06  0.000148104  0.000325847 -0.000759646 -0.000469583 1 0 0 48575
             71.8111  0.179608   30.3641 0.0289871 -0.00121424 0.000281628 -0.00317861 -0.00181955 -0.00098511 -0.00557555 -0.000298064 -6.41866e-06  0.000148104  0.000325847 -0.000759646 -0.000469583 1 0 0 0
             71.8778  0.179608   30.3641 0.0289871  -0.0012144 0.000280194 -0.00317885 -0.00182239 -0.00100261 -0.00557852 -0.000298064 -6.42689e-06  0.000148105  0.000325851 -0.000759473 -0.000469548 1 0 0 16133
             71.8778  0.179608   30.3641 0.0289871  -0.0012144 0.000280194 -0.00317885 -0.00182239 -0.00100261 -0.00557852 -0.000298064 -6.42689e-06  0.000148105  0.000325851 -0.000759473 -0.000469548 1 0 0 0
             72.0113  0.179608   30.3641 0.0289871 -0.00121477 0.000279839 -0.00317911 -0.00182747 -0.00100708 -0.00558189 -0.000298066 -6.42534e-06  0.000148108  0.000325874 -0.000759429 -0.000469497 1 0 0 18102
             72.0113  0.179608   30.3641 0.0289871 -0.00121477 0.000279839 -0.00317911 -0.00182747 -0.00100708 -0.00558189 -0.000298066 -6.42534e-06  0.000148108  0.000325874 -0.000759429 -0.000469497 1 0 0 0
             72.2114  0.179608   30.3641 0.0289871 -0.00121298 0.000281273 -0.00317815  -0.00180284 -0.000988857  -0.00556948 -0.000298067 -6.42347e-06  0.000148103  0.000325741 -0.000759605 -0.000469712 1 0 0 20289
             72.2114  0.179608   30.3641 0.0289871 -0.00121298 0.000281273 -0.00317815  -0.00180284 -0.000988857  -0.00556948 -0.000298067 -6.42347e-06  0.000148103  0.000325741 -0.000759605 -0.000469712 1 0 0 0
             72.3448  0.179608   30.3641 0.0289871 -0.00121291 0.000280625 -0.00317763 -0.00180217 -0.00099674 -0.00556276 -0.000298068 -6.42029e-06  0.000148107  0.000325766 -0.000759527 -0.000469772 1 0 0 23756
             72.3448  0.179608   30.3641 0.0289871 -0.00121291 0.000280625 -0.00317763 -0.00180217 -0.00099674 -0.00556276 -0.000298068 -6.42029e-06  0.000148107  0.000325766 -0.000759527 -0.000469772 1 0 0 0
             72.4116  0.179608   30.3641 0.0289871 -0.00121274 0.000281346 -0.00317796  -0.00179959 -0.000987869  -0.00556703 -0.000298068 -6.41857e-06  0.000148105  0.000325727 -0.000759614 -0.000469747 1 0 0 12371
             72.4116  0.179608   30.3641 0.0289871 -0.00121274 0.000281346 -0.00317796  -0.00179959 -0.000987869  -0.00556703 -0.000298068 -6.41857e-06  0.000148105  0.000325727 -0.000759614 -0.000469747 1 0 0 0
             72.6117  0.179608   30.3641 0.0289871  -0.0012133 0.000281172 -0.00317782  -0.00180717 -0.000990262  -0.00556526 -0.000298064 -6.41999e-06  0.000148105  0.000325796 -0.000759593 -0.000469727 1 0 0 18206
             72.6117  0.179608   30.3641 0.0289871  -0.0012133 0.000281172 -0.00317782  -0.00180717 -0.000990262  -0.00556526 -0.000298064 -6.41999e-06  0.000148105  0.000325796 -0.000759593 -0.000469727 1 0 0 0
             72.7451  0.179608   30.3641 0.0289871 -0.00121402 0.000281427 -0.00317831   -0.0018166 -0.000987469  -0.00557163 -0.000298062 -6.41631e-06  0.000148104  0.000325841 -0.000759622  -0.00046963 1 0 0 23970
             72.7451  0.179608   30.3641 0.0289871 -0.00121402 0.000281427 -0.00317831   -0.0018166 -0.000987469  -0.00557163 -0.000298062 -6.41631e-06  0.000148104  0.000325841 -0.000759622  -0.00046963 1 0 0 0
             72.9453  0.179608   30.3641 0.0289871 -0.00121406 0.000282132 -0.00317906  -0.00181689 -0.000978859  -0.00558119 -0.000298062 -6.42019e-06  0.000148103  0.000325799 -0.000759707 -0.000469548 1 0 0 18070
             72.9453  0.179608   30.3641 0.0289871 -0.00121406 0.000282132 -0.00317906  -0.00181689 -0.000978859  -0.00558119 -0.000298062 -6.42019e-06  0.000148103  0.000325799 -0.000759707 -0.000469548 1 0 0 0
              73.012  0.179608   30.3641 0.0289871 -0.00121512 0.000282867 -0.00317935  -0.00183074 -0.000970409  -0.00558506 -0.000298062 -6.42398e-06  0.000148102  0.000325894 -0.000759794 -0.000469451 1 0 0 12249
              73.012  0.179608   30.3641 0.0289871 -0.00121512 0.000282867 -0.00317935  -0.00183074 -0.000970409  -0.00558506 -0.000298062 -6.42398e-06  0.000148102  0.000325894 -0.000759794 -0.000469451 1 0 0 0
             73.1454  0.179608   30.3641 0.0289871 -0.00121538 0.000283723 -0.00317882  -0.00183376 -0.000960156  -0.00557845  -0.00029806 -6.42009e-06  0.000148101  0.000325953 -0.000759897  -0.00046949 1 0 0 24014
             73.1454  0.179608   30.3641 0.0289871 -0.00121538 0.000283723 -0.00317882  -0.00183376 -0.000960156  -0.00557845  -0.00029806 -6.42009e-06  0.000148101  0.000325953 -0.000759897  -0.00046949 1 0 0 0
             73.2121  0.179608   30.3641 0.0289871 -0.00121561 0.000284372 -0.00317977 -0.00183666 -0.00095231 -0.00559054 -0.000298058 -6.42675e-06    0.0001481  0.000325919 -0.000759975 -0.000469376 1 0 0 12152
             73.2121  0.179608   30.3641 0.0289871 -0.00121561 0.000284372 -0.00317977 -0.00183666 -0.00095231 -0.00559054 -0.000298058 -6.42675e-06    0.0001481  0.000325919 -0.000759975 -0.000469376 1 0 0 0
              73.479  0.179608   30.3641 0.0289871 -0.00121502 0.000284587 -0.00317962  -0.00182859 -0.000949418  -0.00558853 -0.000298055 -6.42933e-06  0.000148099  0.000325864 -0.000760002  -0.00046943 1 0 0 30134
              73.479  0.179608   30.3641 0.0289871 -0.00121502 0.000284587 -0.00317962  -0.00182859 -0.000949418  -0.00558853 -0.000298055 -6.42933e-06  0.000148099  0.000325864 -0.000760002  -0.00046943 1 0 0 0
             73.5457  0.179608   30.3641 0.0289871 -0.00121437 0.000284432 -0.00317892  -0.00182001 -0.000951042  -0.00557959 -0.000298054 -6.42889e-06  0.000148101  0.000325838 -0.000759985 -0.000469544 1 0 0 12288
             73.5457  0.179608   30.3641 0.0289871 -0.00121437 0.000284432 -0.00317892  -0.00182001 -0.000951042  -0.00557959 -0.000298054 -6.42889e-06  0.000148101  0.000325838 -0.000759985 -0.000469544 1 0 0 0
             73.6124  0.179608   30.3641 0.0289871 -0.00121393 0.000284566 -0.00317921  -0.00181405 -0.000949184  -0.00558328 -0.000298053 -6.43123e-06  0.000148099  0.000325772 -0.000760001 -0.000469541 1 0 0 9838
             73.6124  0.179608   30.3641 0.0289871 -0.00121393 0.000284566 -0.00317921  -0.00181405 -0.000949184  -0.00558328 -0.000298053 -6.43123e-06  0.000148099  0.000325772 -0.000760001 -0.000469541 1 0 0 0
              73.946  0.179608   30.3641 0.0289871 -0.00121039 0.000287881  -0.0031789  -0.00176528 -0.000907215  -0.00557899 -0.000298044 -6.43531e-06  0.000148097  0.000325409 -0.000760407 -0.000469798 1 0 0 36091
              73.946  0.179608   30.3641 0.0289871 -0.00121039 0.000287881  -0.0031789  -0.00176528 -0.000907215  -0.00557899 -0.000298044 -6.43531e-06  0.000148097  0.000325409 -0.000760407 -0.000469798 1 0 0 0
             74.0127  0.179608   30.3641 0.0289871 -0.00121027 0.000287613  -0.0031782   -0.0017638 -0.000910463  -0.00557008 -0.000298044 -6.43346e-06  0.000148097   0.00032544 -0.000760375 -0.000469879 1 0 0 2041
             74.0127  0.179608   30.3641 0.0289871 -0.00121027 0.000287613  -0.0031782   -0.0017638 -0.000910463  -0.00557008 -0.000298044 -6.43346e-06  0.000148097   0.00032544 -0.000760375 -0.000469879 1 0 0 0
             74.0794  0.179608   30.3641 0.0289871 -0.00121061 0.000287225 -0.00317967  -0.00176862 -0.000915252  -0.00558871 -0.000298045 -6.43336e-06  0.000148098  0.000325387 -0.000760327 -0.000469703 1 0 0 16053
             74.0794  0.179608   30.3641 0.0289871 -0.00121061 0.000287225 -0.00317967  -0.00176862 -0.000915252  -0.00558871 -0.000298045 -6.43336e-06  0.000148098  0.000325387 -0.000760327 -0.000469703 1 0 0 0
             74.1462  0.179608   30.3641 0.0289871   -0.001211 0.000287868  -0.0031787  -0.00177347 -0.000907672  -0.00557651  -0.00029804 -6.43265e-06  0.000148095  0.000325487 -0.000760405 -0.000469781 1 0 0 7922
             74.1462  0.179608   30.3641 0.0289871   -0.001211 0.000287868  -0.0031787  -0.00177347 -0.000907672  -0.00557651  -0.00029804 -6.43265e-06  0.000148095  0.000325487 -0.000760405 -0.000469781 1 0 0 0
             74.2129  0.179608   30.3641 0.0289871 -0.00121097 0.000288792 -0.00317912  -0.00177266 -0.000896398  -0.00558185  -0.00029804 -6.43214e-06  0.000148093  0.000325457 -0.000760516 -0.000469739 1 0 0 10117
             74.2129  0.179608   30.3641 0.0289871 -0.00121097 0.000288792 -0.00317912  -0.00177266 -0.000896398  -0.00558185  -0.00029804 -6.43214e-06  0.000148093  0.000325457 -0.000760516 -0.000469739 1 0 0 0
              74.413  0.179608   30.3641 0.0289871 -0.00121115 0.000288194 -0.00317905  -0.00177531 -0.000903758  -0.00558096 -0.000298043 -6.42875e-06  0.000148095  0.000325481 -0.000760444 -0.000469735 1 0 0 20264
              74.413  0.179608   30.3641 0.0289871 -0.00121115 0.000288194 -0.00317905  -0.00177531 -0.000903758  -0.00558096 -0.000298043 -6.42875e-06  0.000148095  0.000325481 -0.000760444 -0.000469735 1 0 0 0
             74.7466  0.179608   30.3641 0.0289871 -0.00121077 0.000289759 -0.00317843 -0.00176937 -0.00088458 -0.00557309 -0.000298041  -6.4323e-06  0.000148094  0.000325477 -0.000760634 -0.000469825 1 0 0 52139
             74.7466  0.179608   30.3641 0.0289871 -0.00121077 0.000289759 -0.00317843 -0.00176937 -0.00088458 -0.00557309 -0.000298041  -6.4323e-06  0.000148094  0.000325477 -0.000760634 -0.000469825 1 0 0 0
             74.8133  0.179608   30.3641 0.0289871 -0.00121115 0.000289188 -0.00317853  -0.00177477 -0.000891707  -0.00557437  -0.00029804 -6.43311e-06  0.000148095  0.000325512 -0.000760564  -0.00046979 1 0 0 2346
             74.8133  0.179608   30.3641 0.0289871 -0.00121115 0.000289188 -0.00317853  -0.00177477 -0.000891707  -0.00557437  -0.00029804 -6.43311e-06  0.000148095  0.000325512 -0.000760564  -0.00046979 1 0 0 0
             74.9467  0.179608   30.3641 0.0289871  -0.0012109  0.00028995 -0.00317819  -0.00177099 -0.000882337  -0.00557017 -0.000298035 -6.43562e-06  0.000148092  0.000325505 -0.000760657 -0.000469842 1 0 0 24167
             74.9467  0.179608   30.3641 0.0289871  -0.0012109  0.00028995 -0.00317819  -0.00177099 -0.000882337  -0.00557017 -0.000298035 -6.43562e-06  0.000148092  0.000325505 -0.000760657 -0.000469842 1 0 0 0
             75.0135  0.179608   30.3641 0.0289871  -0.0012102 0.000289299 -0.00317788  -0.00176193 -0.000889949  -0.00556607 -0.000298035 -6.43819e-06  0.000148089   0.00032545 -0.000760579 -0.000469918 1 0 0 9671
             75.0135  0.179608   30.3641 0.0289871  -0.0012102 0.000289299 -0.00317788  -0.00176193 -0.000889949  -0.00556607 -0.000298035 -6.43819e-06  0.000148089   0.00032545 -0.000760579 -0.000469918 1 0 0 0
             75.2803  0.179608   30.3641 0.0289871 -0.00120996  0.00028868 -0.00317701   -0.0017589 -0.000897413   -0.0055549 -0.00029803 -6.4348e-06  0.00014809  0.000325478 -0.000760505 -0.000470026 1 0 0 32275
             75.2803  0.179608   30.3641 0.0289871 -0.00120996  0.00028868 -0.00317701   -0.0017589 -0.000897413   -0.0055549 -0.00029803 -6.4348e-06  0.00014809  0.000325478 -0.000760505 -0.000470026 1 0 0 0
              75.347  0.179608   30.3641 0.0289871 -0.00120892 0.000287916 -0.00317706   -0.0017455 -0.000906217  -0.00555535  -0.00029803 -6.43653e-06  0.000148089  0.000325366 -0.000760414 -0.000470086 1 0 0 3864
              75.347  0.179608   30.3641 0.0289871 -0.00120892 0.000287916 -0.00317706   -0.0017455 -0.000906217  -0.00555535  -0.00029803 -6.43653e-06  0.000148089  0.000325366 -0.000760414 -0.000470086 1 0 0 0
             75.5472  0.179608   30.3641 0.0289871 -0.00120882 0.000289176 -0.00317657  -0.00174351 -0.000890872  -0.00554918 -0.000298027  -6.4342e-06  0.000148092  0.000325384 -0.000760567 -0.000470144 1 0 0 26662
             75.5472  0.179608   30.3641 0.0289871 -0.00120882 0.000289176 -0.00317657  -0.00174351 -0.000890872  -0.00554918 -0.000298027  -6.4342e-06  0.000148092  0.000325384 -0.000760567 -0.000470144 1 0 0 0
             75.6139  0.179608   30.3641 0.0289871 -0.00120898 0.000288726 -0.00317712  -0.00174592 -0.000896386  -0.00555622 -0.000298026 -6.43513e-06  0.000148093  0.000325367 -0.000760512 -0.000470075 1 0 0 12019
             75.6139  0.179608   30.3641 0.0289871 -0.00120898 0.000288726 -0.00317712  -0.00174592 -0.000896386  -0.00555622 -0.000298026 -6.43513e-06  0.000148093  0.000325367 -0.000760512 -0.000470075 1 0 0 0
              75.814  0.179608   30.3641 0.0289871 -0.00120916 0.000287816 -0.00317699  -0.00174864 -0.000907544  -0.00555447 -0.000298028 -6.43773e-06  0.000148091  0.000325395 -0.000760402 -0.000470078 1 0 0 33689
              75.814  0.179608   30.3641 0.0289871 -0.00120916 0.000287816 -0.00317699  -0.00174864 -0.000907544  -0.00555447 -0.000298028 -6.43773e-06  0.000148091  0.000325395 -0.000760402 -0.000470078 1 0 0 0
             76.1476  0.179608   30.3641 0.0289871 -0.00120594 0.000289838 -0.00317595  -0.00170476 -0.000881503  -0.00554096 -0.000298023 -6.44733e-06  0.000148093  0.000325113 -0.000760651 -0.000470391 1 0 0 36314
             76.1476  0.179608   30.3641 0.0289871 -0.00120594 0.000289838 -0.00317595  -0.00170476 -0.000881503  -0.00554096 -0.000298023 -6.44733e-06  0.000148093  0.000325113 -0.000760651 -0.000470391 1 0 0 0
             76.2143  0.179608   30.3641 0.0289871 -0.00120485 0.000290861 -0.00317535  -0.00168956 -0.000868572   -0.0055333 -0.000298025 -6.44179e-06  0.000148092  0.000325031 -0.000760776 -0.000470524 1 0 0 2530
             76.2143  0.179608   30.3641 0.0289871 -0.00120485 0.000290861 -0.00317535  -0.00168956 -0.000868572   -0.0055333 -0.000298025 -6.44179e-06  0.000148092  0.000325031 -0.000760776 -0.000470524 1 0 0 0
             76.4145  0.179608   30.3641 0.0289871 -0.00120498 0.000291428 -0.00317477  -0.00169105 -0.000861779  -0.00552591 -0.000298026 -6.44638e-06  0.000148094  0.000325081 -0.000760845 -0.000470577 1 0 0 33671
             76.4145  0.179608   30.3641 0.0289871 -0.00120498 0.000291428 -0.00317477  -0.00169105 -0.000861779  -0.00552591 -0.000298026 -6.44638e-06  0.000148094  0.000325081 -0.000760845 -0.000470577 1 0 0 0
             76.7481  0.179608   30.3641 0.0289871 -0.00120163    0.000294 -0.00317437  -0.00164507 -0.000828942  -0.00552046 -0.000298016 -6.45127e-06  0.000148093  0.000324744 -0.000761161 -0.000470832 1 0 0 36028
             76.7481  0.179608   30.3641 0.0289871 -0.00120163    0.000294 -0.00317437  -0.00164507 -0.000828942  -0.00552046 -0.000298016 -6.45127e-06  0.000148093  0.000324744 -0.000761161 -0.000470832 1 0 0 0
             76.8148  0.179608   30.3641 0.0289871 -0.00120228 0.000293421 -0.00317513  -0.00165411 -0.000836236  -0.00553022 -0.000298015 -6.45219e-06  0.000148092  0.000324767  -0.00076109 -0.000470711 1 0 0 2587
             76.8148  0.179608   30.3641 0.0289871 -0.00120228 0.000293421 -0.00317513  -0.00165411 -0.000836236  -0.00553022 -0.000298015 -6.45219e-06  0.000148092  0.000324767  -0.00076109 -0.000470711 1 0 0 0
             76.9482  0.179608   30.3641 0.0289871 -0.00120284 0.000294748 -0.00317461  -0.00166088 -0.000820392  -0.00552372 -0.000298014 -6.45243e-06  0.000148093  0.000324858 -0.000761249 -0.000470731 1 0 0 24242
             76.9482  0.179608   30.3641 0.0289871 -0.00120284 0.000294748 -0.00317461  -0.00166088 -0.000820392  -0.00552372 -0.000298014 -6.45243e-06  0.000148093  0.000324858 -0.000761249 -0.000470731 1 0 0 0
             77.0149  0.179608   30.3641 0.0289871 -0.00120213  0.00029487 -0.00317391 -0.00165124 -0.00081862 -0.00551481 -0.000298014 -6.45205e-06  0.000148092  0.000324824 -0.000761265 -0.000470849 1 0 0 11954
             77.0149  0.179608   30.3641 0.0289871 -0.00120213  0.00029487 -0.00317391 -0.00165124 -0.00081862 -0.00551481 -0.000298014 -6.45205e-06  0.000148092  0.000324824 -0.000761265 -0.000470849 1 0 0 0
             77.2151  0.179608   30.3641 0.0289871 -0.00120247 0.000294175 -0.00317335  -0.00165611 -0.000827276  -0.00550769 -0.000298012 -6.45084e-06  0.000148089  0.000324897 -0.000761181 -0.000470886 1 0 0 33648
             77.2151  0.179608   30.3641 0.0289871 -0.00120247 0.000294175 -0.00317335  -0.00165611 -0.000827276  -0.00550769 -0.000298012 -6.45084e-06  0.000148089  0.000324897 -0.000761181 -0.000470886 1 0 0 0
             77.5486  0.179608   30.3641 0.0289871  -0.0011997 0.000294497 -0.00317289  -0.00161894 -0.000822075  -0.00550148 -0.000298007 -6.45974e-06  0.000148092  0.000324628 -0.000761224  -0.00047111 1 0 0 36262
             77.5486  0.179608   30.3641 0.0289871  -0.0011997 0.000294497 -0.00317289  -0.00161894 -0.000822075  -0.00550148 -0.000298007 -6.45974e-06  0.000148092  0.000324628 -0.000761224  -0.00047111 1 0 0 0
             77.6154  0.179608   30.3641 0.0289871 -0.00119991 0.000294199 -0.00317367  -0.00162195 -0.000825745  -0.00551137 -0.000298007 -6.46188e-06  0.000148091  0.000324603 -0.000761188 -0.000471015 1 0 0 2836
             77.6154  0.179608   30.3641 0.0289871 -0.00119991 0.000294199 -0.00317367  -0.00162195 -0.000825745  -0.00551137 -0.000298007 -6.46188e-06  0.000148091  0.000324603 -0.000761188 -0.000471015 1 0 0 0
             77.8155  0.179608   30.3641 0.0289871 -0.00119981  0.00029438 -0.00317401  -0.00162063 -0.000823483  -0.00551573 -0.000298009 -6.46913e-06  0.000148092  0.000324571 -0.000761209 -0.000470985 1 0 0 36313
             77.8155  0.179608   30.3641 0.0289871 -0.00119981  0.00029438 -0.00317401  -0.00162063 -0.000823483  -0.00551573 -0.000298009 -6.46913e-06  0.000148092  0.000324571 -0.000761209 -0.000470985 1 0 0 0
             77.8822  0.179608   30.3641 0.0289871 -0.00119989   0.0002947 -0.00317361  -0.00162151 -0.000819654  -0.00551059 -0.000298006  -6.4657e-06  0.000148094  0.000324604 -0.000761248 -0.000471023 1 0 0 15287
             77.8822  0.179608   30.3641 0.0289871 -0.00119989   0.0002947 -0.00317361  -0.00162151 -0.000819654  -0.00551059 -0.000298006  -6.4657e-06  0.000148094  0.000324604 -0.000761248 -0.000471023 1 0 0 0
             77.9489  0.179608   30.3641 0.0289871 -0.00119977 0.000294772 -0.00317419 -0.00161999 -0.00081868 -0.00551802 -0.000298008 -6.46343e-06  0.000148097  0.000324556 -0.000761257 -0.000470968 1 0 0 8898
             77.9489  0.179608   30.3641 0.0289871 -0.00119977 0.000294772 -0.00317419 -0.00161999 -0.00081868 -0.00551802 -0.000298008 -6.46343e-06  0.000148097  0.000324556 -0.000761257 -0.000470968 1 0 0 0
             78.0157  0.179608   30.3641 0.0289871  -0.0012004 0.000294924 -0.00317383   -0.0016282 -0.000817153  -0.00551349 -0.000298007 -6.46147e-06  0.000148096  0.000324645 -0.000761274 -0.000470967 1 0 0 9210
             78.0157  0.179608   30.3641 0.0289871  -0.0012004 0.000294924 -0.00317383   -0.0016282 -0.000817153  -0.00551349 -0.000298007 -6.46147e-06  0.000148096  0.000324645 -0.000761274 -0.000470967 1 0 0 0
             78.2158  0.179608   30.3641 0.0289871 -0.00120053 0.000294311 -0.00317418  -0.00163031 -0.000824652  -0.00551796 -0.000298008  -6.4662e-06  0.000148096  0.000324638   -0.0007612 -0.000470921 1 0 0 20900
             78.2158  0.179608   30.3641 0.0289871 -0.00120053 0.000294311 -0.00317418  -0.00163031 -0.000824652  -0.00551796 -0.000298008  -6.4662e-06  0.000148096  0.000324638   -0.0007612 -0.000470921 1 0 0 0
             78.2825  0.179608   30.3641 0.0289871 -0.00120133 0.000294411 -0.00317425  -0.00164088 -0.000823809  -0.00551897 -0.000298007 -6.46233e-06  0.000148095  0.000324719 -0.000761211 -0.000470864 1 0 0 15351
             78.2825  0.179608   30.3641 0.0289871 -0.00120133 0.000294411 -0.00317425  -0.00164088 -0.000823809  -0.00551897 -0.000298007 -6.46233e-06  0.000148095  0.000324719 -0.000761211 -0.000470864 1 0 0 0
             78.4159  0.179608   30.3641 0.0289871 -0.00120149 0.000294297 -0.00317494  -0.00164317 -0.000825226  -0.00552771 -0.000298005 -6.46511e-06  0.000148093  0.000324694 -0.000761197 -0.000470781 1 0 0 2767
             78.4159  0.179608   30.3641 0.0289871 -0.00120149 0.000294297 -0.00317494  -0.00164317 -0.000825226  -0.00552771 -0.000298005 -6.46511e-06  0.000148093  0.000324694 -0.000761197 -0.000470781 1 0 0 0
             78.4827  0.179608   30.3641 0.0289871 -0.00120117 0.000293908 -0.00317422  -0.00163901 -0.000829845  -0.00551856 -0.000298005 -6.46651e-06  0.000148096  0.000324704  -0.00076115 -0.000470876 1 0 0 15254
             78.4827  0.179608   30.3641 0.0289871 -0.00120117 0.000293908 -0.00317422  -0.00163901 -0.000829845  -0.00551856 -0.000298005 -6.46651e-06  0.000148096  0.000324704  -0.00076115 -0.000470876 1 0 0 0
             78.6161  0.179608   30.3641 0.0289871 -0.00120185 0.000293732 -0.00317411  -0.00164806 -0.000832316  -0.00551717 -0.000298002 -6.46384e-06  0.000148096  0.000324784 -0.000761128 -0.000470846 1 0 0 18237
             78.6161  0.179608   30.3641 0.0289871 -0.00120185 0.000293732 -0.00317411  -0.00164806 -0.000832316  -0.00551717 -0.000298002 -6.46384e-06  0.000148096  0.000324784 -0.000761128 -0.000470846 1 0 0 0
             78.8829  0.179608   30.3641 0.0289871  -0.0012006 0.000294664 -0.00317417  -0.00163108 -0.000820385  -0.00551787 -0.000297998 -6.47582e-06  0.000148095  0.000324646 -0.000761243 -0.000470918 1 0 0 33213
             78.8829  0.179608   30.3641 0.0289871  -0.0012006 0.000294664 -0.00317417  -0.00163108 -0.000820385  -0.00551787 -0.000297998 -6.47582e-06  0.000148095  0.000324646 -0.000761243 -0.000470918 1 0 0 0
             79.0831  0.179608   30.3641 0.0289871 -0.00120023 0.000296392 -0.00317486   -0.0016254 -0.000799153   -0.0055267 -0.000297996 -6.47168e-06  0.000148094  0.000324561 -0.000761452 -0.000470869 1 0 0 36162
             79.0831  0.179608   30.3641 0.0289871 -0.00120023 0.000296392 -0.00317486   -0.0016254 -0.000799153   -0.0055267 -0.000297996 -6.47168e-06  0.000148094  0.000324561 -0.000761452 -0.000470869 1 0 0 0
             79.1498  0.179608   30.3641 0.0289871  -0.0012006 0.000295563 -0.00317511  -0.00163071 -0.000809395  -0.00552988 -0.000297996 -6.47321e-06  0.000148096  0.000324586 -0.000761351 -0.000470819 1 0 0 3316
             79.1498  0.179608   30.3641 0.0289871  -0.0012006 0.000295563 -0.00317511  -0.00163071 -0.000809395  -0.00552988 -0.000297996 -6.47321e-06  0.000148096  0.000324586 -0.000761351 -0.000470819 1 0 0 0
               79.35  0.179608   30.3641 0.0289871 -0.00120051 0.000296462 -0.00317614  -0.00162917 -0.000798352  -0.00554297 -0.000297998 -6.47415e-06  0.000148095  0.000324512 -0.000761459 -0.000470717 1 0 0 8841
               79.35  0.179608   30.3641 0.0289871 -0.00120051 0.000296462 -0.00317614  -0.00162917 -0.000798352  -0.00554297 -0.000297998 -6.47415e-06  0.000148095  0.000324512 -0.000761459 -0.000470717 1 0 0 0
             79.5501  0.179608   30.3641 0.0289871 -0.00120118  0.00029704 -0.00317572  -0.00163778 -0.000791667  -0.00553776 -0.000297998 -6.47797e-06  0.000148095  0.000324609 -0.000761528 -0.000470719 1 0 0 36270
             79.5501  0.179608   30.3641 0.0289871 -0.00120118  0.00029704 -0.00317572  -0.00163778 -0.000791667  -0.00553776 -0.000297998 -6.47797e-06  0.000148095  0.000324609 -0.000761528 -0.000470719 1 0 0 0
             79.7502  0.179608   30.3641 0.0289871 -0.00120105 0.000296909 -0.00317556   -0.0016361 -0.000793209  -0.00553572 -0.000297994  -6.4711e-06  0.000148098  0.000324605 -0.000761513 -0.000470744 1 0 0 27249
             79.7502  0.179608   30.3641 0.0289871 -0.00120105 0.000296909 -0.00317556   -0.0016361 -0.000793209  -0.00553572 -0.000297994  -6.4711e-06  0.000148098  0.000324605 -0.000761513 -0.000470744 1 0 0 0
             80.0838  0.179608   30.3641 0.0289871 -0.00120136 0.000297353 -0.00317563  -0.00164013 -0.000787951  -0.00553662 -0.000297996 -6.47126e-06    0.0001481  0.000324634 -0.000761566 -0.000470717 1 0 0 36202
             80.0838  0.179608   30.3641 0.0289871 -0.00120136 0.000297353 -0.00317563  -0.00164013 -0.000787951  -0.00553662 -0.000297996 -6.47126e-06    0.0001481  0.000324634 -0.000761566 -0.000470717 1 0 0 0
              80.284  0.179608   30.3641 0.0289871 -0.00120194 0.000296906  -0.0031765 -0.00164811  -0.0007936 -0.00554769 -0.000297995 -6.47594e-06  0.000148098  0.000324643 -0.000761511 -0.000470589 1 0 0 33167
              80.284  0.179608   30.3641 0.0289871 -0.00120194 0.000296906  -0.0031765 -0.00164811  -0.0007936 -0.00554769 -0.000297995 -6.47594e-06  0.000148098  0.000324643 -0.000761511 -0.000470589 1 0 0 0
             80.3507  0.179608   30.3641 0.0289871 -0.00120157 0.000296956 -0.00317641  -0.00164322 -0.000792825  -0.00554649 -0.000297994 -6.47597e-06  0.000148099  0.000324609 -0.000761517 -0.000470621 1 0 0 3084
             80.3507  0.179608   30.3641 0.0289871 -0.00120157 0.000296956 -0.00317641  -0.00164322 -0.000792825  -0.00554649 -0.000297994 -6.47597e-06  0.000148099  0.000324609 -0.000761517 -0.000470621 1 0 0 0
             80.5508  0.179608   30.3641 0.0289871 -0.00120093 0.000295138 -0.00317738  -0.00163558 -0.000814574   -0.0055587 -0.000297993 -6.48126e-06    0.0001481  0.000324483 -0.000761299 -0.000470559 1 0 0 26944
             80.5508  0.179608   30.3641 0.0289871 -0.00120093 0.000295138 -0.00317738  -0.00163558 -0.000814574   -0.0055587 -0.000297993 -6.48126e-06    0.0001481  0.000324483 -0.000761299 -0.000470559 1 0 0 0
             80.6175  0.179608   30.3641 0.0289871 -0.00120141 0.000295232 -0.00317736  -0.00164189 -0.000813653  -0.00555851  -0.00029799 -6.48478e-06  0.000148101  0.000324535 -0.000761309 -0.000470531 1 0 0 9355
             80.6175  0.179608   30.3641 0.0289871 -0.00120141 0.000295232 -0.00317736  -0.00164189 -0.000813653  -0.00555851  -0.00029799 -6.48478e-06  0.000148101  0.000324535 -0.000761309 -0.000470531 1 0 0 0
              80.751  0.179608   30.3641 0.0289871 -0.00120201 0.000295392 -0.00317822  -0.00164999 -0.000811942  -0.00556949 -0.000297989 -6.48294e-06  0.000148101  0.000324546 -0.000761327 -0.000470402 1 0 0 8893
              80.751  0.179608   30.3641 0.0289871 -0.00120201 0.000295392 -0.00317822  -0.00164999 -0.000811942  -0.00556949 -0.000297989 -6.48294e-06  0.000148101  0.000324546 -0.000761327 -0.000470402 1 0 0 0
             80.9511  0.179608   30.3641 0.0289871 -0.00120211 0.000295055 -0.00317912  -0.00165159 -0.000816024  -0.00558098  -0.00029799 -6.48588e-06  0.000148101  0.000324502 -0.000761286   -0.0004703 1 0 0 36258
             80.9511  0.179608   30.3641 0.0289871 -0.00120211 0.000295055 -0.00317912  -0.00165159 -0.000816024  -0.00558098  -0.00029799 -6.48588e-06  0.000148101  0.000324502 -0.000761286   -0.0004703 1 0 0 0
             81.0178  0.179608   30.3641 0.0289871 -0.00120246 0.000295108 -0.00317835  -0.00165618 -0.000815599  -0.00557122 -0.000297985 -6.48253e-06  0.000148103  0.000324587 -0.000761292 -0.000470359 1 0 0 12313
             81.0178  0.179608   30.3641 0.0289871 -0.00120246 0.000295108 -0.00317835  -0.00165618 -0.000815599  -0.00557122 -0.000297985 -6.48253e-06  0.000148103  0.000324587 -0.000761292 -0.000470359 1 0 0 0
             81.0845  0.179608   30.3641 0.0289871 -0.00120227 0.000296643 -0.00317891  -0.00165301 -0.000796809  -0.00557839 -0.000297985 -6.48274e-06  0.000148099  0.000324531 -0.000761478 -0.000470312 1 0 0 14781
             81.0845  0.179608   30.3641 0.0289871 -0.00120227 0.000296643 -0.00317891  -0.00165301 -0.000796809  -0.00557839 -0.000297985 -6.48274e-06  0.000148099  0.000324531 -0.000761478 -0.000470312 1 0 0 0
              81.218  0.179608   30.3641 0.0289871 -0.00120247 0.000295431 -0.00317918  -0.00165616 -0.000811617  -0.00558177 -0.000297983 -6.48383e-06    0.0001481  0.000324536 -0.000761331 -0.000470271 1 0 0 3300
              81.218  0.179608   30.3641 0.0289871 -0.00120247 0.000295431 -0.00317918  -0.00165616 -0.000811617  -0.00558177 -0.000297983 -6.48383e-06    0.0001481  0.000324536 -0.000761331 -0.000470271 1 0 0 0
             81.4848  0.179608   30.3641 0.0289871 -0.00120267 0.000295549 -0.00317954  -0.00165893 -0.000810261  -0.00558632 -0.000297984 -6.48077e-06  0.000148099  0.000324536 -0.000761345 -0.000470221 1 0 0 32847
             81.4848  0.179608   30.3641 0.0289871 -0.00120267 0.000295549 -0.00317954  -0.00165893 -0.000810261  -0.00558632 -0.000297984 -6.48077e-06  0.000148099  0.000324536 -0.000761345 -0.000470221 1 0 0 0
             81.6183  0.179608   30.3641 0.0289871 -0.00120361 0.000294421 -0.00317997  -0.00167196 -0.000824395  -0.00559186 -0.000297983 -6.48644e-06  0.000148099  0.000324611 -0.000761207 -0.000470116 1 0 0 21533
             81.6183  0.179608   30.3641 0.0289871 -0.00120361 0.000294421 -0.00317997  -0.00167196 -0.000824395  -0.00559186 -0.000297983 -6.48644e-06  0.000148099  0.000324611 -0.000761207 -0.000470116 1 0 0 0
              81.685  0.179608   30.3641 0.0289871 -0.00120439 0.000294026 -0.00318116   -0.0016827 -0.000829483  -0.00560715 -0.000297984 -6.49054e-06    0.0001481  0.000324621 -0.000761158  -0.00046994 1 0 0 14773
              81.685  0.179608   30.3641 0.0289871 -0.00120439 0.000294026 -0.00318116   -0.0016827 -0.000829483  -0.00560715 -0.000297984 -6.49054e-06    0.0001481  0.000324621 -0.000761158  -0.00046994 1 0 0 0
             81.8184  0.179608   30.3641 0.0289871 -0.00120348  0.00029349 -0.00318101  -0.00167088 -0.000835584  -0.00560507 -0.000297984 -6.49026e-06  0.000148102  0.000324535 -0.000761095 -0.000470013 1 0 0 3324
             81.8184  0.179608   30.3641 0.0289871 -0.00120348  0.00029349 -0.00318101  -0.00167088 -0.000835584  -0.00560507 -0.000297984 -6.49026e-06  0.000148102  0.000324535 -0.000761095 -0.000470013 1 0 0 0
             81.8851  0.179608   30.3641 0.0289871 -0.00120358 0.000292883  -0.0031819  -0.00167254 -0.000842954  -0.00561636 -0.000297984 -6.49275e-06  0.000148102  0.000324491 -0.000761021 -0.000469913 1 0 0 14928
             81.8851  0.179608   30.3641 0.0289871 -0.00120358 0.000292883  -0.0031819  -0.00167254 -0.000842954  -0.00561636 -0.000297984 -6.49275e-06  0.000148102  0.000324491 -0.000761021 -0.000469913 1 0 0 0
              82.152  0.179608   30.3641 0.0289871 -0.00120354 0.000292481 -0.00318206  -0.00167224 -0.000847819  -0.00561829 -0.000297983 -6.48989e-06    0.0001481  0.000324478 -0.000760973 -0.000469899 1 0 0 27367
              82.152  0.179608   30.3641 0.0289871 -0.00120354 0.000292481 -0.00318206  -0.00167224 -0.000847819  -0.00561829 -0.000297983 -6.48989e-06    0.0001481  0.000324478 -0.000760973 -0.000469899 1 0 0 0
             82.2854  0.179608   30.3641 0.0289871  -0.0012026 0.000291262  -0.0031826  -0.00166039 -0.000862174  -0.00562501 -0.000297983 -6.49591e-06  0.000148099  0.000324346 -0.000760827   -0.0004699 1 0 0 24402
             82.2854  0.179608   30.3641 0.0289871  -0.0012026 0.000291262  -0.0031826  -0.00166039 -0.000862174  -0.00562501 -0.000297983 -6.49591e-06  0.000148099  0.000324346 -0.000760827   -0.0004699 1 0 0 0
             82.4189  0.179608   30.3641 0.0289871 -0.00120314 0.000291484 -0.00318248  -0.00166737 -0.000859728  -0.00562351 -0.000297981 -6.49676e-06  0.000148099   0.00032441 -0.000760853  -0.00046988 1 0 0 6063
             82.4189  0.179608   30.3641 0.0289871 -0.00120314 0.000291484 -0.00318248  -0.00166737 -0.000859728  -0.00562351 -0.000297981 -6.49676e-06  0.000148099   0.00032441 -0.000760853  -0.00046988 1 0 0 0
             82.4856  0.179608   30.3641 0.0289871 -0.00120321 0.000291393 -0.00318328  -0.00166854 -0.000860821  -0.00563372  -0.00029798 -6.49452e-06    0.0001481  0.000324369 -0.000760841  -0.00046979 1 0 0 14718
             82.4856  0.179608   30.3641 0.0289871 -0.00120321 0.000291393 -0.00318328  -0.00166854 -0.000860821  -0.00563372  -0.00029798 -6.49452e-06    0.0001481  0.000324369 -0.000760841  -0.00046979 1 0 0 0
             82.7524  0.179608   30.3641 0.0289871 -0.00120311 0.000291853 -0.00318295   -0.0016669 -0.000855194  -0.00562961 -0.000297977 -6.49217e-06  0.000148099  0.000324377 -0.000760897 -0.000469831 1 0 0 27349
             82.7524  0.179608   30.3641 0.0289871 -0.00120311 0.000291853 -0.00318295   -0.0016669 -0.000855194  -0.00562961 -0.000297977 -6.49217e-06  0.000148099  0.000324377 -0.000760897 -0.000469831 1 0 0 0
             82.8859  0.179608   30.3641 0.0289871  -0.0012034 0.000292142 -0.00318406 -0.00167074 -0.00085175  -0.0056437 -0.000297974 -6.48899e-06  0.000148099   0.00032434 -0.000760931 -0.000469696 1 0 0 24410
             82.8859  0.179608   30.3641 0.0289871  -0.0012034 0.000292142 -0.00318406 -0.00167074 -0.00085175  -0.0056437 -0.000297974 -6.48899e-06  0.000148099   0.00032434 -0.000760931 -0.000469696 1 0 0 0
              83.086  0.179608   30.3641 0.0289871 -0.00120373 0.000291792 -0.00318498   -0.0016755 -0.000856098  -0.00565544 -0.000297976 -6.48882e-06  0.000148101  0.000324319 -0.000760888 -0.000469578 1 0 0 18000
              83.086  0.179608   30.3641 0.0289871 -0.00120373 0.000291792 -0.00318498   -0.0016755 -0.000856098  -0.00565544 -0.000297976 -6.48882e-06  0.000148101  0.000324319 -0.000760888 -0.000469578 1 0 0 0
             83.1527  0.179608   30.3641 0.0289871 -0.00120349 0.000291736 -0.00318403  -0.00167218 -0.000856731  -0.00564332 -0.000297974 -6.48407e-06  0.000148102  0.000324352 -0.000760882 -0.000469693 1 0 0 11746
             83.1527  0.179608   30.3641 0.0289871 -0.00120349 0.000291736 -0.00318403  -0.00167218 -0.000856731  -0.00564332 -0.000297974 -6.48407e-06  0.000148102  0.000324352 -0.000760882 -0.000469693 1 0 0 0
             83.3529  0.179608   30.3641 0.0289871 -0.00120267 0.000292148 -0.00318424  -0.00166109 -0.000851324  -0.00564582 -0.000297975  -6.4832e-06  0.000148102  0.000324251 -0.000760933 -0.000469724 1 0 0 8862
             83.3529  0.179608   30.3641 0.0289871 -0.00120267 0.000292148 -0.00318424  -0.00166109 -0.000851324  -0.00564582 -0.000297975  -6.4832e-06  0.000148102  0.000324251 -0.000760933 -0.000469724 1 0 0 0
             83.4196  0.179608   30.3641 0.0289871 -0.00120221 0.000292286 -0.00318396  -0.00165484 -0.000849443  -0.00564227 -0.000297975 -6.48427e-06  0.000148102  0.000324219 -0.000760951 -0.000469782 1 0 0 3542
             83.4196  0.179608   30.3641 0.0289871 -0.00120221 0.000292286 -0.00318396  -0.00165484 -0.000849443  -0.00564227 -0.000297975 -6.48427e-06  0.000148102  0.000324219 -0.000760951 -0.000469782 1 0 0 0
             83.6197  0.179608   30.3641 0.0289871 -0.00120303 0.000292718  -0.0031851  -0.00166573 -0.000844498  -0.00565694 -0.000297971 -6.48374e-06  0.000148102  0.000324236 -0.000761001 -0.000469609 1 0 0 32706
             83.6197  0.179608   30.3641 0.0289871 -0.00120303 0.000292718  -0.0031851  -0.00166573 -0.000844498  -0.00565694 -0.000297971 -6.48374e-06  0.000148102  0.000324236 -0.000761001 -0.000469609 1 0 0 0
             83.8199  0.179608   30.3641 0.0289871 -0.00120301 0.000292747 -0.00318522  -0.00166542 -0.000844134  -0.00565837 -0.00029797 -6.4856e-06 0.000148103  0.000324226 -0.000761005 -0.000469599 1 0 0 21576
             83.8199  0.179608   30.3641 0.0289871 -0.00120301 0.000292747 -0.00318522  -0.00166542 -0.000844134  -0.00565837 -0.00029797 -6.4856e-06 0.000148103  0.000324226 -0.000761005 -0.000469599 1 0 0 0
             83.8866  0.179608   30.3641 0.0289871 -0.00120253 0.000294007 -0.00318576  -0.00165854 -0.000828546   -0.0056652 -0.000297968  -6.4823e-06  0.000148102  0.000324141 -0.000761158 -0.000469573 1 0 0 14628
             83.8866  0.179608   30.3641 0.0289871 -0.00120253 0.000294007 -0.00318576  -0.00165854 -0.000828546   -0.0056652 -0.000297968  -6.4823e-06  0.000148102  0.000324141 -0.000761158 -0.000469573 1 0 0 0
             84.0867  0.179608   30.3641 0.0289871 -0.00120291 0.000293867 -0.00318611  -0.00166376 -0.000830404  -0.00566973  -0.00029797 -6.48124e-06  0.000148099   0.00032416  -0.00076114 -0.000469511 1 0 0 33514
             84.0867  0.179608   30.3641 0.0289871 -0.00120291 0.000293867 -0.00318611  -0.00166376 -0.000830404  -0.00566973  -0.00029797 -6.48124e-06  0.000148099   0.00032416  -0.00076114 -0.000469511 1 0 0 0
             84.1535  0.179608   30.3641 0.0289871 -0.00120317 0.000294458  -0.0031863  -0.00166694 -0.000823323  -0.00567222 -0.000297971 -6.48224e-06    0.0001481  0.000324175 -0.000761211 -0.000469475 1 0 0 2665
             84.1535  0.179608   30.3641 0.0289871 -0.00120317 0.000294458  -0.0031863  -0.00166694 -0.000823323  -0.00567222 -0.000297971 -6.48224e-06    0.0001481  0.000324175 -0.000761211 -0.000469475 1 0 0 0
              84.487  0.179608   30.3641 0.0289871  -0.0012033 0.000293757 -0.00318645  -0.00166905 -0.000831902  -0.00567412 -0.000297968 -6.48574e-06  0.000148099  0.000324181 -0.000761126  -0.00046945 1 0 0 36245
              84.487  0.179608   30.3641 0.0289871  -0.0012033 0.000293757 -0.00318645  -0.00166905 -0.000831902  -0.00567412 -0.000297968 -6.48574e-06  0.000148099  0.000324181 -0.000761126  -0.00046945 1 0 0 0
             84.5537  0.179608   30.3641 0.0289871 -0.00120353 0.000293863 -0.00318534 -0.00167186 -0.00083079 -0.00566005 -0.000297965  -6.4812e-06  0.000148098  0.000324273 -0.000761139 -0.000469553 1 0 0 9739
             84.5537  0.179608   30.3641 0.0289871 -0.00120353 0.000293863 -0.00318534 -0.00167186 -0.00083079 -0.00566005 -0.000297965  -6.4812e-06  0.000148098  0.000324273 -0.000761139 -0.000469553 1 0 0 0
             84.6872  0.179608   30.3641 0.0289871 -0.00120409 0.000293417 -0.00318651 -0.00167963 -0.00083641 -0.00567496 -0.000297965 -6.48694e-06  0.000148095  0.000324261 -0.000761084 -0.000469395 1 0 0 23801
             84.6872  0.179608   30.3641 0.0289871 -0.00120409 0.000293417 -0.00318651 -0.00167963 -0.00083641 -0.00567496 -0.000297965 -6.48694e-06  0.000148095  0.000324261 -0.000761084 -0.000469395 1 0 0 0
             84.7539  0.179608   30.3641 0.0289871 -0.00120299 0.000294055 -0.00318591  -0.00166469 -0.000828173  -0.00566727 -0.000297965 -6.48521e-06  0.000148095   0.00032418 -0.000761163 -0.000469527 1 0 0 2529
             84.7539  0.179608   30.3641 0.0289871 -0.00120299 0.000294055 -0.00318591  -0.00166469 -0.000828173  -0.00566727 -0.000297965 -6.48521e-06  0.000148095   0.00032418 -0.000761163 -0.000469527 1 0 0 0
             85.0208  0.179608   30.3641 0.0289871 -0.00120299 0.000295016 -0.00318609  -0.00166424 -0.000816475  -0.00566957 -0.000297963 -6.48581e-06  0.000148094  0.000324168 -0.000761279 -0.000469508 1 0 0 18001
             85.0208  0.179608   30.3641 0.0289871 -0.00120299 0.000295016 -0.00318609  -0.00166424 -0.000816475  -0.00566957 -0.000297963 -6.48581e-06  0.000148094  0.000324168 -0.000761279 -0.000469508 1 0 0 0
             85.2876  0.179608   30.3641 0.0289871  -0.0012027 0.000295301 -0.00318624  -0.00166028 -0.000812857  -0.00567148 -0.000297961 -6.48373e-06  0.000148096  0.000324127 -0.000761314 -0.000469511 1 0 0 18040
             85.2876  0.179608   30.3641 0.0289871  -0.0012027 0.000295301 -0.00318624  -0.00166028 -0.000812857  -0.00567148 -0.000297961 -6.48373e-06  0.000148096  0.000324127 -0.000761314 -0.000469511 1 0 0 0
             85.4878  0.179608   30.3641 0.0289871 -0.00120225 0.000295544 -0.00318624  -0.00165409 -0.000809684  -0.00567134 -0.000297962 -6.48548e-06  0.000148098  0.000324079 -0.000761344  -0.00046954 1 0 0 15656
             85.4878  0.179608   30.3641 0.0289871 -0.00120225 0.000295544 -0.00318624  -0.00165409 -0.000809684  -0.00567134 -0.000297962 -6.48548e-06  0.000148098  0.000324079 -0.000761344  -0.00046954 1 0 0 0
             85.5545  0.179608   30.3641 0.0289871 -0.00120247 0.000296238 -0.00318612  -0.00165671 -0.000801355  -0.00566987 -0.000297961 -6.48538e-06  0.000148098  0.000324109 -0.000761427 -0.000469539 1 0 0 12405
             85.5545  0.179608   30.3641 0.0289871 -0.00120247 0.000296238 -0.00318612  -0.00165671 -0.000801355  -0.00566987 -0.000297961 -6.48538e-06  0.000148098  0.000324109 -0.000761427 -0.000469539 1 0 0 0
             85.8213  0.179608   30.3641 0.0289871  -0.0012026 0.000296233 -0.00318631  -0.00165842 -0.000801465  -0.00567234 -0.000297961 -6.47994e-06  0.000148098  0.000324111 -0.000761426 -0.000469511 1 0 0 26310
             85.8213  0.179608   30.3641 0.0289871  -0.0012026 0.000296233 -0.00318631  -0.00165842 -0.000801465  -0.00567234 -0.000297961 -6.47994e-06  0.000148098  0.000324111 -0.000761426 -0.000469511 1 0 0 0
             86.2216  0.179608   30.3641 0.0289871 -0.00119889 0.000298266 -0.00318644  -0.00160816 -0.000774983  -0.00567357 -0.000297958 -6.48164e-06  0.000148103  0.000323705 -0.000761677 -0.000469731 1 0 0 22134
             86.2216  0.179608   30.3641 0.0289871 -0.00119889 0.000298266 -0.00318644  -0.00160816 -0.000774983  -0.00567357 -0.000297958 -6.48164e-06  0.000148103  0.000323705 -0.000761677 -0.000469731 1 0 0 0
             86.2883  0.179608   30.3641 0.0289871 -0.00119924  0.00029871 -0.00318648  -0.00161261 -0.000769737  -0.00567414 -0.000297956 -6.48176e-06  0.000148101  0.000323739 -0.000761731 -0.000469705 1 0 0 14148
             86.2883  0.179608   30.3641 0.0289871 -0.00119924  0.00029871 -0.00318648  -0.00161261 -0.000769737  -0.00567414 -0.000297956 -6.48176e-06  0.000148101  0.000323739 -0.000761731 -0.000469705 1 0 0 0
             86.4218  0.179608   30.3641 0.0289871 -0.00119893 0.000298078 -0.00318664   -0.0016088 -0.000777269  -0.00567616 -0.000297954 -6.48368e-06  0.000148102  0.000323697 -0.000761655 -0.000469707 1 0 0 18054
             86.4218  0.179608   30.3641 0.0289871 -0.00119893 0.000298078 -0.00318664   -0.0016088 -0.000777269  -0.00567616 -0.000297954 -6.48368e-06  0.000148102  0.000323697 -0.000761655 -0.000469707 1 0 0 0
             86.6886  0.179608   30.3641 0.0289871 -0.00119816 0.000300041 -0.00318611  -0.00159744 -0.000753057  -0.00566937 -0.000297952 -6.48513e-06  0.000148102  0.000323644 -0.000761893 -0.000469813 1 0 0 15760
             86.6886  0.179608   30.3641 0.0289871 -0.00119816 0.000300041 -0.00318611  -0.00159744 -0.000753057  -0.00566937 -0.000297952 -6.48513e-06  0.000148102  0.000323644 -0.000761893 -0.000469813 1 0 0 0
             86.7554  0.179608   30.3641 0.0289871 -0.00119727 0.000300546 -0.00318626  -0.00158541 -0.000746486  -0.00567121 -0.000297951 -6.48775e-06  0.000148102  0.000323539 -0.000761955 -0.000469853 1 0 0 12517
             86.7554  0.179608   30.3641 0.0289871 -0.00119727 0.000300546 -0.00318626  -0.00158541 -0.000746486  -0.00567121 -0.000297951 -6.48775e-06  0.000148102  0.000323539 -0.000761955 -0.000469853 1 0 0 0
             87.0222  0.179608   30.3641 0.0289871 -0.00119742 0.000300591  -0.0031875  -0.00158753 -0.000745939  -0.00568697 -0.000297945 -6.48508e-06    0.0001481  0.000323479  -0.00076196 -0.000469713 1 0 0 30283
             87.0222  0.179608   30.3641 0.0289871 -0.00119742 0.000300591  -0.0031875  -0.00158753 -0.000745939  -0.00568697 -0.000297945 -6.48508e-06    0.0001481  0.000323479  -0.00076196 -0.000469713 1 0 0 0
             87.0889  0.179608   30.3641 0.0289871 -0.00119765 0.000299656 -0.00318743  -0.00159103 -0.000757426  -0.00568606 -0.000297944  -6.4893e-06    0.0001481  0.000323509 -0.000761847 -0.000469706 1 0 0 14011
             87.0889  0.179608   30.3641 0.0289871 -0.00119765 0.000299656 -0.00318743  -0.00159103 -0.000757426  -0.00568606 -0.000297944  -6.4893e-06    0.0001481  0.000323509 -0.000761847 -0.000469706 1 0 0 0
             87.2224  0.179608   30.3641 0.0289871 -0.00119713 0.000299531 -0.00318746   -0.0015842 -0.000758699  -0.00568643 -0.000297945 -6.48746e-06  0.000148099  0.000323452 -0.000761833 -0.000469735 1 0 0 4101
             87.2224  0.179608   30.3641 0.0289871 -0.00119713 0.000299531 -0.00318746   -0.0015842 -0.000758699  -0.00568643 -0.000297945 -6.48746e-06  0.000148099  0.000323452 -0.000761833 -0.000469735 1 0 0 0
             87.2891  0.179608   30.3641 0.0289871 -0.00119754 0.000299081 -0.00318755  -0.00158986 -0.000764348  -0.00568755 -0.000297944 -6.48525e-06  0.000148101  0.000323491 -0.000761778   -0.0004697 1 0 0 13968
             87.2891  0.179608   30.3641 0.0289871 -0.00119754 0.000299081 -0.00318755  -0.00158986 -0.000764348  -0.00568755 -0.000297944 -6.48525e-06  0.000148101  0.000323491 -0.000761778   -0.0004697 1 0 0 0
             87.5559  0.179608   30.3641 0.0289871 -0.00119746 0.000299957 -0.00318746  -0.00158831 -0.000753661  -0.00568649 -0.000297943 -6.48653e-06  0.000148101  0.000323486 -0.000761884 -0.000469714 1 0 0 18002
             87.5559  0.179608   30.3641 0.0289871 -0.00119746 0.000299957 -0.00318746  -0.00158831 -0.000753661  -0.00568649 -0.000297943 -6.48653e-06  0.000148101  0.000323486 -0.000761884 -0.000469714 1 0 0 0
             87.7561  0.179608   30.3641 0.0289871 -0.00119831 0.000300659 -0.00318821  -0.00159947 -0.000745478  -0.00569606 -0.000297937 -6.48874e-06  0.000148097  0.000323531 -0.000761967 -0.000469582 1 0 0 28361
             87.7561  0.179608   30.3641 0.0289871 -0.00119831 0.000300659 -0.00318821  -0.00159947 -0.000745478  -0.00569606 -0.000297937 -6.48874e-06  0.000148097  0.000323531 -0.000761967 -0.000469582 1 0 0 0
             87.8895  0.179608   30.3641 0.0289871 -0.00119711 0.000299176  -0.0031873  -0.00158406 -0.000763005  -0.00568431 -0.000297935 -6.48963e-06  0.000148099   0.00032346  -0.00076179 -0.000469753 1 0 0 24281
             87.8895  0.179608   30.3641 0.0289871 -0.00119711 0.000299176  -0.0031873  -0.00158406 -0.000763005  -0.00568431 -0.000297935 -6.48963e-06  0.000148099   0.00032346  -0.00076179 -0.000469753 1 0 0 0
             87.9562  0.179608   30.3641 0.0289871 -0.00119718 0.000299491 -0.00318757  -0.00158483 -0.000759196  -0.00568783 -0.000297936 -6.49004e-06  0.000148098   0.00032345 -0.000761828  -0.00046972 1 0 0 1637
             87.9562  0.179608   30.3641 0.0289871 -0.00119718 0.000299491 -0.00318757  -0.00158483 -0.000759196  -0.00568783 -0.000297936 -6.49004e-06  0.000148098   0.00032345 -0.000761828  -0.00046972 1 0 0 0
             88.1564  0.179608   30.3641 0.0289871 -0.00119713 0.000299599 -0.00318781  -0.00158413 -0.000757845  -0.00569078 -0.000297936 -6.49068e-06  0.000148098   0.00032343 -0.000761841 -0.000469699 1 0 0 18065
             88.1564  0.179608   30.3641 0.0289871 -0.00119713 0.000299599 -0.00318781  -0.00158413 -0.000757845  -0.00569078 -0.000297936 -6.49068e-06  0.000148098   0.00032343 -0.000761841 -0.000469699 1 0 0 0
             88.2231  0.179608   30.3641 0.0289871 -0.00119749 0.000299204  -0.0031886  -0.00158921 -0.000762765   -0.0057009 -0.000297938 -6.49461e-06  0.000148099   0.00032342 -0.000761792 -0.000469592 1 0 0 3996
             88.2231  0.179608   30.3641 0.0289871 -0.00119749 0.000299204  -0.0031886  -0.00158921 -0.000762765   -0.0057009 -0.000297938 -6.49461e-06  0.000148099   0.00032342 -0.000761792 -0.000469592 1 0 0 0
             88.5567  0.179608   30.3641 0.0289871 -0.00119787 0.000300335 -0.00318708  -0.00159357 -0.000749285   -0.0056817 -0.000297935 -6.48965e-06  0.000148098  0.000323553 -0.000761929 -0.000469729 1 0 0 42369
             88.5567  0.179608   30.3641 0.0289871 -0.00119787 0.000300335 -0.00318708  -0.00159357 -0.000749285   -0.0056817 -0.000297935 -6.48965e-06  0.000148098  0.000323553 -0.000761929 -0.000469729 1 0 0 0
             88.6901  0.179608   30.3641 0.0289871 -0.00119942 0.000300556 -0.00318745  -0.00161414 -0.000747311  -0.00568664 -0.000297933 -6.48753e-06  0.000148098  0.000323695 -0.000761953 -0.000469592 1 0 0 24367
             88.6901  0.179608   30.3641 0.0289871 -0.00119942 0.000300556 -0.00318745  -0.00161414 -0.000747311  -0.00568664 -0.000297933 -6.48753e-06  0.000148098  0.000323695 -0.000761953 -0.000469592 1 0 0 0
             88.8235  0.179608   30.3641 0.0289871 -0.00119938 0.000299988 -0.00318797  -0.00161402 -0.000754163  -0.00569312 -0.000297934 -6.48827e-06  0.000148098  0.000323661 -0.000761884  -0.00046954 1 0 0 5664
             88.8235  0.179608   30.3641 0.0289871 -0.00119938 0.000299988 -0.00318797  -0.00161402 -0.000754163  -0.00569312 -0.000297934 -6.48827e-06  0.000148098  0.000323661 -0.000761884  -0.00046954 1 0 0 0
             88.8902  0.179608   30.3641 0.0289871 -0.00119952 0.000300032 -0.00318714  -0.00161578 -0.000753752  -0.00568271 -0.000297933 -6.48782e-06    0.0001481  0.000323726  -0.00076189 -0.000469618 1 0 0 14283
             88.8902  0.179608   30.3641 0.0289871 -0.00119952 0.000300032 -0.00318714  -0.00161578 -0.000753752  -0.00568271 -0.000297933 -6.48782e-06    0.0001481  0.000323726  -0.00076189 -0.000469618 1 0 0 0
             89.0237  0.179608   30.3641 0.0289871 -0.00120005 0.000300124 -0.00318706   -0.0016228 -0.000752882  -0.00568178  -0.00029793 -6.48571e-06    0.0001481  0.000323788   -0.0007619 -0.000469593 1 0 0 18033
             89.0237  0.179608   30.3641 0.0289871 -0.00120005 0.000300124 -0.00318706   -0.0016228 -0.000752882  -0.00568178  -0.00029793 -6.48571e-06    0.0001481  0.000323788   -0.0007619 -0.000469593 1 0 0 0
             89.1571  0.179608   30.3641 0.0289871 -0.00119983 0.000300459 -0.00318712 -0.00161969 -0.00074871 -0.00568245 -0.000297931 -6.48459e-06  0.000148099   0.00032376 -0.000761941 -0.000469601 1 0 0 10163
             89.1571  0.179608   30.3641 0.0289871 -0.00119983 0.000300459 -0.00318712 -0.00161969 -0.00074871 -0.00568245 -0.000297931 -6.48459e-06  0.000148099   0.00032376 -0.000761941 -0.000469601 1 0 0 0
              89.424  0.179608   30.3641 0.0289871 -0.00120012 0.000299654 -0.00318782  -0.00162406 -0.000758593  -0.00569141 -0.000297932 -6.48816e-06    0.0001481  0.000323749 -0.000761843 -0.000469508 1 0 0 29896
              89.424  0.179608   30.3641 0.0289871 -0.00120012 0.000299654 -0.00318782  -0.00162406 -0.000758593  -0.00569141 -0.000297932 -6.48816e-06    0.0001481  0.000323749 -0.000761843 -0.000469508 1 0 0 0
             89.5574  0.179608   30.3641 0.0289871  -0.0012003 0.000298908 -0.00318775  -0.00162669 -0.000767742  -0.00569042  -0.00029793 -6.49095e-06  0.000148098  0.000323773 -0.000761753 -0.000469505 1 0 0 24384
             89.5574  0.179608   30.3641 0.0289871  -0.0012003 0.000298908 -0.00318775  -0.00162669 -0.000767742  -0.00569042  -0.00029793 -6.49095e-06  0.000148098  0.000323773 -0.000761753 -0.000469505 1 0 0 0
              89.891  0.179608   30.3641 0.0289871 -0.00119981 0.000299691 -0.00318749   -0.0016198 -0.000758011   -0.0056871 -0.000297929 -6.48882e-06  0.000148097  0.000323736 -0.000761848 -0.000469563 1 0 0 42318
              89.891  0.179608   30.3641 0.0289871 -0.00119981 0.000299691 -0.00318749   -0.0016198 -0.000758011   -0.0056871 -0.000297929 -6.48882e-06  0.000148097  0.000323736 -0.000761848 -0.000469563 1 0 0 0
             90.0911  0.179608   30.3641 0.0289871 -0.00120007  0.00029886 -0.00318752  -0.00162366 -0.000768236  -0.00568752 -0.000297928 -6.48979e-06  0.000148098  0.000323763 -0.000761747 -0.000469543 1 0 0 1840
             90.0911  0.179608   30.3641 0.0289871 -0.00120007  0.00029886 -0.00318752  -0.00162366 -0.000768236  -0.00568752 -0.000297928 -6.48979e-06  0.000148098  0.000323763 -0.000761747 -0.000469543 1 0 0 0
             90.2913  0.179608   30.3641 0.0289871 -0.00119951 0.000297906 -0.00318844  -0.00161673 -0.000779518  -0.00569911 -0.000297929 -6.49666e-06  0.000148098  0.000323647 -0.000761633 -0.000469481 1 0 0 34526
             90.2913  0.179608   30.3641 0.0289871 -0.00119951 0.000297906 -0.00318844  -0.00161673 -0.000779518  -0.00569911 -0.000297929 -6.49666e-06  0.000148098  0.000323647 -0.000761633 -0.000469481 1 0 0 0
             90.4914  0.179608   30.3641 0.0289871 -0.00119954 0.000297665 -0.00318818  -0.00161722 -0.000782476  -0.00569574 -0.000297926 -6.49382e-06    0.0001481  0.000323667 -0.000761604 -0.000469507 1 0 0 18093
             90.4914  0.179608   30.3641 0.0289871 -0.00119954 0.000297665 -0.00318818  -0.00161722 -0.000782476  -0.00569574 -0.000297926 -6.49382e-06    0.0001481  0.000323667 -0.000761604 -0.000469507 1 0 0 0
             90.6248  0.179608   30.3641 0.0289871 -0.00119957 0.000296799 -0.00318901  -0.00161811 -0.000792968  -0.00570626 -0.000297924 -6.49966e-06  0.000148099   0.00032362 -0.000761499 -0.000469417 1 0 0 19822
             90.6248  0.179608   30.3641 0.0289871 -0.00119957 0.000296799 -0.00318901  -0.00161811 -0.000792968  -0.00570626 -0.000297924 -6.49966e-06  0.000148099   0.00032362 -0.000761499 -0.000469417 1 0 0 0
             90.8917  0.179608   30.3641 0.0289871 -0.00119966  0.00029753 -0.00318852  -0.00161903 -0.000784153  -0.00570012 -0.000297923 -6.49569e-06  0.000148098   0.00032366 -0.000761587 -0.000469462 1 0 0 34634
             90.8917  0.179608   30.3641 0.0289871 -0.00119966  0.00029753 -0.00318852  -0.00161903 -0.000784153  -0.00570012 -0.000297923 -6.49569e-06  0.000148098   0.00032366 -0.000761587 -0.000469462 1 0 0 0
             91.1586  0.179608   30.3641 0.0289871 -0.00120002 0.000298293 -0.00318929  -0.00162346 -0.000774992  -0.00570992 -0.000297925 -6.50332e-06  0.000148099   0.00032365 -0.000761678 -0.000469359 1 0 0 37868
             91.1586  0.179608   30.3641 0.0289871 -0.00120002 0.000298293 -0.00318929  -0.00162346 -0.000774992  -0.00570992 -0.000297925 -6.50332e-06  0.000148099   0.00032365 -0.000761678 -0.000469359 1 0 0 0
             91.2253  0.179608   30.3641 0.0289871 -0.00120026 0.000297264 -0.00318947  -0.00162721 -0.000787619  -0.00571218 -0.000297925 -6.50354e-06  0.000148101  0.000323666 -0.000761554 -0.000469325 1 0 0 4415
             91.2253  0.179608   30.3641 0.0289871 -0.00120026 0.000297264 -0.00318947  -0.00162721 -0.000787619  -0.00571218 -0.000297925 -6.50354e-06  0.000148101  0.000323666 -0.000761554 -0.000469325 1 0 0 0
             91.5589  0.179608   30.3641 0.0289871 -0.00120076 0.000297929 -0.00318954  -0.00163358 -0.000779756   -0.0057132 -0.000297925 -6.50686e-06  0.000148097  0.000323714 -0.000761633 -0.000469286 1 0 0 31914
             91.5589  0.179608   30.3641 0.0289871 -0.00120076 0.000297929 -0.00318954  -0.00163358 -0.000779756   -0.0057132 -0.000297925 -6.50686e-06  0.000148097  0.000323714 -0.000761633 -0.000469286 1 0 0 0
             91.6256  0.179608   30.3641 0.0289871 -0.00120103 0.000297263 -0.00318985  -0.00163749 -0.000787967  -0.00571715 -0.000297924 -6.50731e-06  0.000148099  0.000323724 -0.000761552 -0.000469236 1 0 0 4753
             91.6256  0.179608   30.3641 0.0289871 -0.00120103 0.000297263 -0.00318985  -0.00163749 -0.000787967  -0.00571715 -0.000297924 -6.50731e-06  0.000148099  0.000323724 -0.000761552 -0.000469236 1 0 0 0
              91.759  0.179608   30.3641 0.0289871 -0.00120185 0.000296954 -0.00319035  -0.00164863 -0.000792078  -0.00572361 -0.000297924 -6.50825e-06  0.000148097  0.000323782 -0.000761514 -0.000469131 1 0 0 23760
              91.759  0.179608   30.3641 0.0289871 -0.00120185 0.000296954 -0.00319035  -0.00164863 -0.000792078  -0.00572361 -0.000297924 -6.50825e-06  0.000148097  0.000323782 -0.000761514 -0.000469131 1 0 0 0
             91.8257  0.179608   30.3641 0.0289871 -0.00120217  0.00029754 -0.00319007   -0.0016526 -0.000785126  -0.00572007 -0.000297923  -6.5077e-06  0.000148095  0.000323833 -0.000761584 -0.000469141 1 0 0 7615
             91.8257  0.179608   30.3641 0.0289871 -0.00120217  0.00029754 -0.00319007   -0.0016526 -0.000785126  -0.00572007 -0.000297923  -6.5077e-06  0.000148095  0.000323833 -0.000761584 -0.000469141 1 0 0 0
             92.1593  0.179608   30.3641 0.0289871 -0.00120309 0.000297255 -0.00319081  -0.00166512 -0.000788981  -0.00572961 -0.000297928 -6.51225e-06  0.000148097  0.000323886 -0.000761548 -0.000469004 1 0 0 36202
             92.1593  0.179608   30.3641 0.0289871 -0.00120309 0.000297255 -0.00319081  -0.00166512 -0.000788981  -0.00572961 -0.000297928 -6.51225e-06  0.000148097  0.000323886 -0.000761548 -0.000469004 1 0 0 0
             92.2927  0.179608   30.3641 0.0289871 -0.00120215 0.000296698 -0.00319008  -0.00165278 -0.000795351   -0.0057202 -0.000297928 -6.51219e-06  0.000148097  0.000323831 -0.000761482  -0.00046914 1 0 0 16766
             92.2927  0.179608   30.3641 0.0289871 -0.00120215 0.000296698 -0.00319008  -0.00165278 -0.000795351   -0.0057202 -0.000297928 -6.51219e-06  0.000148097  0.000323831 -0.000761482  -0.00046914 1 0 0 0
             92.4262  0.179608   30.3641 0.0289871 -0.00120295 0.000296326 -0.00319045  -0.00166364 -0.000800229    -0.005725 -0.000297928   -6.516e-06  0.000148097  0.000323894 -0.000761436 -0.000469051 1 0 0 19592
             92.4262  0.179608   30.3641 0.0289871 -0.00120295 0.000296326 -0.00319045  -0.00166364 -0.000800229    -0.005725 -0.000297928   -6.516e-06  0.000148097  0.000323894 -0.000761436 -0.000469051 1 0 0 0
             92.6263  0.179608   30.3641 0.0289871 -0.00120271 0.000296601 -0.00318985  -0.00166028 -0.000796811  -0.00571739 -0.000297926 -6.51402e-06  0.000148097  0.000323905  -0.00076147 -0.000469129 1 0 0 18043
             92.6263  0.179608   30.3641 0.0289871 -0.00120271 0.000296601 -0.00318985  -0.00166028 -0.000796811  -0.00571739 -0.000297926 -6.51402e-06  0.000148097  0.000323905  -0.00076147 -0.000469129 1 0 0 0
             92.7597  0.179608   30.3641 0.0289871  -0.0012028 0.000296721 -0.00319004  -0.00166141 -0.000795382  -0.00571982 -0.000297928 -6.51426e-06  0.000148098  0.000323903 -0.000761484 -0.000469103 1 0 0 10667
             92.7597  0.179608   30.3641 0.0289871  -0.0012028 0.000296721 -0.00319004  -0.00166141 -0.000795382  -0.00571982 -0.000297928 -6.51426e-06  0.000148098  0.000323903 -0.000761484 -0.000469103 1 0 0 0
             92.8265  0.179608   30.3641 0.0289871 -0.00120306 0.000296544 -0.00319025  -0.00166498 -0.000797648  -0.00572246 -0.000297927 -6.51321e-06  0.000148099  0.000323918 -0.000761462 -0.000469065 1 0 0 7416
             92.8265  0.179608   30.3641 0.0289871 -0.00120306 0.000296544 -0.00319025  -0.00166498 -0.000797648  -0.00572246 -0.000297927 -6.51321e-06  0.000148099  0.000323918 -0.000761462 -0.000469065 1 0 0 0
             93.0933  0.179608   30.3641 0.0289871  -0.0012036  0.00029675 -0.00319075  -0.00167218 -0.000795365  -0.00572892 -0.000297927 -6.51479e-06  0.000148097  0.000323945 -0.000761486 -0.000468978 1 0 0 16822
             93.0933  0.179608   30.3641 0.0289871  -0.0012036  0.00029675 -0.00319075  -0.00167218 -0.000795365  -0.00572892 -0.000297927 -6.51479e-06  0.000148097  0.000323945 -0.000761486 -0.000468978 1 0 0 0
               93.16  0.179608   30.3641 0.0289871  -0.0012035 0.000296112 -0.00319083  -0.00167105 -0.000803073  -0.00572984 -0.000297925 -6.51133e-06  0.000148098   0.00032393 -0.000761409 -0.000468976 1 0 0 11929
               93.16  0.179608   30.3641 0.0289871  -0.0012035 0.000296112 -0.00319083  -0.00167105 -0.000803073  -0.00572984 -0.000297925 -6.51133e-06  0.000148098   0.00032393 -0.000761409 -0.000468976 1 0 0 0
             93.4269  0.179608   30.3641 0.0289871 -0.00120346 0.000295453 -0.00319111  -0.00167092 -0.000811052  -0.00573339 -0.000297926 -6.50959e-06  0.000148099  0.000323909  -0.00076133 -0.000468949 1 0 0 12362
             93.4269  0.179608   30.3641 0.0289871 -0.00120346 0.000295453 -0.00319111  -0.00167092 -0.000811052  -0.00573339 -0.000297926 -6.50959e-06  0.000148099  0.000323909  -0.00076133 -0.000468949 1 0 0 0
             93.4936  0.179608   30.3641 0.0289871 -0.00120337 0.000294896 -0.00319164  -0.00167009 -0.000817748  -0.00574014 -0.000297928 -6.50637e-06  0.000148101  0.000323868 -0.000761262 -0.000468897 1 0 0 13158
             93.4936  0.179608   30.3641 0.0289871 -0.00120337 0.000294896 -0.00319164  -0.00167009 -0.000817748  -0.00574014 -0.000297928 -6.50637e-06  0.000148101  0.000323868 -0.000761262 -0.000468897 1 0 0 0
             93.8272  0.179608   30.3641 0.0289871 -0.00120263 0.000296759 -0.00319103  -0.00165921 -0.000794773  -0.00573235 -0.000297929 -6.50386e-06  0.000148097  0.000323823 -0.000761489  -0.00046901 1 0 0 41013
             93.8272  0.179608   30.3641 0.0289871 -0.00120263 0.000296759 -0.00319103  -0.00165921 -0.000794773  -0.00573235 -0.000297929 -6.50386e-06  0.000148097  0.000323823 -0.000761489  -0.00046901 1 0 0 0
             93.8939  0.179608   30.3641 0.0289871  -0.0012029 0.000296704 -0.00319185  -0.00166293 -0.000795517  -0.00574277 -0.000297929  -6.5014e-06  0.000148098  0.000323802 -0.000761482 -0.000468906 1 0 0 13274
             93.8939  0.179608   30.3641 0.0289871  -0.0012029 0.000296704 -0.00319185  -0.00166293 -0.000795517  -0.00574277 -0.000297929  -6.5014e-06  0.000148098  0.000323802 -0.000761482 -0.000468906 1 0 0 0
             94.0273  0.179608   30.3641 0.0289871 -0.00120249 0.000297073 -0.00319134  -0.00165723 -0.000790871  -0.00573631 -0.000297928 -6.50107e-06  0.000148097  0.000323789 -0.000761527 -0.000468986 1 0 0 4955
             94.0273  0.179608   30.3641 0.0289871 -0.00120249 0.000297073 -0.00319134  -0.00165723 -0.000790871  -0.00573631 -0.000297928 -6.50107e-06  0.000148097  0.000323789 -0.000761527 -0.000468986 1 0 0 0
             94.0941  0.179608   30.3641 0.0289871 -0.00120288 0.000296213 -0.00319181  -0.00166297 -0.000801485  -0.00574225 -0.000297927 -6.50562e-06  0.000148097  0.000323804 -0.000761422 -0.000468911 1 0 0 13130
             94.0941  0.179608   30.3641 0.0289871 -0.00120288 0.000296213 -0.00319181  -0.00166297 -0.000801485  -0.00574225 -0.000297927 -6.50562e-06  0.000148097  0.000323804 -0.000761422 -0.000468911 1 0 0 0
             94.1608  0.179608   30.3641 0.0289871 -0.00120257 0.000295817 -0.00319086  -0.00165878 -0.000806211   -0.0057301 -0.000297929 -6.50093e-06  0.000148098  0.000323828 -0.000761375 -0.000469032 1 0 0 10783
             94.1608  0.179608   30.3641 0.0289871 -0.00120257 0.000295817 -0.00319086  -0.00165878 -0.000806211   -0.0057301 -0.000297929 -6.50093e-06  0.000148098  0.000323828 -0.000761375 -0.000469032 1 0 0 0
             94.2942  0.179608   30.3641 0.0289871 -0.00120237 0.000296028 -0.00319179  -0.00165626 -0.000803504  -0.00574193 -0.000297929 -6.50198e-06  0.000148098   0.00032375 -0.000761401 -0.000468945 1 0 0 7423
             94.2942  0.179608   30.3641 0.0289871 -0.00120237 0.000296028 -0.00319179  -0.00165626 -0.000803504  -0.00574193 -0.000297929 -6.50198e-06  0.000148098   0.00032375 -0.000761401 -0.000468945 1 0 0 0
             94.6945  0.179608   30.3641 0.0289871 -0.00120229 0.000295497 -0.00319099  -0.00165524 -0.000809966  -0.00573166 -0.000297929 -6.50234e-06  0.000148096  0.000323791 -0.000761337 -0.000469036 1 0 0 53191
             94.6945  0.179608   30.3641 0.0289871 -0.00120229 0.000295497 -0.00319099  -0.00165524 -0.000809966  -0.00573166 -0.000297929 -6.50234e-06  0.000148096  0.000323791 -0.000761337 -0.000469036 1 0 0 0
             94.7612  0.179608   30.3641 0.0289871 -0.00120267 0.000294541 -0.00319082  -0.00166074 -0.000821781  -0.00572956 -0.000297927 -6.50381e-06  0.000148095  0.000323843 -0.000761221 -0.000469029 1 0 0 12235
             94.7612  0.179608   30.3641 0.0289871 -0.00120267 0.000294541 -0.00319082  -0.00166074 -0.000821781  -0.00572956 -0.000297927 -6.50381e-06  0.000148095  0.000323843 -0.000761221 -0.000469029 1 0 0 0
             94.9614  0.179608   30.3641 0.0289871 -0.00120333 0.000294525  -0.0031901  -0.00166954 -0.000822336  -0.00572052 -0.000297923  -6.5038e-06  0.000148092  0.000323959 -0.000761218 -0.000469063 1 0 0 18110
             94.9614  0.179608   30.3641 0.0289871 -0.00120333 0.000294525  -0.0031901  -0.00166954 -0.000822336  -0.00572052 -0.000297923  -6.5038e-06  0.000148092  0.000323959 -0.000761218 -0.000469063 1 0 0 0
             95.0281  0.179608   30.3641 0.0289871 -0.00120346 0.000294645 -0.00319034  -0.00167113 -0.000820924  -0.00572353 -0.000297923 -6.50615e-06   0.00014809  0.000323957 -0.000761232  -0.00046903 1 0 0 11962
             95.0281  0.179608   30.3641 0.0289871 -0.00120346 0.000294645 -0.00319034  -0.00167113 -0.000820924  -0.00572353 -0.000297923 -6.50615e-06   0.00014809  0.000323957 -0.000761232  -0.00046903 1 0 0 0
             95.1615  0.179608   30.3641 0.0289871 -0.00120295 0.000294179 -0.00319012  -0.00166457 -0.000826363  -0.00572067 -0.000297924 -6.50743e-06  0.000148089  0.000323917 -0.000761177 -0.000469085 1 0 0 13089
             95.1615  0.179608   30.3641 0.0289871 -0.00120295 0.000294179 -0.00319012  -0.00166457 -0.000826363  -0.00572067 -0.000297924 -6.50743e-06  0.000148089  0.000323917 -0.000761177 -0.000469085 1 0 0 0
             95.2949  0.179608   30.3641 0.0289871  -0.0012038 0.000293975 -0.00319052  -0.00167609 -0.000829226  -0.00572587 -0.000297921 -6.50864e-06   0.00014809  0.000323984 -0.000761151 -0.000468989 1 0 0 16934
             95.2949  0.179608   30.3641 0.0289871  -0.0012038 0.000293975 -0.00319052  -0.00167609 -0.000829226  -0.00572587 -0.000297921 -6.50864e-06   0.00014809  0.000323984 -0.000761151 -0.000468989 1 0 0 0
             95.4951  0.179608   30.3641 0.0289871 -0.00120266 0.000294036 -0.00319028   -0.0016608 -0.000827956  -0.00572271  -0.00029792 -6.50849e-06  0.000148091  0.000323876  -0.00076116 -0.000469086 1 0 0 19216
             95.4951  0.179608   30.3641 0.0289871 -0.00120266 0.000294036 -0.00319028   -0.0016608 -0.000827956  -0.00572271  -0.00029792 -6.50849e-06  0.000148091  0.000323876  -0.00076116 -0.000469086 1 0 0 0
             95.8954  0.179608   30.3641 0.0289871 -0.00120064 0.000295769 -0.00319011  -0.00163303 -0.000805935  -0.00572031 -0.000297915 -6.51524e-06  0.000148093  0.000323669 -0.000761372 -0.000469233 1 0 0 36128
             95.8954  0.179608   30.3641 0.0289871 -0.00120064 0.000295769 -0.00319011  -0.00163303 -0.000805935  -0.00572031 -0.000297915 -6.51524e-06  0.000148093  0.000323669 -0.000761372 -0.000469233 1 0 0 0
             96.0288  0.179608   30.3641 0.0289871 -0.00119997 0.000295716 -0.00318966   -0.0016241 -0.000806297   -0.0057145 -0.000297912 -6.51104e-06  0.000148094  0.000323625 -0.000761367 -0.000469322 1 0 0 23075
             96.0288  0.179608   30.3641 0.0289871 -0.00119997 0.000295716 -0.00318966   -0.0016241 -0.000806297   -0.0057145 -0.000297912 -6.51104e-06  0.000148094  0.000323625 -0.000761367 -0.000469322 1 0 0 0
             96.2289  0.179608   30.3641 0.0289871  -0.0012002 0.000294646 -0.00319016  -0.00162768 -0.000819376  -0.00572083 -0.000297908 -6.51419e-06  0.000148095   0.00032362 -0.000761237 -0.000469255 1 0 0 18205
             96.2289  0.179608   30.3641 0.0289871  -0.0012002 0.000294646 -0.00319016  -0.00162768 -0.000819376  -0.00572083 -0.000297908 -6.51419e-06  0.000148095   0.00032362 -0.000761237 -0.000469255 1 0 0 0
             96.2957  0.179608   30.3641 0.0289871 -0.00120058 0.000294424 -0.00319047 -0.00163296 -0.00082225 -0.00572475 -0.000297905 -6.51356e-06  0.000148094  0.000323642  -0.00076121 -0.000469198 1 0 0 12861
             96.2957  0.179608   30.3641 0.0289871 -0.00120058 0.000294424 -0.00319047 -0.00163296 -0.00082225 -0.00572475 -0.000297905 -6.51356e-06  0.000148094  0.000323642  -0.00076121 -0.000469198 1 0 0 0
             96.4958  0.179608   30.3641 0.0289871 -0.00120058 0.000294219 -0.00318998  -0.00163299 -0.000824774  -0.00571859 -0.000297902 -6.51316e-06  0.000148094  0.000323672 -0.000761185 -0.000469249 1 0 0 17958
             96.4958  0.179608   30.3641 0.0289871 -0.00120058 0.000294219 -0.00318998  -0.00163299 -0.000824774  -0.00571859 -0.000297902 -6.51316e-06  0.000148094  0.000323672 -0.000761185 -0.000469249 1 0 0 0
             96.6292  0.179608   30.3641 0.0289871 -0.00120096 0.000293632 -0.00319058  -0.00163834 -0.000832044  -0.00572625 -0.000297903 -6.51379e-06  0.000148095  0.000323676 -0.000761114 -0.000469162 1 0 0 23464
             96.6292  0.179608   30.3641 0.0289871 -0.00120096 0.000293632 -0.00319058  -0.00163834 -0.000832044  -0.00572625 -0.000297903 -6.51379e-06  0.000148095  0.000323676 -0.000761114 -0.000469162 1 0 0 0
             96.8294  0.179608   30.3641 0.0289871 -0.00120127 0.000293657 -0.00319047  -0.00164244 -0.000831892   -0.0057249   -0.0002979 -6.51494e-06  0.000148094  0.000323716 -0.000761116 -0.000469154 1 0 0 18063
             96.8294  0.179608   30.3641 0.0289871 -0.00120127 0.000293657 -0.00319047  -0.00164244 -0.000831892   -0.0057249   -0.0002979 -6.51494e-06  0.000148094  0.000323716 -0.000761116 -0.000469154 1 0 0 0
             96.8961  0.179608   30.3641 0.0289871 -0.00120103 0.000293783 -0.00319035  -0.00163925 -0.000830264  -0.00572335 -0.000297902 -6.51183e-06  0.000148095  0.000323698 -0.000761132 -0.000469182 1 0 0 12783
             96.8961  0.179608   30.3641 0.0289871 -0.00120103 0.000293783 -0.00319035  -0.00163925 -0.000830264  -0.00572335 -0.000297902 -6.51183e-06  0.000148095  0.000323698 -0.000761132 -0.000469182 1 0 0 0
              97.163  0.179608   30.3641 0.0289871 -0.00120122 0.000293647  -0.0031907  -0.00164188 -0.000831986  -0.00572784 -0.000297899 -6.51057e-06  0.000148097  0.000323697 -0.000761115 -0.000469132 1 0 0 17999
              97.163  0.179608   30.3641 0.0289871 -0.00120122 0.000293647  -0.0031907  -0.00164188 -0.000831986  -0.00572784 -0.000297899 -6.51057e-06  0.000148097  0.000323697 -0.000761115 -0.000469132 1 0 0 0
             97.3631  0.179608   30.3641 0.0289871   -0.001201 0.000293911 -0.00318985  -0.00163873 -0.000828716  -0.00571701 -0.000297899 -6.50603e-06  0.000148098  0.000323726 -0.000761147 -0.000469236 1 0 0 29562
             97.3631  0.179608   30.3641 0.0289871   -0.001201 0.000293911 -0.00318985  -0.00163873 -0.000828716  -0.00571701 -0.000297899 -6.50603e-06  0.000148098  0.000323726 -0.000761147 -0.000469236 1 0 0 0
             97.4965  0.179608   30.3641 0.0289871 -0.00120157 0.000293391 -0.00319022 -0.00164664 -0.00083529 -0.00572174 -0.000297897  -6.5036e-06  0.000148098  0.000323765 -0.000761084 -0.000469161 1 0 0 6555
             97.4965  0.179608   30.3641 0.0289871 -0.00120157 0.000293391 -0.00319022 -0.00164664 -0.00083529 -0.00572174 -0.000297897  -6.5036e-06  0.000148098  0.000323765 -0.000761084 -0.000469161 1 0 0 0
             97.5633  0.179608   30.3641 0.0289871 -0.00120086 0.000293199 -0.00319012 -0.00163717 -0.00083729 -0.00572031 -0.000297895 -6.50412e-06  0.000148098  0.000323695 -0.000761062 -0.000469217 1 0 0 11534
             97.5633  0.179608   30.3641 0.0289871 -0.00120086 0.000293199 -0.00319012 -0.00163717 -0.00083729 -0.00572031 -0.000297895 -6.50412e-06  0.000148098  0.000323695 -0.000761062 -0.000469217 1 0 0 0
             97.7634  0.179608   30.3641 0.0289871 -0.00120126 0.000292882  -0.0031905  -0.00164269 -0.000841312  -0.00572525 -0.000297897 -6.49924e-06  0.000148099  0.000323714 -0.000761023 -0.000469151 1 0 0 24605
             97.7634  0.179608   30.3641 0.0289871 -0.00120126 0.000292882  -0.0031905  -0.00164269 -0.000841312  -0.00572525 -0.000297897 -6.49924e-06  0.000148099  0.000323714 -0.000761023 -0.000469151 1 0 0 0
             97.8968  0.179608   30.3641 0.0289871 -0.00120107 0.000292375  -0.0031908  -0.00164048 -0.000847371  -0.00572893 -0.000297896 -6.50257e-06  0.000148097  0.000323677 -0.000760961 -0.000469132 1 0 0 17566
             97.8968  0.179608   30.3641 0.0289871 -0.00120107 0.000292375  -0.0031908  -0.00164048 -0.000847371  -0.00572893 -0.000297896 -6.50257e-06  0.000148097  0.000323677 -0.000760961 -0.000469132 1 0 0 0
             98.2971  0.179608   30.3641 0.0289871 -0.00120147 0.000291179 -0.00319189  -0.00164653 -0.000862035  -0.00574286 -0.000297892 -6.50958e-06  0.000148097  0.000323654 -0.000760816  -0.00046899 1 0 0 54723
             98.2971  0.179608   30.3641 0.0289871 -0.00120147 0.000291179 -0.00319189  -0.00164653 -0.000862035  -0.00574286 -0.000297892 -6.50958e-06  0.000148097  0.000323654 -0.000760816  -0.00046899 1 0 0 0
             98.3638  0.179608   30.3641 0.0289871 -0.00120148  0.00029124 -0.00319182  -0.00164665 -0.000861308  -0.00574187 -0.000297892 -6.50878e-06  0.000148096   0.00032366 -0.000760823 -0.000468998 1 0 0 448
             98.3638  0.179608   30.3641 0.0289871 -0.00120148  0.00029124 -0.00319182  -0.00164665 -0.000861308  -0.00574187 -0.000297892 -6.50878e-06  0.000148096   0.00032366 -0.000760823 -0.000468998 1 0 0 0
             98.6307  0.179608   30.3641 0.0289871 -0.00120105 0.000292565  -0.0031921  -0.00164031 -0.000844974  -0.00574551 -0.000297891 -6.51417e-06  0.000148093  0.000323594 -0.000760984 -0.000468995 1 0 0 23558
             98.6307  0.179608   30.3641 0.0289871 -0.00120105 0.000292565  -0.0031921  -0.00164031 -0.000844974  -0.00574551 -0.000297891 -6.51417e-06  0.000148093  0.000323594 -0.000760984 -0.000468995 1 0 0 0
             98.8976  0.179608   30.3641 0.0289871 -0.00120057 0.000291625 -0.00319195  -0.00163438 -0.000856191  -0.00574343 -0.000297887 -6.51524e-06  0.000148096  0.000323554 -0.000760871 -0.000469041 1 0 0 30718
             98.8976  0.179608   30.3641 0.0289871 -0.00120057 0.000291625 -0.00319195  -0.00163438 -0.000856191  -0.00574343 -0.000297887 -6.51524e-06  0.000148096  0.000323554 -0.000760871 -0.000469041 1 0 0 0
             98.9643  0.179608   30.3641 0.0289871 -0.00120059 0.000291191 -0.00319198 -0.00163483 -0.00086147 -0.00574381 -0.000297887 -6.51737e-06  0.000148096  0.000323554 -0.000760819 -0.000469037 1 0 0 11889
             98.9643  0.179608   30.3641 0.0289871 -0.00120059 0.000291191 -0.00319198 -0.00163483 -0.00086147 -0.00574381 -0.000297887 -6.51737e-06  0.000148096  0.000323554 -0.000760819 -0.000469037 1 0 0 0
             99.2311  0.179608   30.3641 0.0289871 -0.00120091 0.000290654 -0.00319217  -0.00163938 -0.000868146   -0.0057462 -0.000297888 -6.51914e-06  0.000148096  0.000323578 -0.000760753 -0.000468997 1 0 0 11848
             99.2311  0.179608   30.3641 0.0289871 -0.00120091 0.000290654 -0.00319217  -0.00163938 -0.000868146   -0.0057462 -0.000297888 -6.51914e-06  0.000148096  0.000323578 -0.000760753 -0.000468997 1 0 0 0
             99.2979  0.179608   30.3641 0.0289871 -0.00120126 0.000290432 -0.00319169  -0.00164402 -0.000871032  -0.00574016 -0.000297887 -6.51894e-06  0.000148098  0.000323645 -0.000760726 -0.000469025 1 0 0 12979
             99.2979  0.179608   30.3641 0.0289871 -0.00120126 0.000290432 -0.00319169  -0.00164402 -0.000871032  -0.00574016 -0.000297887 -6.51894e-06  0.000148098  0.000323645 -0.000760726 -0.000469025 1 0 0 0
             99.5647  0.179608   30.3641 0.0289871 -0.00120138 0.000291108 -0.00319204  -0.00164536 -0.000862854  -0.00574465 -0.000297886 -6.51857e-06  0.000148097  0.000323635 -0.000760808 -0.000468981 1 0 0 29448
             99.5647  0.179608   30.3641 0.0289871 -0.00120138 0.000291108 -0.00319204  -0.00164536 -0.000862854  -0.00574465 -0.000297886 -6.51857e-06  0.000148097  0.000323635 -0.000760808 -0.000468981 1 0 0 0
             99.6981  0.179608   30.3641 0.0289871 -0.00120148 0.000290149 -0.00319201  -0.00164716 -0.000874568   -0.0057443 -0.000297885 -6.52294e-06  0.000148098  0.000323649 -0.000760692 -0.000468977 1 0 0 24526
             99.6981  0.179608   30.3641 0.0289871 -0.00120148 0.000290149 -0.00319201  -0.00164716 -0.000874568   -0.0057443 -0.000297885 -6.52294e-06  0.000148098  0.000323649 -0.000760692 -0.000468977 1 0 0 0
             99.8983  0.179608   30.3641 0.0289871 -0.00120117 0.000290333 -0.00319213  -0.00164289 -0.000872172  -0.00574574 -0.000297885 -6.52362e-06  0.000148097  0.000323608 -0.000760714 -0.000468985 1 0 0 17972
             99.8983  0.179608   30.3641 0.0289871 -0.00120117 0.000290333 -0.00319213  -0.00164289 -0.000872172  -0.00574574 -0.000297885 -6.52362e-06  0.000148097  0.000323608 -0.000760714 -0.000468985 1 0 0 0
              99.965  0.179608   30.3641 0.0289871 -0.00120098 0.000289939 -0.00319223  -0.00164065 -0.000876867  -0.00574703 -0.000297884 -6.52496e-06  0.000148095  0.000323582 -0.000760667 -0.000468985 1 0 0 11920
              99.965  0.179608   30.3641 0.0289871 -0.00120098 0.000289939 -0.00319223  -0.00164065 -0.000876867  -0.00574703 -0.000297884 -6.52496e-06  0.000148095  0.000323582 -0.000760667 -0.000468985 1 0 0 0
             100.165  0.179608   30.3641 0.0289871 -0.00120105 0.000289899   -0.003193  -0.00164166 -0.000877333  -0.00575677 -0.000297884  -6.5226e-06  0.000148097  0.000323542 -0.000760662   -0.0004689 1 0 0 18088
             100.165  0.179608   30.3641 0.0289871 -0.00120105 0.000289899   -0.003193  -0.00164166 -0.000877333  -0.00575677 -0.000297884  -6.5226e-06  0.000148097  0.000323542 -0.000760662   -0.0004689 1 0 0 0
             100.232  0.179608   30.3641 0.0289871 -0.00120129 0.000289577 -0.00319317  -0.00164504 -0.000881356  -0.00575891 -0.00029788 -6.5234e-06 0.000148097  0.000323558 -0.000760623 -0.000468867 1 0 0 11940
             100.232  0.179608   30.3641 0.0289871 -0.00120129 0.000289577 -0.00319317  -0.00164504 -0.000881356  -0.00575891 -0.00029788 -6.5234e-06 0.000148097  0.000323558 -0.000760623 -0.000468867 1 0 0 0
             100.499  0.179608   30.3641 0.0289871 -0.00120099  0.00029003 -0.00319307  -0.00164084 -0.000875716  -0.00575769 -0.000297881 -6.52447e-06  0.000148095  0.000323531 -0.000760678 -0.000468896 1 0 0 12817
             100.499  0.179608   30.3641 0.0289871 -0.00120099  0.00029003 -0.00319307  -0.00164084 -0.000875716  -0.00575769 -0.000297881 -6.52447e-06  0.000148095  0.000323531 -0.000760678 -0.000468896 1 0 0 0
             100.565  0.179608   30.3641 0.0289871 -0.00120088 0.000290066 -0.00319421  -0.00163941 -0.000875151  -0.00577213 -0.00029788  -6.525e-06 0.000148096  0.000323449 -0.000760682 -0.000468783 1 0 0 11615
             100.565  0.179608   30.3641 0.0289871 -0.00120088 0.000290066 -0.00319421  -0.00163941 -0.000875151  -0.00577213 -0.00029788  -6.525e-06 0.000148096  0.000323449 -0.000760682 -0.000468783 1 0 0 0
             100.899  0.179608   30.3641 0.0289871 -0.00120096 0.000290257 -0.00319436  -0.00164046 -0.000872853  -0.00577406 -0.000297875 -6.52579e-06  0.000148095  0.000323449 -0.000760705 -0.000468762 1 0 0 42201
             100.899  0.179608   30.3641 0.0289871 -0.00120096 0.000290257 -0.00319436  -0.00164046 -0.000872853  -0.00577406 -0.000297875 -6.52579e-06  0.000148095  0.000323449 -0.000760705 -0.000468762 1 0 0 0
             100.966  0.179608   30.3641 0.0289871 -0.00120112 0.000289734  -0.0031949  -0.00164294 -0.000879258  -0.00578086 -0.000297874 -6.52845e-06  0.000148094  0.000323434 -0.000760641 -0.000468695 1 0 0 12163
             100.966  0.179608   30.3641 0.0289871 -0.00120112 0.000289734  -0.0031949  -0.00164294 -0.000879258  -0.00578086 -0.000297874 -6.52845e-06  0.000148094  0.000323434 -0.000760641 -0.000468695 1 0 0 0
             101.166  0.179608   30.3641 0.0289871 -0.00120109 0.000290493 -0.00319526  -0.00164222 -0.000869983  -0.00578546 -0.000297874 -6.52563e-06  0.000148092  0.000323407 -0.000760733 -0.000468659 1 0 0 18162
             101.166  0.179608   30.3641 0.0289871 -0.00120109 0.000290493 -0.00319526  -0.00164222 -0.000869983  -0.00578546 -0.000297874 -6.52563e-06  0.000148092  0.000323407 -0.000760733 -0.000468659 1 0 0 0
             101.233  0.179608   30.3641 0.0289871 -0.00120146 0.000290761 -0.00319451  -0.00164686 -0.000866952  -0.00577608 -0.000297873 -6.52438e-06  0.000148091  0.000323492 -0.000760765 -0.000468714 1 0 0 11778
             101.233  0.179608   30.3641 0.0289871 -0.00120146 0.000290761 -0.00319451  -0.00164686 -0.000866952  -0.00577608 -0.000297873 -6.52438e-06  0.000148091  0.000323492 -0.000760765 -0.000468714 1 0 0 0
             101.299  0.179608   30.3641 0.0289871 -0.00120092 0.000291133 -0.00319489  -0.00163951 -0.000862145   -0.0057808 -0.000297872 -6.52764e-06  0.000148091   0.00032341 -0.000760811 -0.000468709 1 0 0 12646
             101.299  0.179608   30.3641 0.0289871 -0.00120092 0.000291133 -0.00319489  -0.00163951 -0.000862145   -0.0057808 -0.000297872 -6.52764e-06  0.000148091   0.00032341 -0.000760811 -0.000468709 1 0 0 0
             101.433  0.179608   30.3641 0.0289871 -0.00120111 0.000291239 -0.00319462  -0.00164196 -0.000860958  -0.00577748 -0.000297873 -6.52574e-06  0.000148093  0.000323447 -0.000760823 -0.000468725 1 0 0 5593
             101.433  0.179608   30.3641 0.0289871 -0.00120111 0.000291239 -0.00319462  -0.00164196 -0.000860958  -0.00577748 -0.000297873 -6.52574e-06  0.000148093  0.000323447 -0.000760823 -0.000468725 1 0 0 0
             101.566  0.179608   30.3641 0.0289871 -0.00119971 0.000292699 -0.00319525  -0.00162279 -0.000842503  -0.00578527 -0.000297873 -6.52119e-06  0.000148089  0.000323258 -0.000761002 -0.000468748 1 0 0 24177
             101.566  0.179608   30.3641 0.0289871 -0.00119971 0.000292699 -0.00319525  -0.00162279 -0.000842503  -0.00578527 -0.000297873 -6.52119e-06  0.000148089  0.000323258 -0.000761002 -0.000468748 1 0 0 0
             101.766  0.179608   30.3641 0.0289871 -0.00120036  0.00029275 -0.00319504  -0.00163134 -0.000842208  -0.00578272 -0.000297871 -6.52346e-06  0.000148089  0.000323339 -0.000761007 -0.000468729 1 0 0 6293
             101.766  0.179608   30.3641 0.0289871 -0.00120036  0.00029275 -0.00319504  -0.00163134 -0.000842208  -0.00578272 -0.000297871 -6.52346e-06  0.000148089  0.000323339 -0.000761007 -0.000468729 1 0 0 0
             101.967  0.179608   30.3641 0.0289871 -0.00119927 0.000293702 -0.00319616  -0.00161654 -0.000830034   -0.0057968 -0.000297868 -6.51963e-06  0.000148088  0.000323153 -0.000761123  -0.00046868 1 0 0 29889
             101.967  0.179608   30.3641 0.0289871 -0.00119927 0.000293702 -0.00319616  -0.00161654 -0.000830034   -0.0057968 -0.000297868 -6.51963e-06  0.000148088  0.000323153 -0.000761123  -0.00046868 1 0 0 0
             102.367  0.179608   30.3641 0.0289871 -0.00120113 0.000294211 -0.00319711   -0.0016412 -0.000824662  -0.00580915 -0.000297867 -6.51714e-06  0.000148089  0.000323293 -0.000761182 -0.000468462 1 0 0 42338
             102.367  0.179608   30.3641 0.0289871 -0.00120113 0.000294211 -0.00319711   -0.0016412 -0.000824662  -0.00580915 -0.000297867 -6.51714e-06  0.000148089  0.000323293 -0.000761182 -0.000468462 1 0 0 0
             102.434  0.179608   30.3641 0.0289871 -0.00120128 0.000294324 -0.00319692  -0.00164319 -0.000823381  -0.00580678 -0.000297866 -6.51591e-06  0.000148089  0.000323321 -0.000761195 -0.000468472 1 0 0 6139
             102.434  0.179608   30.3641 0.0289871 -0.00120128 0.000294324 -0.00319692  -0.00164319 -0.000823381  -0.00580678 -0.000297866 -6.51591e-06  0.000148089  0.000323321 -0.000761195 -0.000468472 1 0 0 0
             102.634  0.179608   30.3641 0.0289871 -0.00120114 0.000294004 -0.00319837  -0.00164154 -0.000827108  -0.00582521 -0.000297866 -6.51711e-06  0.000148091  0.000323216 -0.000761156 -0.000468328 1 0 0 30001
             102.634  0.179608   30.3641 0.0289871 -0.00120114 0.000294004 -0.00319837  -0.00164154 -0.000827108  -0.00582521 -0.000297866 -6.51711e-06  0.000148091  0.000323216 -0.000761156 -0.000468328 1 0 0 0
             102.767  0.179608   30.3641 0.0289871 -0.00120192  0.00029339 -0.00319961   -0.0016525 -0.000834866  -0.00584102 -0.000297867 -6.52075e-06   0.00014809  0.000323225 -0.000761081 -0.000468147 1 0 0 11864
             102.767  0.179608   30.3641 0.0289871 -0.00120192  0.00029339 -0.00319961   -0.0016525 -0.000834866  -0.00584102 -0.000297867 -6.52075e-06   0.00014809  0.000323225 -0.000761081 -0.000468147 1 0 0 0
             102.967  0.179608   30.3641 0.0289871 -0.00120192 0.000293665  -0.0031999  -0.00165238 -0.000831504  -0.00584467 -0.000297867 -6.51647e-06  0.000148092  0.000323207 -0.000761114 -0.000468117 1 0 0 24296
             102.967  0.179608   30.3641 0.0289871 -0.00120192 0.000293665  -0.0031999  -0.00165238 -0.000831504  -0.00584467 -0.000297867 -6.51647e-06  0.000148092  0.000323207 -0.000761114 -0.000468117 1 0 0 0
             103.234  0.179608   30.3641 0.0289871 -0.00120095 0.000294389  -0.0031997  -0.00163904 -0.000822246  -0.00584209 -0.000297864 -6.51707e-06  0.000148095  0.000323114 -0.000761203 -0.000468199 1 0 0 24327
             103.234  0.179608   30.3641 0.0289871 -0.00120095 0.000294389  -0.0031997  -0.00163904 -0.000822246  -0.00584209 -0.000297864 -6.51707e-06  0.000148095  0.000323114 -0.000761203 -0.000468199 1 0 0 0
             103.434  0.179608   30.3641 0.0289871 -0.00120093 0.000294009  -0.0032004  -0.00163906 -0.000826816   -0.0058509 -0.000297864 -6.51545e-06  0.000148095   0.00032307 -0.000761157 -0.000468127 1 0 0 18090
             103.434  0.179608   30.3641 0.0289871 -0.00120093 0.000294009  -0.0032004  -0.00163906 -0.000826816   -0.0058509 -0.000297864 -6.51545e-06  0.000148095   0.00032307 -0.000761157 -0.000468127 1 0 0 0
             103.768  0.179608   30.3641 0.0289871 -0.00120143  0.00029501  -0.0032008  -0.00164531 -0.000814853  -0.00585611 -0.000297862 -6.51297e-06  0.000148091  0.000323097 -0.000761277 -0.000468053 1 0 0 29880
             103.768  0.179608   30.3641 0.0289871 -0.00120143  0.00029501  -0.0032008  -0.00164531 -0.000814853  -0.00585611 -0.000297862 -6.51297e-06  0.000148091  0.000323097 -0.000761277 -0.000468053 1 0 0 0
             103.835  0.179608   30.3641 0.0289871 -0.00120158 0.000294535 -0.00320075  -0.00164757 -0.000820703  -0.00585554 -0.000297861 -6.51391e-06   0.00014809  0.000323117 -0.000761219 -0.000468048 1 0 0 6261
             103.835  0.179608   30.3641 0.0289871 -0.00120158 0.000294535 -0.00320075  -0.00164757 -0.000820703  -0.00585554 -0.000297861 -6.51391e-06   0.00014809  0.000323117 -0.000761219 -0.000468048 1 0 0 0
             104.035  0.179608   30.3641 0.0289871 -0.00120082 0.000295048 -0.00320163  -0.00163721 -0.000814042  -0.00586663 -0.000297864 -6.51201e-06  0.000148091   0.00032298 -0.000761282 -0.000468004 1 0 0 29887
             104.035  0.179608   30.3641 0.0289871 -0.00120082 0.000295048 -0.00320163  -0.00163721 -0.000814042  -0.00586663 -0.000297864 -6.51201e-06  0.000148091   0.00032298 -0.000761282 -0.000468004 1 0 0 0
             104.235  0.179608   30.3641 0.0289871 -0.00120083 0.000294974 -0.00320126  -0.00163743 -0.000814971  -0.00586195 -0.000297862 -6.51248e-06  0.000148091  0.000323005 -0.000761274 -0.000468042 1 0 0 6178
             104.235  0.179608   30.3641 0.0289871 -0.00120083 0.000294974 -0.00320126  -0.00163743 -0.000814971  -0.00586195 -0.000297862 -6.51248e-06  0.000148091  0.000323005 -0.000761274 -0.000468042 1 0 0 0
             104.502  0.179608   30.3641 0.0289871 -0.00120112 0.000295612 -0.00320233  -0.00164113 -0.000807285   -0.0058755 -0.000297861 -6.51282e-06  0.000148092   0.00032297  -0.00076135 -0.000467911 1 0 0 30365
             104.502  0.179608   30.3641 0.0289871 -0.00120112 0.000295612 -0.00320233  -0.00164113 -0.000807285   -0.0058755 -0.000297861 -6.51282e-06  0.000148092   0.00032297  -0.00076135 -0.000467911 1 0 0 0
             104.569  0.179608   30.3641 0.0289871 -0.00120136 0.000295626 -0.00320346  -0.00164447 -0.000807162  -0.00588993 -0.000297862 -6.51314e-06  0.000148093  0.000322926 -0.000761351 -0.000467777 1 0 0 17806
             104.569  0.179608   30.3641 0.0289871 -0.00120136 0.000295626 -0.00320346  -0.00164447 -0.000807162  -0.00588993 -0.000297862 -6.51314e-06  0.000148093  0.000322926 -0.000761351 -0.000467777 1 0 0 0
             104.769  0.179608   30.3641 0.0289871 -0.00120051 0.000296325 -0.00320332  -0.00163274 -0.000798259  -0.00588806 -0.000297859 -6.50897e-06  0.000148092  0.000322842 -0.000761437 -0.000467846 1 0 0 17995
             104.769  0.179608   30.3641 0.0289871 -0.00120051 0.000296325 -0.00320332  -0.00163274 -0.000798259  -0.00588806 -0.000297859 -6.50897e-06  0.000148092  0.000322842 -0.000761437 -0.000467846 1 0 0 0
             104.902  0.179608   30.3641 0.0289871 -0.00120073 0.000296271 -0.00320396  -0.00163577 -0.000798982  -0.00589625 -0.000297861 -6.50489e-06  0.000148092  0.000322826  -0.00076143 -0.000467764 1 0 0 18520
             104.902  0.179608   30.3641 0.0289871 -0.00120073 0.000296271 -0.00320396  -0.00163577 -0.000798982  -0.00589625 -0.000297861 -6.50489e-06  0.000148092  0.000322826  -0.00076143 -0.000467764 1 0 0 0
             105.169  0.179608   30.3641 0.0289871 -0.00120071   0.0002958 -0.00320518  -0.00163587 -0.000804621  -0.00591165 -0.000297856 -6.50724e-06  0.000148093   0.00032275 -0.000761373 -0.000467637 1 0 0 29931
             105.169  0.179608   30.3641 0.0289871 -0.00120071   0.0002958 -0.00320518  -0.00163587 -0.000804621  -0.00591165 -0.000297856 -6.50724e-06  0.000148093   0.00032275 -0.000761373 -0.000467637 1 0 0 0
             105.236  0.179608   30.3641 0.0289871 -0.00120106 0.000295733 -0.00320532  -0.00164057 -0.000805584  -0.00591352 -0.000297855 -6.51215e-06  0.000148091  0.000322779 -0.000761364 -0.000467599 1 0 0 12327
             105.236  0.179608   30.3641 0.0289871 -0.00120106 0.000295733 -0.00320532  -0.00164057 -0.000805584  -0.00591352 -0.000297855 -6.51215e-06  0.000148091  0.000322779 -0.000761364 -0.000467599 1 0 0 0
             105.369  0.179608   30.3641 0.0289871 -0.00120108 0.000295997 -0.00320622  -0.00164086 -0.000802337    -0.005925 -0.000297855 -6.50759e-06   0.00014809  0.000322725 -0.000761396 -0.000467503 1 0 0 11630
             105.369  0.179608   30.3641 0.0289871 -0.00120108 0.000295997 -0.00320622  -0.00164086 -0.000802337    -0.005925 -0.000297855 -6.50759e-06   0.00014809  0.000322725 -0.000761396 -0.000467503 1 0 0 0
             105.636  0.179608   30.3641 0.0289871 -0.00120037 0.000297115 -0.00320669  -0.00163087 -0.000788363  -0.00593087 -0.000297853  -6.5138e-06  0.000148094  0.000322619 -0.000761532 -0.000467499 1 0 0 24658
             105.636  0.179608   30.3641 0.0289871 -0.00120037 0.000297115 -0.00320669  -0.00163087 -0.000788363  -0.00593087 -0.000297853  -6.5138e-06  0.000148094  0.000322619 -0.000761532 -0.000467499 1 0 0 0
             105.703  0.179608   30.3641 0.0289871 -0.00120041 0.000297884 -0.00320716  -0.00163111 -0.000778998  -0.00593689 -0.000297852 -6.51166e-06  0.000148092  0.000322593 -0.000761624 -0.000467447 1 0 0 11490
             105.703  0.179608   30.3641 0.0289871 -0.00120041 0.000297884 -0.00320716  -0.00163111 -0.000778998  -0.00593689 -0.000297852 -6.51166e-06  0.000148092  0.000322593 -0.000761624 -0.000467447 1 0 0 0
             106.037  0.179608   30.3641 0.0289871 -0.00120076 0.000297858 -0.00320764   -0.0016359 -0.000779456  -0.00594305 -0.000297852 -6.51166e-06  0.000148093  0.000322601 -0.000761621 -0.000467374 1 0 0 36331
             106.037  0.179608   30.3641 0.0289871 -0.00120076 0.000297858 -0.00320764   -0.0016359 -0.000779456  -0.00594305 -0.000297852 -6.51166e-06  0.000148093  0.000322601 -0.000761621 -0.000467374 1 0 0 0
             106.303  0.179608   30.3641 0.0289871 -0.00120066 0.000297601 -0.00320826   -0.0016347 -0.000782488  -0.00595096 -0.000297851 -6.51695e-06  0.000148094  0.000322552  -0.00076159 -0.000467314 1 0 0 18496
             106.303  0.179608   30.3641 0.0289871 -0.00120066 0.000297601 -0.00320826   -0.0016347 -0.000782488  -0.00595096 -0.000297851 -6.51695e-06  0.000148094  0.000322552  -0.00076159 -0.000467314 1 0 0 0
              106.37  0.179608   30.3641 0.0289871 -0.00120039 0.000297831 -0.00320833  -0.00163107 -0.000779563  -0.00595174 -0.000297848 -6.51444e-06  0.000148094   0.00032252 -0.000761618 -0.000467324 1 0 0 17692
              106.37  0.179608   30.3641 0.0289871 -0.00120039 0.000297831 -0.00320833  -0.00163107 -0.000779563  -0.00595174 -0.000297848 -6.51444e-06  0.000148094   0.00032252 -0.000761618 -0.000467324 1 0 0 0
             106.704  0.179608   30.3641 0.0289871 -0.00120056 0.000296964 -0.00320865 -0.00163378 -0.00079017 -0.00595579 -0.000297846  -6.5147e-06  0.000148095  0.000322519 -0.000761513  -0.00046728 1 0 0 36317
             106.704  0.179608   30.3641 0.0289871 -0.00120056 0.000296964 -0.00320865 -0.00163378 -0.00079017 -0.00595579 -0.000297846  -6.5147e-06  0.000148095  0.000322519 -0.000761513  -0.00046728 1 0 0 0
             107.104  0.179608   30.3641 0.0289871 -0.00119545 0.000301451 -0.00321006  -0.00156372 -0.000733081  -0.00597324 -0.000297837 -6.52375e-06  0.000148095   0.00032188 -0.000762062 -0.000467454 1 0 0 36221
             107.104  0.179608   30.3641 0.0289871 -0.00119545 0.000301451 -0.00321006  -0.00156372 -0.000733081  -0.00597324 -0.000297837 -6.52375e-06  0.000148095   0.00032188 -0.000762062 -0.000467454 1 0 0 0
             107.371  0.179608   30.3641 0.0289871 -0.00119424 0.000302323 -0.00320973  -0.0015472 -0.00072193 -0.00596886 -0.000297833 -6.53007e-06  0.000148098  0.000321771 -0.000762169 -0.000467566 1 0 0 31105
             107.371  0.179608   30.3641 0.0289871 -0.00119424 0.000302323 -0.00320973  -0.0015472 -0.00072193 -0.00596886 -0.000297833 -6.53007e-06  0.000148098  0.000321771 -0.000762169 -0.000467566 1 0 0 0
             107.438  0.179608   30.3641 0.0289871 -0.00119429 0.000302209 -0.00320983  -0.00154792 -0.000723337  -0.00597023 -0.000297832 -6.52795e-06  0.000148099   0.00032177 -0.000762155 -0.000467552 1 0 0 5032
             107.438  0.179608   30.3641 0.0289871 -0.00119429 0.000302209 -0.00320983  -0.00154792 -0.000723337  -0.00597023 -0.000297832 -6.52795e-06  0.000148099   0.00032177 -0.000762155 -0.000467552 1 0 0 0
             107.704  0.179608   30.3641 0.0289871 -0.00119458  0.00030191 -0.00320939  -0.0015518 -0.00072713 -0.00596462 -0.000297832 -6.52635e-06    0.0001481  0.000321828 -0.000762119 -0.000467581 1 0 0 18755
             107.704  0.179608   30.3641 0.0289871 -0.00119458  0.00030191 -0.00320939  -0.0015518 -0.00072713 -0.00596462 -0.000297832 -6.52635e-06    0.0001481  0.000321828 -0.000762119 -0.000467581 1 0 0 0
             107.838  0.179608   30.3641 0.0289871 -0.00119436  0.00030215 -0.00320898  -0.00154869 -0.000724137  -0.00595937 -0.000297832 -6.52156e-06  0.000148099  0.000321829 -0.000762148 -0.000467638 1 0 0 17360
             107.838  0.179608   30.3641 0.0289871 -0.00119436  0.00030215 -0.00320898  -0.00154869 -0.000724137  -0.00595937 -0.000297832 -6.52156e-06  0.000148099  0.000321829 -0.000762148 -0.000467638 1 0 0 0
             108.105  0.179608   30.3641 0.0289871 -0.00119413 0.000301677 -0.00320817  -0.00154577 -0.000729831  -0.00594902  -0.00029783 -6.51836e-06    0.0001481  0.000321855 -0.000762092 -0.000467738 1 0 0 36170
             108.105  0.179608   30.3641 0.0289871 -0.00119413 0.000301677 -0.00320817  -0.00154577 -0.000729831  -0.00594902  -0.00029783 -6.51836e-06    0.0001481  0.000321855 -0.000762092 -0.000467738 1 0 0 0
             108.305  0.179608   30.3641 0.0289871 -0.00119409 0.000301719 -0.00320832  -0.00154527 -0.000729297  -0.00595097 -0.000297831 -6.51932e-06    0.0001481  0.000321842 -0.000762097 -0.000467724 1 0 0 681
             108.305  0.179608   30.3641 0.0289871 -0.00119409 0.000301719 -0.00320832  -0.00154527 -0.000729297  -0.00595097 -0.000297831 -6.51932e-06    0.0001481  0.000321842 -0.000762097 -0.000467724 1 0 0 0
             108.505  0.179608   30.3641 0.0289871 -0.00119397 0.000302144 -0.00320748  -0.00154341 -0.000724129  -0.00594022  -0.00029783 -6.51443e-06  0.000148098  0.000321881 -0.000762149 -0.000467821 1 0 0 35624
             108.505  0.179608   30.3641 0.0289871 -0.00119397 0.000302144 -0.00320748  -0.00154341 -0.000724129  -0.00594022  -0.00029783 -6.51443e-06  0.000148098  0.000321881 -0.000762149 -0.000467821 1 0 0 0
             108.772  0.179608   30.3641 0.0289871 -0.00119437 0.000302017 -0.00320813  -0.00154882 -0.000725816  -0.00594855 -0.000297831 -6.51398e-06  0.000148097  0.000321883 -0.000762132 -0.000467727 1 0 0 12761
             108.772  0.179608   30.3641 0.0289871 -0.00119437 0.000302017 -0.00320813  -0.00154882 -0.000725816  -0.00594855 -0.000297831 -6.51398e-06  0.000148097  0.000321883 -0.000762132 -0.000467727 1 0 0 0
             109.172  0.179608   30.3641 0.0289871 -0.00119434 0.000302364 -0.00320803  -0.00154824 -0.000721582  -0.00594728  -0.00029783 -6.51226e-06  0.000148098  0.000321886 -0.000762175  -0.00046774 1 0 0 36162
             109.172  0.179608   30.3641 0.0289871 -0.00119434 0.000302364 -0.00320803  -0.00154824 -0.000721582  -0.00594728  -0.00029783 -6.51226e-06  0.000148098  0.000321886 -0.000762175  -0.00046774 1 0 0 0
             109.239  0.179608   30.3641 0.0289871 -0.00119408 0.000302519 -0.00320737  -0.00154457 -0.000719614  -0.00593886 -0.000297829 -6.50925e-06  0.000148097  0.000321898 -0.000762194 -0.000467826 1 0 0 5192
             109.239  0.179608   30.3641 0.0289871 -0.00119408 0.000302519 -0.00320737  -0.00154457 -0.000719614  -0.00593886 -0.000297829 -6.50925e-06  0.000148097  0.000321898 -0.000762194 -0.000467826 1 0 0 0
             109.506  0.179608   30.3641 0.0289871 -0.00119405 0.000302579 -0.00320727  -0.00154419 -0.000718878   -0.0059377 -0.000297828 -6.50854e-06  0.000148098  0.000321901 -0.000762201 -0.000467838 1 0 0 816
             109.506  0.179608   30.3641 0.0289871 -0.00119405 0.000302579 -0.00320727  -0.00154419 -0.000718878   -0.0059377 -0.000297828 -6.50854e-06  0.000148098  0.000321901 -0.000762201 -0.000467838 1 0 0 0
             110.173  0.179608   30.3641 0.0289871 -0.00119396 0.000302961 -0.00320683  -0.00154272 -0.000714216  -0.00593209 -0.000297828 -6.51106e-06  0.000148096  0.000321918 -0.000762248  -0.00046789 1 0 0 53449
             110.173  0.179608   30.3641 0.0289871 -0.00119396 0.000302961 -0.00320683  -0.00154272 -0.000714216  -0.00593209 -0.000297828 -6.51106e-06  0.000148096  0.000321918 -0.000762248  -0.00046789 1 0 0 0
             110.239  0.179608   30.3641 0.0289871 -0.00119399 0.000302486  -0.0032071  -0.00154342 -0.000720001  -0.00593545 -0.000297826 -6.50972e-06  0.000148096 0.000321905 -0.00076219 -0.00046786 1 0 0 6667
             110.239  0.179608   30.3641 0.0289871 -0.00119399 0.000302486  -0.0032071  -0.00154342 -0.000720001  -0.00593545 -0.000297826 -6.50972e-06  0.000148096 0.000321905 -0.00076219 -0.00046786 1 0 0 0
              110.44  0.179608   30.3641 0.0289871 -0.00119344 0.000301924 -0.00320638  -0.00153621 -0.000726616  -0.00592626 -0.000297826 -6.51574e-06  0.000148095  0.000321891 -0.000762123  -0.00046797 1 0 0 29601
              110.44  0.179608   30.3641 0.0289871 -0.00119344 0.000301924 -0.00320638  -0.00153621 -0.000726616  -0.00592626 -0.000297826 -6.51574e-06  0.000148095  0.000321891 -0.000762123  -0.00046797 1 0 0 0
             110.506  0.179608   30.3641 0.0289871 -0.00119337 0.000301939 -0.00320587 -0.00153524 -0.00072644 -0.00591979 -0.000297827 -6.51415e-06  0.000148097  0.000321915 -0.000762125 -0.000468028 1 0 0 1031
             110.506  0.179608   30.3641 0.0289871 -0.00119337 0.000301939 -0.00320587 -0.00153524 -0.00072644 -0.00591979 -0.000297827 -6.51415e-06  0.000148097  0.000321915 -0.000762125 -0.000468028 1 0 0 0
              110.84  0.179608   30.3641 0.0289871  -0.0011927  0.00030253 -0.00320535  -0.00152602 -0.000718962  -0.00591312 -0.000297826 -6.51238e-06  0.000148095  0.000321875 -0.000762198 -0.000468126 1 0 0 35090
              110.84  0.179608   30.3641 0.0289871  -0.0011927  0.00030253 -0.00320535  -0.00152602 -0.000718962  -0.00591312 -0.000297826 -6.51238e-06  0.000148095  0.000321875 -0.000762198 -0.000468126 1 0 0 0
             110.907  0.179608   30.3641 0.0289871 -0.00119275 0.000302584 -0.00320506 -0.00152659 -0.00071835 -0.00590938 -0.000297826 -6.51226e-06  0.000148095  0.000321898 -0.000762204 -0.000468154 1 0 0 1077
             110.907  0.179608   30.3641 0.0289871 -0.00119275 0.000302584 -0.00320506 -0.00152659 -0.00071835 -0.00590938 -0.000297826 -6.51226e-06  0.000148095  0.000321898 -0.000762204 -0.000468154 1 0 0 0
             111.107  0.179608   30.3641 0.0289871 -0.00119223 0.000302005 -0.00320476 -0.00151986 -0.00072516 -0.00590543 -0.000297826 -6.51742e-06  0.000148096  0.000321862 -0.000762135 -0.000468219 1 0 0 35118
             111.107  0.179608   30.3641 0.0289871 -0.00119223 0.000302005 -0.00320476 -0.00151986 -0.00072516 -0.00590543 -0.000297826 -6.51742e-06  0.000148096  0.000321862 -0.000762135 -0.000468219 1 0 0 0
             111.373  0.179608   30.3641 0.0289871 -0.00119094 0.000304042 -0.00320373  -0.00150156 -0.000699847  -0.00589229 -0.000297819 -6.52137e-06  0.000148097  0.000321784 -0.000762383 -0.000468409 1 0 0 31148
             111.373  0.179608   30.3641 0.0289871 -0.00119094 0.000304042 -0.00320373  -0.00150156 -0.000699847  -0.00589229 -0.000297819 -6.52137e-06  0.000148097  0.000321784 -0.000762383 -0.000468409 1 0 0 0
             111.507  0.179608   30.3641 0.0289871 -0.00119054 0.000304338  -0.0032032  -0.00149611 -0.000696095  -0.00588561  -0.00029782 -6.52094e-06  0.000148097 0.000321774 -0.00076242 -0.00046849 1 0 0 6165
             111.507  0.179608   30.3641 0.0289871 -0.00119054 0.000304338  -0.0032032  -0.00149611 -0.000696095  -0.00588561  -0.00029782 -6.52094e-06  0.000148097 0.000321774 -0.00076242 -0.00046849 1 0 0 0
              111.84  0.179608   30.3641 0.0289871 -0.00119025 0.000304264 -0.00320265  -0.00149218 -0.000696886  -0.00587852 -0.000297818 -6.51591e-06  0.000148098  0.000321777 -0.000762411 -0.000468567 1 0 0 35057
              111.84  0.179608   30.3641 0.0289871 -0.00119025 0.000304264 -0.00320265  -0.00149218 -0.000696886  -0.00587852 -0.000297818 -6.51591e-06  0.000148098  0.000321777 -0.000762411 -0.000468567 1 0 0 0
             111.974  0.179608   30.3641 0.0289871 -0.00118929 0.000305061 -0.00320217  -0.00147892 -0.000686774  -0.00587234 -0.000297818 -6.51014e-06  0.000148096  0.000321703 -0.000762509 -0.000468678 1 0 0 13183
             111.974  0.179608   30.3641 0.0289871 -0.00118929 0.000305061 -0.00320217  -0.00147892 -0.000686774  -0.00587234 -0.000297818 -6.51014e-06  0.000148096  0.000321703 -0.000762509 -0.000468678 1 0 0 0
             112.107  0.179608   30.3641 0.0289871 -0.00118986 0.000304423 -0.00320194  -0.00148676 -0.000694818  -0.00586952 -0.000297817 -6.51543e-06  0.000148095  0.000321778 -0.000762431 -0.000468666 1 0 0 23054
             112.107  0.179608   30.3641 0.0289871 -0.00118986 0.000304423 -0.00320194  -0.00148676 -0.000694818  -0.00586952 -0.000297817 -6.51543e-06  0.000148095  0.000321778 -0.000762431 -0.000468666 1 0 0 0
             112.508  0.179608   30.3641 0.0289871 -0.00118738 0.000307031 -0.00320091  -0.00145237 -0.000661993  -0.00585619 -0.000297812 -6.51716e-06  0.000148095  0.000321573  -0.00076275 -0.000468932 1 0 0 36254
             112.508  0.179608   30.3641 0.0289871 -0.00118738 0.000307031 -0.00320091  -0.00145237 -0.000661993  -0.00585619 -0.000297812 -6.51716e-06  0.000148095  0.000321573  -0.00076275 -0.000468932 1 0 0 0
             112.641  0.179608   30.3641 0.0289871 -0.00118749 0.000307475 -0.00320025  -0.00145355 -0.000656683  -0.00584778 -0.000297809 -6.51305e-06  0.000148093  0.000321625 -0.000762804 -0.000468996 1 0 0 7263
             112.641  0.179608   30.3641 0.0289871 -0.00118749 0.000307475 -0.00320025  -0.00145355 -0.000656683  -0.00584778 -0.000297809 -6.51305e-06  0.000148093  0.000321625 -0.000762804 -0.000468996 1 0 0 0
             112.908  0.179608   30.3641 0.0289871 -0.00118725 0.000306874  -0.0032003  -0.00145068 -0.000663879  -0.00584838 -0.000297809 -6.51813e-06  0.000148091  0.000321598 -0.000762732 -0.000469005 1 0 0 30097
             112.908  0.179608   30.3641 0.0289871 -0.00118725 0.000306874  -0.0032003  -0.00145068 -0.000663879  -0.00584838 -0.000297809 -6.51813e-06  0.000148091  0.000321598 -0.000762732 -0.000469005 1 0 0 0
             113.041  0.179608   30.3641 0.0289871  -0.0011869 0.000306893 -0.00319939 -0.00144582 -0.00066354 -0.00583684 -0.000297806 -6.51364e-06  0.000148094  0.000321615 -0.000762735 -0.000469123 1 0 0 24184
             113.041  0.179608   30.3641 0.0289871  -0.0011869 0.000306893 -0.00319939 -0.00144582 -0.00066354 -0.00583684 -0.000297806 -6.51364e-06  0.000148094  0.000321615 -0.000762735 -0.000469123 1 0 0 0
             113.308  0.179608   30.3641 0.0289871 -0.00118666 0.000306856 -0.00319946  -0.00144267 -0.000663875  -0.00583762 -0.000297808 -6.51152e-06  0.000148095  0.000321586 -0.000762731 -0.000469131 1 0 0 30005
             113.308  0.179608   30.3641 0.0289871 -0.00118666 0.000306856 -0.00319946  -0.00144267 -0.000663875  -0.00583762 -0.000297808 -6.51152e-06  0.000148095  0.000321586 -0.000762731 -0.000469131 1 0 0 0
             113.375  0.179608   30.3641 0.0289871 -0.00118637 0.000307688 -0.00319868   -0.0014384 -0.000653665  -0.00582777 -0.000297806 -6.50994e-06  0.000148093  0.000321602 -0.000762832 -0.000469231 1 0 0 16769
             113.375  0.179608   30.3641 0.0289871 -0.00118637 0.000307688 -0.00319868   -0.0014384 -0.000653665  -0.00582777 -0.000297806 -6.50994e-06  0.000148093  0.000321602 -0.000762832 -0.000469231 1 0 0 0
             113.642  0.179608   30.3641 0.0289871 -0.00118641 0.000307615 -0.00319813 -0.00143885 -0.00065461 -0.00582079 -0.000297805 -6.50838e-06  0.000148094   0.00032164 -0.000762823 -0.000469287 1 0 0 7609
             113.642  0.179608   30.3641 0.0289871 -0.00118641 0.000307615 -0.00319813 -0.00143885 -0.00065461 -0.00582079 -0.000297805 -6.50838e-06  0.000148094   0.00032164 -0.000762823 -0.000469287 1 0 0 0
             113.975  0.179608   30.3641 0.0289871 -0.00118648 0.000307905 -0.00319788  -0.00143959 -0.000651121   -0.0058176 -0.000297803 -6.50642e-06  0.000148094  0.000321662 -0.000762858  -0.00046931 1 0 0 41880
             113.975  0.179608   30.3641 0.0289871 -0.00118648 0.000307905 -0.00319788  -0.00143959 -0.000651121   -0.0058176 -0.000297803 -6.50642e-06  0.000148094  0.000321662 -0.000762858  -0.00046931 1 0 0 0
             114.509  0.179608   30.3641 0.0289871 -0.00118569 0.000307272 -0.00319629  -0.00142924 -0.000658558  -0.00579727 -0.000297802 -6.50304e-06  0.000148095  0.000321677 -0.000762783 -0.000469527 1 0 0 59101
             114.509  0.179608   30.3641 0.0289871 -0.00118569 0.000307272 -0.00319629  -0.00142924 -0.000658558  -0.00579727 -0.000297802 -6.50304e-06  0.000148095  0.000321677 -0.000762783 -0.000469527 1 0 0 0
             114.776  0.179608   30.3641 0.0289871 -0.00118496 0.000307618 -0.00319575  -0.00141927 -0.000654038  -0.00579032 -0.000297799 -6.50554e-06  0.000148097  0.000321632 -0.000762826  -0.00046963 1 0 0 13352
             114.776  0.179608   30.3641 0.0289871 -0.00118496 0.000307618 -0.00319575  -0.00141927 -0.000654038  -0.00579032 -0.000297799 -6.50554e-06  0.000148097  0.000321632 -0.000762826  -0.00046963 1 0 0 0
             114.909  0.179608   30.3641 0.0289871  -0.0011843 0.000307749 -0.00319571  -0.00141041 -0.000652134  -0.00578977 -0.000297799 -6.50717e-06  0.000148095  0.000321563 -0.000762843 -0.000469676 1 0 0 22796
             114.909  0.179608   30.3641 0.0289871  -0.0011843 0.000307749 -0.00319571  -0.00141041 -0.000652134  -0.00578977 -0.000297799 -6.50717e-06  0.000148095  0.000321563 -0.000762843 -0.000469676 1 0 0 0
             115.109  0.179608   30.3641 0.0289871 -0.00118504 0.000307665 -0.00319605  -0.00142033 -0.000653488  -0.00579414 -0.000297798 -6.51045e-06  0.000148097  0.000321622 -0.000762832 -0.000469594 1 0 0 1507
             115.109  0.179608   30.3641 0.0289871 -0.00118504 0.000307665 -0.00319605  -0.00142033 -0.000653488  -0.00579414 -0.000297798 -6.51045e-06  0.000148097  0.000321622 -0.000762832 -0.000469594 1 0 0 0
             115.243  0.179608   30.3641 0.0289871  -0.0011845 0.000307325 -0.00319518  -0.00141314 -0.000657421  -0.00578301 -0.000297799 -6.51202e-06  0.000148095  0.000321618 -0.000762791  -0.00046972 1 0 0 24331
             115.243  0.179608   30.3641 0.0289871  -0.0011845 0.000307325 -0.00319518  -0.00141314 -0.000657421  -0.00578301 -0.000297799 -6.51202e-06  0.000148095  0.000321618 -0.000762791  -0.00046972 1 0 0 0
             115.443  0.179608   30.3641 0.0289871 -0.00118442 0.000307181 -0.00319507  -0.00141211 -0.000659143  -0.00578159  -0.0002978 -6.5108e-06 0.000148097  0.000321616 -0.000762774 -0.000469737 1 0 0 18106
             115.443  0.179608   30.3641 0.0289871 -0.00118442 0.000307181 -0.00319507  -0.00141211 -0.000659143  -0.00578159  -0.0002978 -6.5108e-06 0.000148097  0.000321616 -0.000762774 -0.000469737 1 0 0 0
             115.576  0.179608   30.3641 0.0289871 -0.00118453 0.000306071 -0.00319542  -0.00141413 -0.000672669  -0.00578596   -0.0002978 -6.51517e-06  0.000148095  0.000321607  -0.00076264 -0.000469693 1 0 0 24052
             115.576  0.179608   30.3641 0.0289871 -0.00118453 0.000306071 -0.00319542  -0.00141413 -0.000672669  -0.00578596   -0.0002978 -6.51517e-06  0.000148095  0.000321607  -0.00076264 -0.000469693 1 0 0 0
             115.776  0.179608   30.3641 0.0289871 -0.00118431 0.000305725 -0.00319544  -0.00141139 -0.000676778  -0.00578619   -0.0002978 -6.51578e-06  0.000148094  0.000321583 -0.000762598 -0.000469704 1 0 0 4224
             115.776  0.179608   30.3641 0.0289871 -0.00118431 0.000305725 -0.00319544  -0.00141139 -0.000676778  -0.00578619   -0.0002978 -6.51578e-06  0.000148094  0.000321583 -0.000762598 -0.000469704 1 0 0 0
              115.91  0.179608   30.3641 0.0289871 -0.00118329 0.000305671 -0.00319427  -0.00139769 -0.000677025  -0.00577116   -0.0002978 -6.51543e-06  0.000148093  0.000321546 -0.000762594 -0.000469892 1 0 0 19873
              115.91  0.179608   30.3641 0.0289871 -0.00118329 0.000305671 -0.00319427  -0.00139769 -0.000677025  -0.00577116   -0.0002978 -6.51543e-06  0.000148093  0.000321546 -0.000762594 -0.000469892 1 0 0 0
              116.11  0.179608   30.3641 0.0289871 -0.00118396 0.000305254 -0.00319478  -0.00140683 -0.000682381  -0.00577771 -0.000297802   -6.518e-06  0.000148095  0.000321587 -0.000762542 -0.000469796 1 0 0 16405
              116.11  0.179608   30.3641 0.0289871 -0.00118396 0.000305254 -0.00319478  -0.00140683 -0.000682381  -0.00577771 -0.000297802   -6.518e-06  0.000148095  0.000321587 -0.000762542 -0.000469796 1 0 0 0
             116.243  0.179608   30.3641 0.0289871 -0.00118415 0.000304912 -0.00319499  -0.00140965 -0.000686622  -0.00578038 -0.000297801 -6.51907e-06  0.000148095  0.000321595   -0.0007625 -0.000469761 1 0 0 7862
             116.243  0.179608   30.3641 0.0289871 -0.00118415 0.000304912 -0.00319499  -0.00140965 -0.000686622  -0.00578038 -0.000297801 -6.51907e-06  0.000148095  0.000321595   -0.0007625 -0.000469761 1 0 0 0
              116.51  0.179608   30.3641 0.0289871 -0.00118412 0.000305295  -0.0031951  -0.00140898 -0.000681931  -0.00578179 -0.000297802 -6.51879e-06  0.000148096  0.000321584 -0.000762547 -0.000469752 1 0 0 30244
              116.51  0.179608   30.3641 0.0289871 -0.00118412 0.000305295  -0.0031951  -0.00140898 -0.000681931  -0.00578179 -0.000297802 -6.51879e-06  0.000148096  0.000321584 -0.000762547 -0.000469752 1 0 0 0
             116.577  0.179608   30.3641 0.0289871 -0.00118363 0.000304766 -0.00319477  -0.00140267 -0.000688156  -0.00577756 -0.000297802 -6.51895e-06  0.000148097  0.000321553 -0.000762484 -0.000469817 1 0 0 16152
             116.577  0.179608   30.3641 0.0289871 -0.00118363 0.000304766 -0.00319477  -0.00140267 -0.000688156  -0.00577756 -0.000297802 -6.51895e-06  0.000148097  0.000321553 -0.000762484 -0.000469817 1 0 0 0
             116.777  0.179608   30.3641 0.0289871  -0.0011837 0.000304762 -0.00319451  -0.00140358 -0.000688259  -0.00577424 -0.000297804 -6.51959e-06  0.000148096  0.000321576 -0.000762483 -0.000469841 1 0 0 18156
             116.777  0.179608   30.3641 0.0289871  -0.0011837 0.000304762 -0.00319451  -0.00140358 -0.000688259  -0.00577424 -0.000297804 -6.51959e-06  0.000148096  0.000321576 -0.000762483 -0.000469841 1 0 0 0
             117.244  0.179608   30.3641 0.0289871 -0.00117869 0.000309553 -0.00319314  -0.00133447 -0.000627709  -0.00575638 -0.000297799 -6.52472e-06    0.0001481   0.00032112  -0.00076307 -0.000470303 1 0 0 44218
             117.244  0.179608   30.3641 0.0289871 -0.00117869 0.000309553 -0.00319314  -0.00133447 -0.000627709  -0.00575638 -0.000297799 -6.52472e-06    0.0001481   0.00032112  -0.00076307 -0.000470303 1 0 0 0
             117.311  0.179608   30.3641 0.0289871 -0.00117858 0.000309229 -0.00319318  -0.00133314 -0.000631598  -0.00575689   -0.0002978 -6.52727e-06  0.000148099  0.000321106 -0.000763031 -0.000470305 1 0 0 11996
             117.311  0.179608   30.3641 0.0289871 -0.00117858 0.000309229 -0.00319318  -0.00133314 -0.000631598  -0.00575689   -0.0002978 -6.52727e-06  0.000148099  0.000321106 -0.000763031 -0.000470305 1 0 0 0
             117.511  0.179608   30.3641 0.0289871 -0.00117891 0.000309077 -0.00319278   -0.0013375 -0.000633627   -0.0057518 -0.000297801 -6.52824e-06    0.0001481  0.000321165 -0.000763012 -0.000470327 1 0 0 16218
             117.511  0.179608   30.3641 0.0289871 -0.00117891 0.000309077 -0.00319278   -0.0013375 -0.000633627   -0.0057518 -0.000297801 -6.52824e-06    0.0001481  0.000321165 -0.000763012 -0.000470327 1 0 0 0
             117.845  0.179608   30.3641 0.0289871 -0.00117717 0.000310314 -0.00319302  -0.00131382 -0.000617745  -0.00575464 -0.000297797 -6.53198e-06  0.000148103  0.000320964 -0.000763164 -0.000470412 1 0 0 26324
             117.845  0.179608   30.3641 0.0289871 -0.00117717 0.000310314 -0.00319302  -0.00131382 -0.000617745  -0.00575464 -0.000297797 -6.53198e-06  0.000148103  0.000320964 -0.000763164 -0.000470412 1 0 0 0
             117.911  0.179608   30.3641 0.0289871  -0.0011773 0.000310302 -0.00319214  -0.00131543 -0.000618003  -0.00574354 -0.000297797 -6.53134e-06  0.000148103  0.000321031 -0.000763163 -0.000470496 1 0 0 9852
             117.911  0.179608   30.3641 0.0289871  -0.0011773 0.000310302 -0.00319214  -0.00131543 -0.000618003  -0.00574354 -0.000297797 -6.53134e-06  0.000148103  0.000321031 -0.000763163 -0.000470496 1 0 0 0
             118.111  0.179608   30.3641 0.0289871 -0.00117718 0.000310187 -0.00319238  -0.00131391 -0.000619328  -0.00574652 -0.000297797 -6.53177e-06  0.000148103  0.000321004 -0.000763149 -0.000470479 1 0 0 1746
             118.111  0.179608   30.3641 0.0289871 -0.00117718 0.000310187 -0.00319238  -0.00131391 -0.000619328  -0.00574652 -0.000297797 -6.53177e-06  0.000148103  0.000321004 -0.000763149 -0.000470479 1 0 0 0
             118.311  0.179608   30.3641 0.0289871 -0.00117666  0.00031057   -0.003192  -0.00130675 -0.000614443  -0.00574172 -0.000297796 -6.52827e-06  0.000148102  0.000320971 -0.000763196 -0.000470552 1 0 0 34269
             118.311  0.179608   30.3641 0.0289871 -0.00117666  0.00031057   -0.003192  -0.00130675 -0.000614443  -0.00574172 -0.000297796 -6.52827e-06  0.000148102  0.000320971 -0.000763196 -0.000470552 1 0 0 0
             118.512  0.179608   30.3641 0.0289871 -0.00117656 0.000310488 -0.00319218  -0.00130543 -0.000615387  -0.00574397 -0.000297796 -6.52873e-06  0.000148102  0.000320949 -0.000763186 -0.000470539 1 0 0 1834
             118.512  0.179608   30.3641 0.0289871 -0.00117656 0.000310488 -0.00319218  -0.00130543 -0.000615387  -0.00574397 -0.000297796 -6.52873e-06  0.000148102  0.000320949 -0.000763186 -0.000470539 1 0 0 0
             118.645  0.179608   30.3641 0.0289871 -0.00117637 0.000311324 -0.00319226  -0.00130252 -0.000605128  -0.00574498 -0.000297794 -6.53114e-06    0.0001481  0.000320923 -0.000763287 -0.000470543 1 0 0 24354
             118.645  0.179608   30.3641 0.0289871 -0.00117637 0.000311324 -0.00319226  -0.00130252 -0.000605128  -0.00574498 -0.000297794 -6.53114e-06    0.0001481  0.000320923 -0.000763287 -0.000470543 1 0 0 0
             118.912  0.179608   30.3641 0.0289871 -0.00117631 0.000311402 -0.00319186  -0.00130165 -0.000604172   -0.0057399 -0.000297795 -6.53026e-06  0.000148098  0.000320941 -0.000763297 -0.000470589 1 0 0 30025
             118.912  0.179608   30.3641 0.0289871 -0.00117631 0.000311402 -0.00319186  -0.00130165 -0.000604172   -0.0057399 -0.000297795 -6.53026e-06  0.000148098  0.000320941 -0.000763297 -0.000470589 1 0 0 0
             119.045  0.179608   30.3641 0.0289871 -0.00117616 0.000311155 -0.00319158  -0.00129975 -0.000607125  -0.00573627 -0.000297793 -6.53101e-06  0.000148098  0.000320943 -0.000763268 -0.000470628 1 0 0 16385
             119.045  0.179608   30.3641 0.0289871 -0.00117616 0.000311155 -0.00319158  -0.00129975 -0.000607125  -0.00573627 -0.000297793 -6.53101e-06  0.000148098  0.000320943 -0.000763268 -0.000470628 1 0 0 0
             119.312  0.179608   30.3641 0.0289871 -0.00117575 0.000310656 -0.00319172  -0.00129449 -0.000612993  -0.00573796 -0.000297792 -6.53219e-06  0.000148099  0.000320891 -0.000763208 -0.000470639 1 0 0 18076
             119.312  0.179608   30.3641 0.0289871 -0.00117575 0.000310656 -0.00319172  -0.00129449 -0.000612993  -0.00573796 -0.000297792 -6.53219e-06  0.000148099  0.000320891 -0.000763208 -0.000470639 1 0 0 0
             119.579  0.179608   30.3641 0.0289871 -0.00117535 0.000310735 -0.00319113  -0.00128908 -0.000611876  -0.00573048 -0.000297791 -6.53255e-06    0.0001481  0.000320884 -0.000763218 -0.000470726 1 0 0 18124
             119.579  0.179608   30.3641 0.0289871 -0.00117535 0.000310735 -0.00319113  -0.00128908 -0.000611876  -0.00573048 -0.000297791 -6.53255e-06    0.0001481  0.000320884 -0.000763218 -0.000470726 1 0 0 0
             119.846  0.179608   30.3641 0.0289871 -0.00117587 0.000310338 -0.00319155  -0.00129624 -0.000616922  -0.00573585 -0.000297794 -6.53524e-06  0.000148098  0.000320914 -0.000763169 -0.000470649 1 0 0 26139
             119.846  0.179608   30.3641 0.0289871 -0.00117587 0.000310338 -0.00319155  -0.00129624 -0.000616922  -0.00573585 -0.000297794 -6.53524e-06  0.000148098  0.000320914 -0.000763169 -0.000470649 1 0 0 0
             120.113  0.179608   30.3641 0.0289871 -0.00117571 0.000310553  -0.0031905  -0.00129388 -0.000614303  -0.00572256 -0.000297794 -6.53178e-06    0.0001481  0.000320961 -0.000763196  -0.00047077 1 0 0 12133
             120.113  0.179608   30.3641 0.0289871 -0.00117571 0.000310553  -0.0031905  -0.00129388 -0.000614303  -0.00572256 -0.000297794 -6.53178e-06    0.0001481  0.000320961 -0.000763196  -0.00047077 1 0 0 0
              120.18  0.179608   30.3641 0.0289871 -0.00117594 0.000310586 -0.00319084  -0.00129702 -0.000613996  -0.00572681 -0.000297793 -6.53341e-06  0.000148098  0.000320966 -0.000763199  -0.00047072 1 0 0 15829
              120.18  0.179608   30.3641 0.0289871 -0.00117594 0.000310586 -0.00319084  -0.00129702 -0.000613996  -0.00572681 -0.000297793 -6.53341e-06  0.000148098  0.000320966 -0.000763199  -0.00047072 1 0 0 0
             120.447  0.179608   30.3641 0.0289871 -0.00117606  0.00031091 -0.00319112  -0.00129841 -0.000610081  -0.00573051 -0.000297791 -6.53233e-06  0.000148099   0.00032096 -0.000763238 -0.000470683 1 0 0 18021
             120.447  0.179608   30.3641 0.0289871 -0.00117606  0.00031091 -0.00319112  -0.00129841 -0.000610081  -0.00573051 -0.000297791 -6.53233e-06  0.000148099   0.00032096 -0.000763238 -0.000470683 1 0 0 0
             120.513  0.179608   30.3641 0.0289871 -0.00117597 0.000310835 -0.00319077  -0.00129719 -0.000610973  -0.00572593 -0.000297791 -6.53008e-06    0.0001481  0.000320972 -0.000763229 -0.000470726 1 0 0 2325
             120.513  0.179608   30.3641 0.0289871 -0.00117597 0.000310835 -0.00319077  -0.00129719 -0.000610973  -0.00572593 -0.000297791 -6.53008e-06    0.0001481  0.000320972 -0.000763229 -0.000470726 1 0 0 0
             120.713  0.179608   30.3641 0.0289871 -0.00117597 0.000312383 -0.00319114  -0.00129658 -0.000592126  -0.00573078 -0.000297791  -6.5279e-06  0.000148098  0.000320948 -0.000763416 -0.000470687 1 0 0 33762
             120.713  0.179608   30.3641 0.0289871 -0.00117597 0.000312383 -0.00319114  -0.00129658 -0.000592126  -0.00573078 -0.000297791  -6.5279e-06  0.000148098  0.000320948 -0.000763416 -0.000470687 1 0 0 0
             120.847  0.179608   30.3641 0.0289871 -0.00117683 0.000312289 -0.00319149  -0.00130818 -0.000593656  -0.00573533 -0.000297792  -6.5283e-06  0.000148098  0.000321019 -0.000763404 -0.000470595 1 0 0 8179
             120.847  0.179608   30.3641 0.0289871 -0.00117683 0.000312289 -0.00319149  -0.00130818 -0.000593656  -0.00573533 -0.000297792  -6.5283e-06  0.000148098  0.000321019 -0.000763404 -0.000470595 1 0 0 0
             121.047  0.179608   30.3641 0.0289871 -0.00117621 0.000312593 -0.00319099  -0.00129971 -0.000589701  -0.00572891 -0.000297789 -6.52395e-06  0.000148099  0.000320983 -0.000763441 -0.000470687 1 0 0 27840
             121.047  0.179608   30.3641 0.0289871 -0.00117621 0.000312593 -0.00319099  -0.00129971 -0.000589701  -0.00572891 -0.000297789 -6.52395e-06  0.000148099  0.000320983 -0.000763441 -0.000470687 1 0 0 0
             121.314  0.179608   30.3641 0.0289871 -0.00117535 0.000313279 -0.00319038  -0.00128778 -0.000580987  -0.00572111 -0.000297785 -6.52064e-06  0.000148102  0.000320927 -0.000763526 -0.000470806 1 0 0 20537
             121.314  0.179608   30.3641 0.0289871 -0.00117535 0.000313279 -0.00319038  -0.00128778 -0.000580987  -0.00572111 -0.000297785 -6.52064e-06  0.000148102  0.000320927 -0.000763526 -0.000470806 1 0 0 0
             121.447  0.179608   30.3641 0.0289871 -0.00117527 0.000313669 -0.00319081  -0.00128665 -0.000576176  -0.00572653 -0.000297784  -6.5209e-06  0.000148101  0.000320892 -0.000763573 -0.000470766 1 0 0 15593
             121.447  0.179608   30.3641 0.0289871 -0.00117527 0.000313669 -0.00319081  -0.00128665 -0.000576176  -0.00572653 -0.000297784  -6.5209e-06  0.000148101  0.000320892 -0.000763573 -0.000470766 1 0 0 0
             121.581  0.179608   30.3641 0.0289871 -0.00117532 0.000313543 -0.00319108  -0.00128736 -0.000577719  -0.00572991 -0.000297786  -6.5177e-06  0.000148102  0.000320881 -0.000763557 -0.000470735 1 0 0 14394
             121.581  0.179608   30.3641 0.0289871 -0.00117532 0.000313543 -0.00319108  -0.00128736 -0.000577719  -0.00572991 -0.000297786  -6.5177e-06  0.000148102  0.000320881 -0.000763557 -0.000470735 1 0 0 0
             121.647  0.179608   30.3641 0.0289871 -0.00117559 0.000313366 -0.00319106  -0.00129097 -0.000579994  -0.00572976 -0.000297786 -6.51883e-06  0.000148103   0.00032091 -0.000763536  -0.00047072 1 0 0 3582
             121.647  0.179608   30.3641 0.0289871 -0.00117559 0.000313366 -0.00319106  -0.00129097 -0.000579994  -0.00572976 -0.000297786 -6.51883e-06  0.000148103   0.00032091 -0.000763536  -0.00047072 1 0 0 0
             121.914  0.179608   30.3641 0.0289871 -0.00117566 0.000312533 -0.00319152  -0.00129239 -0.000590126  -0.00573556 -0.000297786 -6.52285e-06  0.000148103  0.000320891 -0.000763435 -0.000470666 1 0 0 18207
             121.914  0.179608   30.3641 0.0289871 -0.00117566 0.000312533 -0.00319152  -0.00129239 -0.000590126  -0.00573556 -0.000297786 -6.52285e-06  0.000148103  0.000320891 -0.000763435 -0.000470666 1 0 0 0
             122.048  0.179608   30.3641 0.0289871  -0.0011756 0.000312646 -0.00319107 -0.00129147 -0.00058876 -0.00572987 -0.000297786 -6.51995e-06  0.000148102  0.000320912 -0.000763449 -0.000470718 1 0 0 8259
             122.048  0.179608   30.3641 0.0289871  -0.0011756 0.000312646 -0.00319107 -0.00129147 -0.00058876 -0.00572987 -0.000297786 -6.51995e-06  0.000148102  0.000320912 -0.000763449 -0.000470718 1 0 0 0
             122.581  0.179608   30.3641 0.0289871  -0.0011761 0.000312197  -0.0031914  -0.00129842 -0.000594427  -0.00573412 -0.000297785 -6.52852e-06  0.000148102  0.000320946 -0.000763394 -0.000470651 1 0 0 60760
             122.581  0.179608   30.3641 0.0289871  -0.0011761 0.000312197  -0.0031914  -0.00129842 -0.000594427  -0.00573412 -0.000297785 -6.52852e-06  0.000148102  0.000320946 -0.000763394 -0.000470651 1 0 0 0
             122.782  0.179608   30.3641 0.0289871 -0.00117605 0.000312035 -0.00319103  -0.00129777 -0.000596398  -0.00572938 -0.000297786  -6.5292e-06  0.000148102  0.000320963 -0.000763374 -0.000470693 1 0 0 3452
             122.782  0.179608   30.3641 0.0289871 -0.00117605 0.000312035 -0.00319103  -0.00129777 -0.000596398  -0.00572938 -0.000297786  -6.5292e-06  0.000148102  0.000320963 -0.000763374 -0.000470693 1 0 0 0
             122.915  0.179608   30.3641 0.0289871 -0.00117642 0.000311548  -0.0031911  -0.00130293 -0.000602493  -0.00573028 -0.000297784 -6.53341e-06  0.000148102  0.000320999 -0.000763315 -0.000470662 1 0 0 20885
             122.915  0.179608   30.3641 0.0289871 -0.00117642 0.000311548  -0.0031911  -0.00130293 -0.000602493  -0.00573028 -0.000297784 -6.53341e-06  0.000148102  0.000320999 -0.000763315 -0.000470662 1 0 0 0
             122.982  0.179608   30.3641 0.0289871 -0.00117654 0.000311478 -0.00319106  -0.00130464 -0.000603404  -0.00572979 -0.000297783 -6.52967e-06  0.000148103  0.000321015 -0.000763306 -0.000470659 1 0 0 15299
             122.982  0.179608   30.3641 0.0289871 -0.00117654 0.000311478 -0.00319106  -0.00130464 -0.000603404  -0.00572979 -0.000297783 -6.52967e-06  0.000148103  0.000321015 -0.000763306 -0.000470659 1 0 0 0
             123.382  0.179608   30.3641 0.0289871 -0.00117496 0.000312901 -0.00319073  -0.00128276 -0.000585373  -0.00572541 -0.000297781 -6.52991e-06  0.000148104  0.000320864  -0.00076348 -0.000470795 1 0 0 32665
             123.382  0.179608   30.3641 0.0289871 -0.00117496 0.000312901 -0.00319073  -0.00128276 -0.000585373  -0.00572541 -0.000297781 -6.52991e-06  0.000148104  0.000320864  -0.00076348 -0.000470795 1 0 0 0
             123.849  0.179608   30.3641 0.0289871 -0.00117596 0.000313093 -0.00319132  -0.00129607 -0.000583472  -0.00573306  -0.00029778 -6.52854e-06  0.000148103  0.000320935 -0.000763502 -0.000470669 1 0 0 39469
             123.849  0.179608   30.3641 0.0289871 -0.00117596 0.000313093 -0.00319132  -0.00129607 -0.000583472  -0.00573306  -0.00029778 -6.52854e-06  0.000148103  0.000320935 -0.000763502 -0.000470669 1 0 0 0
             124.383  0.179608   30.3641 0.0289871  -0.0011741 0.000314052 -0.00318987 -0.00127077 -0.00057103 -0.00571441 -0.000297774 -6.53092e-06  0.000148102  0.000320825 -0.000763621  -0.00047094 1 0 0 35527
             124.383  0.179608   30.3641 0.0289871  -0.0011741 0.000314052 -0.00318987 -0.00127077 -0.00057103 -0.00571441 -0.000297774 -6.53092e-06  0.000148102  0.000320825 -0.000763621  -0.00047094 1 0 0 0
              124.45  0.179608   30.3641 0.0289871 -0.00117427 0.000313596 -0.00318925  -0.00127309 -0.000576692  -0.00570664 -0.000297772 -6.53119e-06  0.000148101   0.00032088 -0.000763566 -0.000470994 1 0 0 8931
              124.45  0.179608   30.3641 0.0289871 -0.00117427 0.000313596 -0.00318925  -0.00127309 -0.000576692  -0.00570664 -0.000297772 -6.53119e-06  0.000148101   0.00032088 -0.000763566 -0.000470994 1 0 0 0
             124.783  0.179608   30.3641 0.0289871 -0.00117402 0.000313264 -0.00318913  -0.00126998 -0.000580618  -0.00570497 -0.000297771 -6.53458e-06  0.000148099  0.000320863 -0.000763526 -0.000471023 1 0 0 42062
             124.783  0.179608   30.3641 0.0289871 -0.00117402 0.000313264 -0.00318913  -0.00126998 -0.000580618  -0.00570497 -0.000297771 -6.53458e-06  0.000148099  0.000320863 -0.000763526 -0.000471023 1 0 0 0
              124.85  0.179608   30.3641 0.0289871 -0.00117349 0.000313623 -0.00318864  -0.00126265 -0.000576033  -0.00569869  -0.00029777 -6.53434e-06  0.000148099  0.000320835  -0.00076357 -0.000471108 1 0 0 12153
              124.85  0.179608   30.3641 0.0289871 -0.00117349 0.000313623 -0.00318864  -0.00126265 -0.000576033  -0.00569869  -0.00029777 -6.53434e-06  0.000148099  0.000320835  -0.00076357 -0.000471108 1 0 0 0
              125.05  0.179608   30.3641 0.0289871 -0.00117321 0.000313137 -0.00318853   -0.0012591 -0.000581812  -0.00569728 -0.000297771 -6.53528e-06  0.000148098  0.000320812 -0.000763512 -0.000471137 1 0 0 9221
              125.05  0.179608   30.3641 0.0289871 -0.00117321 0.000313137 -0.00318853   -0.0012591 -0.000581812  -0.00569728 -0.000297771 -6.53528e-06  0.000148098  0.000320812 -0.000763512 -0.000471137 1 0 0 0
             125.183  0.179608   30.3641 0.0289871 -0.00117408 0.000312823 -0.00318852  -0.00127081 -0.000586045  -0.00569728 -0.000297771 -6.53665e-06  0.000148099  0.000320906 -0.000763473 -0.000471083 1 0 0 14907
             125.183  0.179608   30.3641 0.0289871 -0.00117408 0.000312823 -0.00318852  -0.00127081 -0.000586045  -0.00569728 -0.000297771 -6.53665e-06  0.000148099  0.000320906 -0.000763473 -0.000471083 1 0 0 0
             125.517  0.179608   30.3641 0.0289871 -0.00117298 0.000312919 -0.00318859  -0.0012561 -0.00058436 -0.00569793 -0.000297769 -6.53674e-06  0.000148099  0.000320784 -0.000763486 -0.000471146 1 0 0 42623
             125.517  0.179608   30.3641 0.0289871 -0.00117298 0.000312919 -0.00318859  -0.0012561 -0.00058436 -0.00569793 -0.000297769 -6.53674e-06  0.000148099  0.000320784 -0.000763486 -0.000471146 1 0 0 0
             125.584  0.179608   30.3641 0.0289871  -0.0011735 0.000312034 -0.00318836   -0.0012635 -0.000595384  -0.00569515 -0.000297768  -6.5398e-06  0.000148098  0.000320855 -0.000763378 -0.000471136 1 0 0 14827
             125.584  0.179608   30.3641 0.0289871  -0.0011735 0.000312034 -0.00318836   -0.0012635 -0.000595384  -0.00569515 -0.000297768  -6.5398e-06  0.000148098  0.000320855 -0.000763378 -0.000471136 1 0 0 0
             125.851  0.179608   30.3641 0.0289871 -0.00117306 0.000313095  -0.0031877  -0.00125708 -0.000582318  -0.00568672 -0.000297768  -6.5391e-06  0.000148098  0.000320848 -0.000763507 -0.000471234 1 0 0 9295
             125.851  0.179608   30.3641 0.0289871 -0.00117306 0.000313095  -0.0031877  -0.00125708 -0.000582318  -0.00568672 -0.000297768  -6.5391e-06  0.000148098  0.000320848 -0.000763507 -0.000471234 1 0 0 0
             125.984  0.179608   30.3641 0.0289871 -0.00117355  0.00031247  -0.0031882  -0.00126397 -0.000590114  -0.00569305 -0.000297767 -6.54172e-06  0.000148096   0.00032087 -0.000763431  -0.00047115 1 0 0 8672
             125.984  0.179608   30.3641 0.0289871 -0.00117355  0.00031247  -0.0031882  -0.00126397 -0.000590114  -0.00569305 -0.000297767 -6.54172e-06  0.000148096   0.00032087 -0.000763431  -0.00047115 1 0 0 0
             126.251  0.179608   30.3641 0.0289871 -0.00117378 0.000312014  -0.0031881  -0.00126713 -0.000595775  -0.00569183 -0.000297767  -6.5417e-06  0.000148096  0.000320901 -0.000763376 -0.000471146 1 0 0 18103
             126.251  0.179608   30.3641 0.0289871 -0.00117378 0.000312014  -0.0031881  -0.00126713 -0.000595775  -0.00569183 -0.000297767  -6.5417e-06  0.000148096  0.000320901 -0.000763376 -0.000471146 1 0 0 0
             126.584  0.179608   30.3641 0.0289871 -0.00117432 0.000312656 -0.00318881  -0.00127413 -0.000588177  -0.00570093 -0.000297766 -6.54289e-06  0.000148097  0.000320914 -0.000763452 -0.000471038 1 0 0 36205
             126.584  0.179608   30.3641 0.0289871 -0.00117432 0.000312656 -0.00318881  -0.00127413 -0.000588177  -0.00570093 -0.000297766 -6.54289e-06  0.000148097  0.000320914 -0.000763452 -0.000471038 1 0 0 0
             126.651  0.179608   30.3641 0.0289871 -0.00117393 0.000312599 -0.00318862   -0.0012689 -0.000588695   -0.0056985 -0.000297767 -6.54345e-06  0.000148098  0.000320884 -0.000763446 -0.000471082 1 0 0 9491
             126.651  0.179608   30.3641 0.0289871 -0.00117393 0.000312599 -0.00318862   -0.0012689 -0.000588695   -0.0056985 -0.000297767 -6.54345e-06  0.000148098  0.000320884 -0.000763446 -0.000471082 1 0 0 0
             126.985  0.179608   30.3641 0.0289871 -0.00117442 0.000312225 -0.00318848  -0.00127565 -0.000593483   -0.0056967 -0.000297768 -6.54307e-06  0.000148099  0.000320946   -0.0007634 -0.000471066 1 0 0 26717
             126.985  0.179608   30.3641 0.0289871 -0.00117442 0.000312225 -0.00318848  -0.00127565 -0.000593483   -0.0056967 -0.000297768 -6.54307e-06  0.000148099  0.000320946   -0.0007634 -0.000471066 1 0 0 0
             127.118  0.179608   30.3641 0.0289871 -0.00117504 0.000311487  -0.0031893  -0.00128432 -0.000602703  -0.00570726 -0.000297767 -6.54559e-06    0.0001481 0.000320962 -0.00076331 -0.00047094 1 0 0 21490
             127.118  0.179608   30.3641 0.0289871 -0.00117504 0.000311487  -0.0031893  -0.00128432 -0.000602703  -0.00570726 -0.000297767 -6.54559e-06    0.0001481 0.000320962 -0.00076331 -0.00047094 1 0 0 0
             127.452  0.179608   30.3641 0.0289871  -0.0011758  0.00031148 -0.00318955  -0.00129451 -0.000603133  -0.00571048 -0.000297765 -6.54426e-06    0.0001481  0.000321029 -0.000763308 -0.000470865 1 0 0 24203
             127.452  0.179608   30.3641 0.0289871  -0.0011758  0.00031148 -0.00318955  -0.00129451 -0.000603133  -0.00571048 -0.000297765 -6.54426e-06    0.0001481  0.000321029 -0.000763308 -0.000470865 1 0 0 0
             127.518  0.179608   30.3641 0.0289871 -0.00117588 0.000311604 -0.00318999  -0.00129564 -0.000601633  -0.00571616 -0.000297763 -6.54108e-06    0.0001481   0.00032101 -0.000763323 -0.000470813 1 0 0 12055
             127.518  0.179608   30.3641 0.0289871 -0.00117588 0.000311604 -0.00318999  -0.00129564 -0.000601633  -0.00571616 -0.000297763 -6.54108e-06    0.0001481   0.00032101 -0.000763323 -0.000470813 1 0 0 0
             127.919  0.179608   30.3641 0.0289871 -0.00117656 0.000311142 -0.00318967  -0.00130481 -0.000607588  -0.00571216 -0.000297764 -6.53556e-06  0.000148102  0.000321102 -0.000763266 -0.000470804 1 0 0 50794
             127.919  0.179608   30.3641 0.0289871 -0.00117656 0.000311142 -0.00318967  -0.00130481 -0.000607588  -0.00571216 -0.000297764 -6.53556e-06  0.000148102  0.000321102 -0.000763266 -0.000470804 1 0 0 0
             128.119  0.179608   30.3641 0.0289871 -0.00117686 0.000311199 -0.00319042 -0.00130895   -0.000607 -0.00572163 -0.000297765 -6.53779e-06  0.000148102  0.000321089 -0.000763272 -0.000470706 1 0 0 3364
             128.119  0.179608   30.3641 0.0289871 -0.00117686 0.000311199 -0.00319042 -0.00130895   -0.000607 -0.00572163 -0.000297765 -6.53779e-06  0.000148102  0.000321089 -0.000763272 -0.000470706 1 0 0 0
             128.519  0.179608   30.3641 0.0289871 -0.00117684 0.000311199 -0.00319116  -0.00130872 -0.000606934  -0.00573108 -0.000297763 -6.53422e-06  0.000148103  0.000321041 -0.000763272 -0.000470629 1 0 0 36043
             128.519  0.179608   30.3641 0.0289871 -0.00117684 0.000311199 -0.00319116  -0.00130872 -0.000606934  -0.00573108 -0.000297763 -6.53422e-06  0.000148103  0.000321041 -0.000763272 -0.000470629 1 0 0 0
             128.719  0.179608   30.3641 0.0289871 -0.00117728 0.000311397 -0.00319157  -0.00131455 -0.000604712  -0.00573638 -0.000297758 -6.53136e-06  0.000148101  0.000321063 -0.000763295 -0.000470558 1 0 0 32188
             128.719  0.179608   30.3641 0.0289871 -0.00117728 0.000311397 -0.00319157  -0.00131455 -0.000604712  -0.00573638 -0.000297758 -6.53136e-06  0.000148101  0.000321063 -0.000763295 -0.000470558 1 0 0 0
             128.919  0.179608   30.3641 0.0289871 -0.00117734 0.000311445  -0.0031922  -0.00131538 -0.000604115  -0.00574432 -0.000297759 -6.53122e-06    0.0001481   0.00032103 -0.000763301 -0.000470488 1 0 0 3149
             128.919  0.179608   30.3641 0.0289871 -0.00117734 0.000311445  -0.0031922  -0.00131538 -0.000604115  -0.00574432 -0.000297759 -6.53122e-06    0.0001481   0.00032103 -0.000763301 -0.000470488 1 0 0 0
             129.186  0.179608   30.3641 0.0289871 -0.00117744 0.000311579 -0.00319245  -0.00131672 -0.000602517  -0.00574753 -0.000297757 -6.53355e-06  0.000148099  0.000321026 -0.000763317 -0.000470455 1 0 0 33193
             129.186  0.179608   30.3641 0.0289871 -0.00117744 0.000311579 -0.00319245  -0.00131672 -0.000602517  -0.00574753 -0.000297757 -6.53355e-06  0.000148099  0.000321026 -0.000763317 -0.000470455 1 0 0 0
             129.386  0.179608   30.3641 0.0289871 -0.00117734 0.000311733 -0.00319271   -0.0013153 -0.000600578  -0.00575089 -0.000297756 -6.53494e-06  0.000148099  0.000320998 -0.000763335 -0.000470434 1 0 0 15591
             129.386  0.179608   30.3641 0.0289871 -0.00117734 0.000311733 -0.00319271   -0.0013153 -0.000600578  -0.00575089 -0.000297756 -6.53494e-06  0.000148099  0.000320998 -0.000763335 -0.000470434 1 0 0 0
             129.587  0.179608   30.3641 0.0289871 -0.00117782 0.000310691 -0.00319315  -0.00132223 -0.000613446   -0.0057564 -0.000297754 -6.54023e-06    0.0001481  0.000321024 -0.000763209 -0.000470358 1 0 0 20668
             129.587  0.179608   30.3641 0.0289871 -0.00117782 0.000310691 -0.00319315  -0.00132223 -0.000613446   -0.0057564 -0.000297754 -6.54023e-06    0.0001481  0.000321024 -0.000763209 -0.000470358 1 0 0 0
             129.787  0.179608   30.3641 0.0289871  -0.0011774 0.000311607 -0.00319296  -0.00131624 -0.000602115  -0.00575398 -0.000297753 -6.54086e-06  0.000148099   0.00032099  -0.00076332 -0.000470404 1 0 0 15658
             129.787  0.179608   30.3641 0.0289871  -0.0011774 0.000311607 -0.00319296  -0.00131624 -0.000602115  -0.00575398 -0.000297753 -6.54086e-06  0.000148099   0.00032099  -0.00076332 -0.000470404 1 0 0 0
             129.987  0.179608   30.3641 0.0289871 -0.00117838  0.00031157 -0.00319367  -0.00132944 -0.000602985  -0.00576324 -0.000297752 -6.54193e-06    0.0001481  0.000321051 -0.000763314 -0.000470266 1 0 0 20627
             129.987  0.179608   30.3641 0.0289871 -0.00117838  0.00031157 -0.00319367  -0.00132944 -0.000602985  -0.00576324 -0.000297752 -6.54193e-06    0.0001481  0.000321051 -0.000763314 -0.000470266 1 0 0 0
             130.187  0.179608   30.3641 0.0289871  -0.0011786 0.000311244 -0.00319347  -0.00133248 -0.000607077  -0.00576061 -0.000297752 -6.54508e-06    0.0001481  0.000321088 -0.000763274 -0.000470275 1 0 0 15706
             130.187  0.179608   30.3641 0.0289871  -0.0011786 0.000311244 -0.00319347  -0.00133248 -0.000607077  -0.00576061 -0.000297752 -6.54508e-06    0.0001481  0.000321088 -0.000763274 -0.000470275 1 0 0 0
             130.387  0.179608   30.3641 0.0289871 -0.00117928 0.000311702 -0.00319392  -0.00134138 -0.000601791  -0.00576646 -0.000297753 -6.54385e-06  0.000148101  0.000321132 -0.000763328 -0.000470184 1 0 0 20439
             130.387  0.179608   30.3641 0.0289871 -0.00117928 0.000311702 -0.00319392  -0.00134138 -0.000601791  -0.00576646 -0.000297753 -6.54385e-06  0.000148101  0.000321132 -0.000763328 -0.000470184 1 0 0 0
             130.988  0.179608   30.3641 0.0289871 -0.00118083  0.00031226 -0.00319621  -0.00136208 -0.000595589  -0.00579581 -0.00029775 -6.5417e-06 0.000148105  0.000321156 -0.000763393 -0.000469844 1 0 0 51728
             130.988  0.179608   30.3641 0.0289871 -0.00118083  0.00031226 -0.00319621  -0.00136208 -0.000595589  -0.00579581 -0.00029775 -6.5417e-06 0.000148105  0.000321156 -0.000763393 -0.000469844 1 0 0 0
             131.054  0.179608   30.3641 0.0289871 -0.00118136 0.000312963 -0.00319641  -0.00136884 -0.000587282  -0.00579852 -0.000297749 -6.53971e-06  0.000148103  0.000321199 -0.000763477 -0.000469789 1 0 0 11991
             131.054  0.179608   30.3641 0.0289871 -0.00118136 0.000312963 -0.00319641  -0.00136884 -0.000587282  -0.00579852 -0.000297749 -6.53971e-06  0.000148103  0.000321199 -0.000763477 -0.000469789 1 0 0 0
             131.254  0.179608   30.3641 0.0289871 -0.00118022 0.000313221 -0.00319569  -0.00135334 -0.000583648  -0.00578922 -0.000297749 -6.53727e-06  0.000148103  0.000321121  -0.00076351 -0.000469938 1 0 0 8423
             131.254  0.179608   30.3641 0.0289871 -0.00118022 0.000313221 -0.00319569  -0.00135334 -0.000583648  -0.00578922 -0.000297749 -6.53727e-06  0.000148103  0.000321121  -0.00076351 -0.000469938 1 0 0 0
             131.321  0.179608   30.3641 0.0289871 -0.00118054 0.000312803 -0.00319572  -0.00135779 -0.000588878  -0.00578953 -0.000297747 -6.53521e-06  0.000148105  0.000321154 -0.000763459 -0.000469915 1 0 0 3978
             131.321  0.179608   30.3641 0.0289871 -0.00118054 0.000312803 -0.00319572  -0.00135779 -0.000588878  -0.00578953 -0.000297747 -6.53521e-06  0.000148105  0.000321154 -0.000763459 -0.000469915 1 0 0 0
             131.588  0.179608   30.3641 0.0289871 -0.00118055 0.000312939 -0.00319652  -0.00135806 -0.000587181  -0.00579981 -0.000297747 -6.53829e-06  0.000148103  0.000321106 -0.000763475 -0.000469829 1 0 0 32296
             131.588  0.179608   30.3641 0.0289871 -0.00118055 0.000312939 -0.00319652  -0.00135806 -0.000587181  -0.00579981 -0.000297747 -6.53829e-06  0.000148103  0.000321106 -0.000763475 -0.000469829 1 0 0 0
             131.721  0.179608   30.3641 0.0289871 -0.00118054 0.000312987 -0.00319701  -0.00135795 -0.000586563  -0.00580594 -0.000297745 -6.53251e-06  0.000148105  0.000321075 -0.000763481 -0.000469778 1 0 0 21987
             131.721  0.179608   30.3641 0.0289871 -0.00118054 0.000312987 -0.00319701  -0.00135795 -0.000586563  -0.00580594 -0.000297745 -6.53251e-06  0.000148105  0.000321075 -0.000763481 -0.000469778 1 0 0 0
             131.922  0.179608   30.3641 0.0289871 -0.00118101 0.000313487  -0.0031977 -0.00136398 -0.00058065 -0.00581477 -0.000297745 -6.53465e-06  0.000148104  0.000321082 -0.000763541 -0.000469677 1 0 0 14139
             131.922  0.179608   30.3641 0.0289871 -0.00118101 0.000313487  -0.0031977 -0.00136398 -0.00058065 -0.00581477 -0.000297745 -6.53465e-06  0.000148104  0.000321082 -0.000763541 -0.000469677 1 0 0 0
             132.122  0.179608   30.3641 0.0289871 -0.00118073 0.000314285 -0.00319764  -0.00135997 -0.000570825  -0.00581412 -0.000297742 -6.53083e-06  0.000148103  0.000321055 -0.000763637 -0.000469699 1 0 0 21965
             132.122  0.179608   30.3641 0.0289871 -0.00118073 0.000314285 -0.00319764  -0.00135997 -0.000570825  -0.00581412 -0.000297742 -6.53083e-06  0.000148103  0.000321055 -0.000763637 -0.000469699 1 0 0 0
             132.389  0.179608   30.3641 0.0289871 -0.00118096 0.000313835 -0.00319831  -0.00136325 -0.000576358  -0.00582256 -0.000297741 -6.53338e-06  0.000148103  0.000321039 -0.000763583 -0.000469615 1 0 0 14217
             132.389  0.179608   30.3641 0.0289871 -0.00118096 0.000313835 -0.00319831  -0.00136325 -0.000576358  -0.00582256 -0.000297741 -6.53338e-06  0.000148103  0.000321039 -0.000763583 -0.000469615 1 0 0 0
             132.455  0.179608   30.3641 0.0289871 -0.00118117 0.000314008 -0.00319783  -0.00136592 -0.000574382  -0.00581653  -0.00029774 -6.53169e-06  0.000148102   0.00032109 -0.000763603 -0.000469652 1 0 0 9877
             132.455  0.179608   30.3641 0.0289871 -0.00118117 0.000314008 -0.00319783  -0.00136592 -0.000574382  -0.00581653  -0.00029774 -6.53169e-06  0.000148102   0.00032109 -0.000763603 -0.000469652 1 0 0 0
             132.789  0.179608   30.3641 0.0289871 -0.00118096 0.000313237 -0.00319784  -0.00136353 -0.000583664  -0.00581659  -0.00029774 -6.53525e-06  0.000148103  0.000321068  -0.00076351 -0.000469664 1 0 0 26405
             132.789  0.179608   30.3641 0.0289871 -0.00118096 0.000313237 -0.00319784  -0.00136353 -0.000583664  -0.00581659  -0.00029774 -6.53525e-06  0.000148103  0.000321068  -0.00076351 -0.000469664 1 0 0 0
             132.856  0.179608   30.3641 0.0289871 -0.00118121 0.000313252 -0.00319837  -0.00136689 -0.000583568  -0.00582335  -0.00029774 -6.53587e-06  0.000148103  0.000321062 -0.000763512 -0.000469592 1 0 0 9781
             132.856  0.179608   30.3641 0.0289871 -0.00118121 0.000313252 -0.00319837  -0.00136689 -0.000583568  -0.00582335  -0.00029774 -6.53587e-06  0.000148103  0.000321062 -0.000763512 -0.000469592 1 0 0 0
             133.189  0.179608   30.3641 0.0289871 -0.00118099 0.000313498 -0.00319807 -0.00136382 -0.00058049 -0.00581948 -0.000297738 -6.53444e-06  0.000148103  0.000321057 -0.000763542 -0.000469638 1 0 0 26225
             133.189  0.179608   30.3641 0.0289871 -0.00118099 0.000313498 -0.00319807 -0.00136382 -0.00058049 -0.00581948 -0.000297738 -6.53444e-06  0.000148103  0.000321057 -0.000763542 -0.000469638 1 0 0 0
             133.389  0.179608   30.3641 0.0289871 -0.00118129 0.000313878 -0.00319853  -0.00136775 -0.000575981  -0.00582543 -0.000297737 -6.53342e-06  0.000148102  0.000321061 -0.000763587  -0.00046957 1 0 0 16099
             133.389  0.179608   30.3641 0.0289871 -0.00118129 0.000313878 -0.00319853  -0.00136775 -0.000575981  -0.00582543 -0.000297737 -6.53342e-06  0.000148102  0.000321061 -0.000763587  -0.00046957 1 0 0 0
             133.656  0.179608   30.3641 0.0289871 -0.00118133 0.000314481 -0.00319836  -0.00136792 -0.000568675  -0.00582336 -0.000297737  -6.5311e-06  0.000148102  0.000321074  -0.00076366 -0.000469586 1 0 0 19994
             133.656  0.179608   30.3641 0.0289871 -0.00118133 0.000314481 -0.00319836  -0.00136792 -0.000568675  -0.00582336 -0.000297737  -6.5311e-06  0.000148102  0.000321074  -0.00076366 -0.000469586 1 0 0 0
              133.99  0.179608   30.3641 0.0289871 -0.00118173  0.00031493 -0.00319847  -0.00137306 -0.000563397  -0.00582472 -0.000297734 -6.53188e-06  0.000148103   0.00032111 -0.000763714  -0.00046955 1 0 0 36074
              133.99  0.179608   30.3641 0.0289871 -0.00118173  0.00031493 -0.00319847  -0.00137306 -0.000563397  -0.00582472 -0.000297734 -6.53188e-06  0.000148103   0.00032111 -0.000763714  -0.00046955 1 0 0 0
             134.323  0.179608   30.3641 0.0289871 -0.00118024 0.000316253  -0.0031983  -0.00135252 -0.000546602  -0.00582249 -0.000297727 -6.53996e-06  0.000148102  0.000320959 -0.000763876 -0.000469662 1 0 0 36143
             134.323  0.179608   30.3641 0.0289871 -0.00118024 0.000316253  -0.0031983  -0.00135252 -0.000546602  -0.00582249 -0.000297727 -6.53996e-06  0.000148102  0.000320959 -0.000763876 -0.000469662 1 0 0 0
              134.79  0.179608   30.3641 0.0289871 -0.00117692 0.000318509 -0.00319818  -0.00130728 -0.000517604  -0.00582056  -0.00029772 -6.54711e-06  0.000148104   0.00032061 -0.000764153 -0.000469885 1 0 0 36287
              134.79  0.179608   30.3641 0.0289871 -0.00117692 0.000318509 -0.00319818  -0.00130728 -0.000517604  -0.00582056  -0.00029772 -6.54711e-06  0.000148104   0.00032061 -0.000764153 -0.000469885 1 0 0 0
             134.857  0.179608   30.3641 0.0289871 -0.00117775 0.000318088 -0.00319776  -0.00131849 -0.000523155  -0.00581539 -0.000297718   -6.548e-06  0.000148106  0.000320724 -0.000764101 -0.000469876 1 0 0 10467
             134.857  0.179608   30.3641 0.0289871 -0.00117775 0.000318088 -0.00319776  -0.00131849 -0.000523155  -0.00581539 -0.000297718   -6.548e-06  0.000148106  0.000320724 -0.000764101 -0.000469876 1 0 0 0
             134.991  0.179608   30.3641 0.0289871 -0.00117815 0.000317426 -0.00319873  -0.00132426 -0.000531327  -0.00582768 -0.000297718 -6.55193e-06  0.000148104  0.000320709 -0.000764021 -0.000469749 1 0 0 23955
             134.991  0.179608   30.3641 0.0289871 -0.00117815 0.000317426 -0.00319873  -0.00132426 -0.000531327  -0.00582768 -0.000297718 -6.55193e-06  0.000148104  0.000320709 -0.000764021 -0.000469749 1 0 0 0
             135.124  0.179608   30.3641 0.0289871  -0.0011778 0.000317812 -0.00319844  -0.00131925 -0.000526483  -0.00582398 -0.000297718 -6.55124e-06  0.000148104  0.000320688 -0.000764068 -0.000469802 1 0 0 1748
             135.124  0.179608   30.3641 0.0289871  -0.0011778 0.000317812 -0.00319844  -0.00131925 -0.000526483  -0.00582398 -0.000297718 -6.55124e-06  0.000148104  0.000320688 -0.000764068 -0.000469802 1 0 0 0
             135.524  0.179608   30.3641 0.0289871 -0.00117764 0.000316966 -0.00319879 -0.00131762 -0.00053667 -0.00582835 -0.000297717  -6.5534e-06  0.000148105  0.000320651 -0.000763966 -0.000469775 1 0 0 36555
             135.524  0.179608   30.3641 0.0289871 -0.00117764 0.000316966 -0.00319879 -0.00131762 -0.00053667 -0.00582835 -0.000297717  -6.5534e-06  0.000148105  0.000320651 -0.000763966 -0.000469775 1 0 0 0
             135.658  0.179608   30.3641 0.0289871 -0.00117721 0.000317067 -0.00319861  -0.00131186 -0.000535254  -0.00582604 -0.000297717 -6.55255e-06  0.000148107  0.000320616 -0.000763979  -0.00046982 1 0 0 10674
             135.658  0.179608   30.3641 0.0289871 -0.00117721 0.000317067 -0.00319861  -0.00131186 -0.000535254  -0.00582604 -0.000297717 -6.55255e-06  0.000148107  0.000320616 -0.000763979  -0.00046982 1 0 0 0
             135.791  0.179608   30.3641 0.0289871 -0.00117762 0.000316951 -0.00319907  -0.00131738 -0.000536826  -0.00583192 -0.000297717 -6.55527e-06  0.000148107  0.000320631 -0.000763964 -0.000469746 1 0 0 7517
             135.791  0.179608   30.3641 0.0289871 -0.00117762 0.000316951 -0.00319907  -0.00131738 -0.000536826  -0.00583192 -0.000297717 -6.55527e-06  0.000148107  0.000320631 -0.000763964 -0.000469746 1 0 0 0
             135.858  0.179608   30.3641 0.0289871 -0.00117755 0.000317657 -0.00319875 -0.00131612 -0.00052823 -0.00582792 -0.000297716 -6.55347e-06  0.000148106  0.000320643 -0.000764049 -0.000469784 1 0 0 10538
             135.858  0.179608   30.3641 0.0289871 -0.00117755 0.000317657 -0.00319875 -0.00131612 -0.00052823 -0.00582792 -0.000297716 -6.55347e-06  0.000148106  0.000320643 -0.000764049 -0.000469784 1 0 0 0
             136.125  0.179608   30.3641 0.0289871 -0.00117762 0.000317904 -0.00319977  -0.00131706 -0.000525191  -0.00584083 -0.000297715 -6.55152e-06  0.000148107  0.000320587 -0.000764079 -0.000469673 1 0 0 12115
             136.125  0.179608   30.3641 0.0289871 -0.00117762 0.000317904 -0.00319977  -0.00131706 -0.000525191  -0.00584083 -0.000297715 -6.55152e-06  0.000148107  0.000320587 -0.000764079 -0.000469673 1 0 0 0
             136.325  0.179608   30.3641 0.0289871 -0.00117736  0.00031843 -0.00319994  -0.00131339 -0.000518662  -0.00584296 -0.000297712 -6.55053e-06  0.000148106  0.000320549 -0.000764143 -0.000469671 1 0 0 31457
             136.325  0.179608   30.3641 0.0289871 -0.00117736  0.00031843 -0.00319994  -0.00131339 -0.000518662  -0.00584296 -0.000297712 -6.55053e-06  0.000148106  0.000320549 -0.000764143 -0.000469671 1 0 0 0
             136.525  0.179608   30.3641 0.0289871 -0.00117763 0.000318721 -0.00320039  -0.00131689 -0.000515218  -0.00584874 -0.000297713 -6.55012e-06  0.000148106  0.000320549 -0.000764177 -0.000469607 1 0 0 4789
             136.525  0.179608   30.3641 0.0289871 -0.00117763 0.000318721 -0.00320039  -0.00131689 -0.000515218  -0.00584874 -0.000297713 -6.55012e-06  0.000148106  0.000320549 -0.000764177 -0.000469607 1 0 0 0
             136.658  0.179608   30.3641 0.0289871   -0.001178 0.000319269 -0.00319998  -0.00132149 -0.000508754  -0.00584361 -0.000297709 -6.55005e-06  0.000148104  0.000320613 -0.000764243 -0.000469627 1 0 0 24108
             136.658  0.179608   30.3641 0.0289871   -0.001178 0.000319269 -0.00319998  -0.00132149 -0.000508754  -0.00584361 -0.000297709 -6.55005e-06  0.000148104  0.000320613 -0.000764243 -0.000469627 1 0 0 0
             136.792  0.179608   30.3641 0.0289871 -0.00117824 0.000318848 -0.00320018   -0.0013249 -0.000513973  -0.00584619 -0.00029771 -6.5509e-06 0.000148104  0.000320627 -0.000764192  -0.00046959 1 0 0 6388
             136.792  0.179608   30.3641 0.0289871 -0.00117824 0.000318848 -0.00320018   -0.0013249 -0.000513973  -0.00584619 -0.00029771 -6.5509e-06 0.000148104  0.000320627 -0.000764192  -0.00046959 1 0 0 0
             137.459  0.179608   30.3641 0.0289871 -0.00116844 0.000326877 -0.00320189  -0.0011907 -0.00041158 -0.00586694   -0.0002977 -6.56089e-06  0.000148109  0.000319464 -0.000765176 -0.000470031 1 0 0 47216
             137.459  0.179608   30.3641 0.0289871 -0.00116844 0.000326877 -0.00320189  -0.0011907 -0.00041158 -0.00586694   -0.0002977 -6.56089e-06  0.000148109  0.000319464 -0.000765176 -0.000470031 1 0 0 0
             137.526  0.179608   30.3641 0.0289871 -0.00116816 0.000327377  -0.0032022  -0.00118676 -0.000405344  -0.00587091 -0.000297701 -6.55818e-06  0.000148109  0.000319414 -0.000765237 -0.000470016 1 0 0 11933
             137.526  0.179608   30.3641 0.0289871 -0.00116816 0.000327377  -0.0032022  -0.00118676 -0.000405344  -0.00587091 -0.000297701 -6.55818e-06  0.000148109  0.000319414 -0.000765237 -0.000470016 1 0 0 0
             137.926  0.179608   30.3641 0.0289871 -0.00116904 0.000327408 -0.00320283  -0.00119863 -0.000405342  -0.00587893 -0.000297699 -6.56012e-06   0.00014811   0.00031947 -0.000765239 -0.000469894 1 0 0 36280
             137.926  0.179608   30.3641 0.0289871 -0.00116904 0.000327408 -0.00320283  -0.00119863 -0.000405342  -0.00587893 -0.000297699 -6.56012e-06   0.00014811   0.00031947 -0.000765239 -0.000469894 1 0 0 0
             137.993  0.179608   30.3641 0.0289871 -0.00116891 0.000327326 -0.00320229 -0.00119682 -0.00040632 -0.00587214   -0.0002977 -6.55807e-06  0.000148112  0.000319489  -0.00076523 -0.000469959 1 0 0 13248
             137.993  0.179608   30.3641 0.0289871 -0.00116891 0.000327326 -0.00320229 -0.00119682 -0.00040632 -0.00587214   -0.0002977 -6.55807e-06  0.000148112  0.000319489  -0.00076523 -0.000469959 1 0 0 0
             138.593  0.179608   30.3641 0.0289871 -0.00116656 0.000329327 -0.00320313  -0.00116463 -0.000380817  -0.00588255 -0.000297693 -6.56668e-06  0.000148114  0.000319184 -0.000765475  -0.00047002 1 0 0 36255
             138.593  0.179608   30.3641 0.0289871 -0.00116656 0.000329327 -0.00320313  -0.00116463 -0.000380817  -0.00588255 -0.000297693 -6.56668e-06  0.000148114  0.000319184 -0.000765475  -0.00047002 1 0 0 0
             138.727  0.179608   30.3641 0.0289871 -0.00116684 0.000329291 -0.00320399 -0.00116858 -0.00038133 -0.00589349 -0.000297693 -6.56736e-06  0.000148114  0.000319162  -0.00076547 -0.000469911 1 0 0 22798
             138.727  0.179608   30.3641 0.0289871 -0.00116684 0.000329291 -0.00320399 -0.00116858 -0.00038133 -0.00589349 -0.000297693 -6.56736e-06  0.000148114  0.000319162  -0.00076547 -0.000469911 1 0 0 0
             138.993  0.179608   30.3641 0.0289871 -0.00116668 0.000329162 -0.00320378   -0.0011664 -0.000382838  -0.00589081 -0.000297692  -6.5664e-06  0.000148115  0.000319157 -0.000765454 -0.000469943 1 0 0 13433
             138.993  0.179608   30.3641 0.0289871 -0.00116668 0.000329162 -0.00320378   -0.0011664 -0.000382838  -0.00589081 -0.000297692  -6.5664e-06  0.000148115  0.000319157 -0.000765454 -0.000469943 1 0 0 0
             139.127  0.179608   30.3641 0.0289871 -0.00116656 0.000329259 -0.00320411  -0.00116477 -0.000381572  -0.00589503 -0.000297693 -6.56856e-06  0.000148113  0.000319123 -0.000765466 -0.000469916 1 0 0 22685
             139.127  0.179608   30.3641 0.0289871 -0.00116656 0.000329259 -0.00320411  -0.00116477 -0.000381572  -0.00589503 -0.000297693 -6.56856e-06  0.000148113  0.000319123 -0.000765466 -0.000469916 1 0 0 0
             139.394  0.179608   30.3641 0.0289871 -0.00116686 0.000329111  -0.0032039  -0.00116888 -0.000383527   -0.0058924 -0.000297692 -6.56958e-06  0.000148115  0.000319169 -0.000765448 -0.000469919 1 0 0 13691
             139.394  0.179608   30.3641 0.0289871 -0.00116686 0.000329111  -0.0032039  -0.00116888 -0.000383527   -0.0058924 -0.000297692 -6.56958e-06  0.000148115  0.000319169 -0.000765448 -0.000469919 1 0 0 0
             139.527  0.179608   30.3641 0.0289871 -0.00116694 0.000329071 -0.00320441  -0.00117006 -0.000384025  -0.00589879 -0.000297692 -6.57239e-06  0.000148113  0.000319147 -0.000765443 -0.000469861 1 0 0 22871
             139.527  0.179608   30.3641 0.0289871 -0.00116694 0.000329071 -0.00320441  -0.00117006 -0.000384025  -0.00589879 -0.000297692 -6.57239e-06  0.000148113  0.000319147 -0.000765443 -0.000469861 1 0 0 0
             139.794  0.179608   30.3641 0.0289871 -0.00116699 0.000328851 -0.00320375  -0.00117071 -0.000386761  -0.00589051 -0.000297692 -6.57246e-06  0.000148115  0.000319192 -0.000765417 -0.000469926 1 0 0 13467
             139.794  0.179608   30.3641 0.0289871 -0.00116699 0.000328851 -0.00320375  -0.00117071 -0.000386761  -0.00589051 -0.000297692 -6.57246e-06  0.000148115  0.000319192 -0.000765417 -0.000469926 1 0 0 0
             139.927  0.179608   30.3641 0.0289871 -0.00116707 0.000328655 -0.00320389  -0.00117192 -0.000389185  -0.00589229 -0.000297693 -6.57392e-06  0.000148116  0.000319193 -0.000765393 -0.000469906 1 0 0 22853
             139.927  0.179608   30.3641 0.0289871 -0.00116707 0.000328655 -0.00320389  -0.00117192 -0.000389185  -0.00589229 -0.000297693 -6.57392e-06  0.000148116  0.000319193 -0.000765393 -0.000469906 1 0 0 0
             140.194  0.179608   30.3641 0.0289871 -0.00116696  0.00032924 -0.00320384  -0.00117013 -0.000382013  -0.00589164 -0.000297694 -6.57364e-06  0.000148115  0.000319183 -0.000765464 -0.000469919 1 0 0 13340
             140.194  0.179608   30.3641 0.0289871 -0.00116696  0.00032924 -0.00320384  -0.00117013 -0.000382013  -0.00589164 -0.000297694 -6.57364e-06  0.000148115  0.000319183 -0.000765464 -0.000469919 1 0 0 0
             140.461  0.179608   30.3641 0.0289871 -0.00116737 0.000329951 -0.00320383 -0.00117529 -0.00037356 -0.00589157 -0.000297695 -6.57455e-06  0.000148117  0.000319227 -0.000765549 -0.000469895 1 0 0 36113
             140.461  0.179608   30.3641 0.0289871 -0.00116737 0.000329951 -0.00320383 -0.00117529 -0.00037356 -0.00589157 -0.000297695 -6.57455e-06  0.000148117  0.000319227 -0.000765549 -0.000469895 1 0 0 0
             140.795  0.179608   30.3641 0.0289871 -0.00116783 0.000330795 -0.00320408  -0.00118106 -0.000363502  -0.00589483 -0.000297695 -6.57097e-06  0.000148115  0.00031926 -0.00076565 -0.00046984 1 0 0 35097
             140.795  0.179608   30.3641 0.0289871 -0.00116783 0.000330795 -0.00320408  -0.00118106 -0.000363502  -0.00589483 -0.000297695 -6.57097e-06  0.000148115  0.00031926 -0.00076565 -0.00046984 1 0 0 0
             140.861  0.179608   30.3641 0.0289871 -0.00116789  0.00033077 -0.00320426  -0.00118185 -0.000363813   -0.0058972 -0.000297695 -6.57159e-06  0.000148115  0.000319255 -0.000765647 -0.000469816 1 0 0 881
             140.861  0.179608   30.3641 0.0289871 -0.00116789  0.00033077 -0.00320426  -0.00118185 -0.000363813   -0.0058972 -0.000297695 -6.57159e-06  0.000148115  0.000319255 -0.000765647 -0.000469816 1 0 0 0
             141.195  0.179608   30.3641 0.0289871 -0.00116887 0.000331386 -0.00320504  -0.00119477 -0.000356735  -0.00590729 -0.000297689 -6.57163e-06  0.000148117  0.000319311  -0.00076572 -0.000469672 1 0 0 35227
             141.195  0.179608   30.3641 0.0289871 -0.00116887 0.000331386 -0.00320504  -0.00119477 -0.000356735  -0.00590729 -0.000297689 -6.57163e-06  0.000148117  0.000319311  -0.00076572 -0.000469672 1 0 0 0
             141.262  0.179608   30.3641 0.0289871 -0.00116857 0.000331484 -0.00320494  -0.00119062 -0.000355407  -0.00590597  -0.00029769 -6.57103e-06  0.000148117  0.000319284 -0.000765732 -0.000469702 1 0 0 923
             141.262  0.179608   30.3641 0.0289871 -0.00116857 0.000331484 -0.00320494  -0.00119062 -0.000355407  -0.00590597  -0.00029769 -6.57103e-06  0.000148117  0.000319284 -0.000765732 -0.000469702 1 0 0 0
             141.595  0.179608   30.3641 0.0289871 -0.00116946 0.000330799 -0.00320585 -0.00120301  -0.0003641 -0.00591757 -0.000297689 -6.57575e-06  0.000148118  0.000319325 -0.000765648 -0.000469549 1 0 0 17369
             141.595  0.179608   30.3641 0.0289871 -0.00116946 0.000330799 -0.00320585 -0.00120301  -0.0003641 -0.00591757 -0.000297689 -6.57575e-06  0.000148118  0.000319325 -0.000765648 -0.000469549 1 0 0 0
             141.729  0.179608   30.3641 0.0289871 -0.00116961 0.000330981 -0.00320592  -0.00120485 -0.000361962  -0.00591848 -0.000297691 -6.57658e-06  0.000148118  0.000319336 -0.000765669 -0.000469533 1 0 0 18882
             141.729  0.179608   30.3641 0.0289871 -0.00116961 0.000330981 -0.00320592  -0.00120485 -0.000361962  -0.00591848 -0.000297691 -6.57658e-06  0.000148118  0.000319336 -0.000765669 -0.000469533 1 0 0 0
             142.062  0.179608   30.3641 0.0289871 -0.00116984 0.000330894 -0.00320566  -0.00120792 -0.000363137  -0.00591522 -0.000297692 -6.57497e-06  0.000148118  0.000319377 -0.000765659 -0.000469546 1 0 0 29261
             142.062  0.179608   30.3641 0.0289871 -0.00116984 0.000330894 -0.00320566  -0.00120792 -0.000363137  -0.00591522 -0.000297692 -6.57497e-06  0.000148118  0.000319377 -0.000765659 -0.000469546 1 0 0 0
             142.129  0.179608   30.3641 0.0289871 -0.00116991 0.000331105 -0.00320555  -0.00120884 -0.000360612  -0.00591378 -0.000297691 -6.57462e-06   0.00014812  0.000319392 -0.000765684 -0.000469553 1 0 0 6826
             142.129  0.179608   30.3641 0.0289871 -0.00116991 0.000331105 -0.00320555  -0.00120884 -0.000360612  -0.00591378 -0.000297691 -6.57462e-06   0.00014812  0.000319392 -0.000765684 -0.000469553 1 0 0 0
